year,doy,totalRain,Tmax,Tmin,Tmean,Rad,Wind,RH,vpd,station,vineyard,region
2021,1,0,25.4,10,17.629166666666666,30.15684,2.1958333333333333,72.85416666666667,0.6788213510657046,Blenheim,NA,Marlborough
2021,2,0,23.5,16.2,19.254166666666666,19.84752,2.1041666666666665,74.6875,0.6018024952809112,Blenheim,NA,Marlborough
2021,3,0,22.9,13.2,18.558333333333334,32.55876,3.4458333333333333,55.92916666666667,0.9902101862907641,Blenheim,NA,Marlborough
2021,4,0,24.4,13,18.891666666666666,31.90068,2.4458333333333333,63.85,0.8692870005391715,Blenheim,NA,Marlborough
2021,5,0,26.6,11.6,19.616666666666667,30.13956,2.370833333333333,66.92083333333333,0.9195762862730311,Blenheim,NA,Marlborough
2021,6,0,21.1,15.6,19.05,28.1682,3.1791666666666667,75.27916666666667,0.5711516688000067,Blenheim,NA,Marlborough
2021,7,0.6,24.8,16,19.770833333333332,20.29824,3.075,72.02916666666667,0.7266144115863892,Blenheim,NA,Marlborough
2021,8,0.8,21.3,13.7,17.108333333333334,18.42984,1.6791666666666667,80.85833333333333,0.4108459510067549,Blenheim,NA,Marlborough
2021,9,0,18.2,13.4,15.345833333333333,17.316,2.1875,78.56666666666666,0.3936475445628702,Blenheim,NA,Marlborough
2021,10,0,26.8,14.3,19.945833333333333,29.6082,2.1708333333333334,63.72083333333333,0.9958216518612544,Blenheim,NA,Marlborough
2021,11,0,19.4,11.7,17.025,22.64328,3.3583333333333334,63.5375,0.7279835149956911,Blenheim,NA,Marlborough
2021,12,0,23.7,11.1,18.1,32.55624,1.9416666666666667,69.44583333333334,0.721721786431142,Blenheim,NA,Marlborough
2021,13,0,29.1,12.3,21.270833333333332,33.26184,2.25,56.70833333333333,1.372776196016704,Blenheim,NA,Marlborough
2021,14,0,25.3,11.2,18.8875,33.21072,2.425,67.76666666666667,0.8243305809747451,Blenheim,NA,Marlborough
2021,15,0,21.4,11.5,17.133333333333333,31.18248,2.6708333333333334,81.1625,0.4226590718127311,Blenheim,NA,Marlborough
2021,16,0,27.8,12.3,20.191666666666666,32.66028,2.2333333333333334,70.9625,0.8661020450850656,Blenheim,NA,Marlborough
2021,17,2.8,24.8,16.8,19.945833333333333,17.72604,3.225,64.16666666666667,0.8620913621616758,Blenheim,NA,Marlborough
2021,18,0,22.9,14.8,18.845833333333335,28.27728,5.025,44.541666666666664,1.2520031645848106,Blenheim,NA,Marlborough
2021,19,3.1999999999999997,23.5,13.5,18.375,23.06952,4.9375,59.82083333333333,0.9032902913260545,Blenheim,NA,Marlborough
2021,20,0,18.4,10.6,14.529166666666667,32.50008,5.395833333333333,49.75833333333333,0.8617022323376575,Blenheim,NA,Marlborough
2021,21,0,21.9,12.2,16.2125,25.28532,4.8375,52.541666666666664,0.9307887347390869,Blenheim,NA,Marlborough
2021,22,0,22.6,7.5,15.5,30.68208,2.6083333333333334,70.40833333333333,0.6437118932704926,Blenheim,NA,Marlborough
2021,23,0,20.1,12.1,17.304166666666667,6.5358,4.391666666666667,60.4375,0.8215259168254931,Blenheim,NA,Marlborough
2021,24,0,29,16.4,21.433333333333334,22.01076,4.104166666666667,43.62916666666667,1.5714002664806745,Blenheim,NA,Marlborough
2021,25,0,31.2,11.8,22.09583333333333,30.66696,3.65,46.74166666666667,1.6412357291673274,Blenheim,NA,Marlborough
2021,26,0,27.4,13.2,20.1,30.98448,1.8708333333333333,71.09583333333333,0.8261931029725278,Blenheim,NA,Marlborough
2021,27,0,36.3,12.9,23.725,31.35888,2.1708333333333334,58.00416666666666,1.8204870614125273,Blenheim,NA,Marlborough
2021,28,0,28.9,13,20.070833333333333,24.05772,3.6416666666666666,52.704166666666666,1.2328289548114786,Blenheim,NA,Marlborough
2021,29,0.4,19,10.5,14.275,24.092280000000002,1.9875,62.083333333333336,0.6715251119236407,Blenheim,NA,Marlborough
2021,30,0,18.8,6.4,13.3,25.2414,2.345833333333333,69.45416666666667,0.5408563736438121,Blenheim,NA,Marlborough
2021,31,0,21.8,6.7,15.258333333333333,31.2012,2.225,69.575,0.637464525841525,Blenheim,NA,Marlborough
2021,32,0,21.9,10.3,16.3875,30.74976,2.9250000000000003,74.4,0.5488350116828038,Blenheim,NA,Marlborough
2021,33,0,21,10.9,16.2375,29.80944,2.6791666666666667,74.96666666666667,0.544665914166528,Blenheim,NA,Marlborough
2021,34,0,21.9,10.9,16.408333333333335,30.02076,2.8,77.2,0.500745297954905,Blenheim,NA,Marlborough
2021,35,0,21.6,11.7,16.083333333333332,27.62172,2.0208333333333335,70.80416666666667,0.6106528810239354,Blenheim,NA,Marlborough
2021,36,0,19.4,6.7,13.516666666666667,29.83284,2.1041666666666665,69.74583333333334,0.5605154469378131,Blenheim,NA,Marlborough
2021,37,0,18.1,8.5,13.475,18.46332,2.220833333333333,77.22083333333333,0.3884362570531973,Blenheim,NA,Marlborough
2021,38,0,25.2,9.9,17.379166666666666,28.97676,2.4125,68.34166666666667,0.7748696989484741,Blenheim,NA,Marlborough
2021,39,0,26,11.2,19.366666666666667,28.73772,3.779166666666667,59.15416666666667,1.0671908189436463,Blenheim,NA,Marlborough
2021,40,2,23.9,17.9,20.341666666666665,12.53592,3.4,66.68333333333334,0.8173249161268737,Blenheim,NA,Marlborough
2021,41,7.6,24.3,15.4,19.7375,24.36912,2.966666666666667,67.225,0.8126075480899798,Blenheim,NA,Marlborough
2021,42,0,24.9,13.5,18.454166666666666,29.84544,3.9833333333333334,44.88333333333333,1.2770389173834156,Blenheim,NA,Marlborough
2021,43,0,21.3,10,15.066666666666666,26.65584,2.470833333333333,67.5125,0.6203718896497783,Blenheim,NA,Marlborough
2021,44,0,25.5,9.2,16.741666666666667,24.163200000000003,2.05,68.8875,0.7670327405851137,Blenheim,NA,Marlborough
2021,45,0,24.7,13,18.041666666666668,21.32712,1.7291666666666667,66.17083333333333,0.7776033381868934,Blenheim,NA,Marlborough
2021,46,3.4,19.7,11.1,14.941666666666666,10.95624,2.1791666666666667,87.3125,0.24474512161647718,Blenheim,NA,Marlborough
2021,47,2.6,18.5,11.5,15.491666666666667,24.03612,2.6041666666666665,66.29583333333333,0.6123720699046248,Blenheim,NA,Marlborough
2021,48,0,18.7,8,13.095833333333333,21.84696,2.470833333333333,61.199999999999996,0.6240188062422221,Blenheim,NA,Marlborough
2021,49,0,18.5,6.5,12.716666666666667,27.85932,2.4208333333333334,73.7375,0.47192383371889085,Blenheim,NA,Marlborough
2021,50,0,25,8.9,16.3375,27.36324,2.2083333333333335,71.175,0.6717157574673663,Blenheim,NA,Marlborough
2021,51,0,23.7,9.5,17.045833333333334,27.5706,2.0833333333333335,79.80833333333334,0.5047234906015957,Blenheim,NA,Marlborough
2021,52,0,27.8,9,18.708333333333332,22.4856,1.7791666666666668,62.62916666666666,1.0559327778293865,Blenheim,NA,Marlborough
2021,53,0,29.7,10.4,20.166666666666668,26.1648,2.566666666666667,47.75416666666667,1.4954293855013983,Blenheim,NA,Marlborough
2021,54,0,25.4,13.9,20.329166666666666,22.487759999999998,4.054166666666666,56.125,1.112033063127382,Blenheim,NA,Marlborough
2021,55,0,22.7,19.4,20.808333333333334,8.0658,3.1166666666666667,62.079166666666666,0.9372449209522686,Blenheim,NA,Marlborough
2021,56,7.2,21.1,14.7,17.775,5.19048,2.2708333333333335,86.63333333333334,0.30256071201004675,Blenheim,NA,Marlborough
2021,57,0,20.3,14.1,16.46666666666667,21.11976,1.7583333333333333,89.70416666666667,0.21631350759696197,Blenheim,NA,Marlborough
2021,58,0,26.4,14.5,18.6375,24.22368,1.8291666666666666,83.20416666666667,0.4650481044979177,Blenheim,NA,Marlborough
2021,59,0,26.8,12.8,18.8875,19.22328,1.4875,76.01666666666667,0.6784332900483074,Blenheim,NA,Marlborough
2021,60,0,23.3,16,19.1,15.03504,1.7333333333333334,77.45833333333333,0.5457388938255677,Blenheim,NA,Marlborough
2021,61,0,24.5,15.6,19.270833333333332,16.13772,1.55,77.0125,0.5770835950633221,Blenheim,NA,Marlborough
2021,62,0,23.5,16.6,19.995833333333334,16.362,3.725,67.27083333333333,0.799218986245773,Blenheim,NA,Marlborough
2021,63,0,24.8,12.2,18.1375,20.95452,2.825,59.016666666666666,0.9855494195543034,Blenheim,NA,Marlborough
2021,64,0,23.4,12.8,17.379166666666666,24.755399999999995,4.0874999999999995,48.704166666666666,1.0931422463795657,Blenheim,NA,Marlborough
2021,65,0,23.2,13.7,18.091666666666665,15.94404,3.2375,61.03333333333333,0.8648986162622652,Blenheim,NA,Marlborough
2021,66,0,22.7,10.4,16.083333333333332,21.80232,2.7291666666666665,60.27916666666667,0.8321928791281116,Blenheim,NA,Marlborough
2021,67,0,17.5,8.2,13.608333333333333,20.74536,2.658333333333333,72.8875,0.4581056627080542,Blenheim,NA,Marlborough
2021,68,0,23.3,9.4,16.4375,22.807080000000003,1.8375,65.36666666666666,0.7397870618761765,Blenheim,NA,Marlborough
2021,69,1,19,15.8,17.129166666666666,8.793359999999998,2.5500000000000003,75.45,0.4726030485559406,Blenheim,NA,Marlborough
2021,70,0,20.1,11.9,16.2125,17.12844,2.4208333333333334,67.51666666666667,0.6275403948929437,Blenheim,NA,Marlborough
2021,71,0,17.5,7.4,12.708333333333334,11.467799999999999,2.4916666666666667,76.85,0.388159474378983,Blenheim,NA,Marlborough
2021,72,0,18.4,6.1,12.4125,21.6612,2.3333333333333335,75.12083333333334,0.4401022548835878,Blenheim,NA,Marlborough
2021,73,0,25.1,7.2,15.45,23.22468,2.5791666666666666,68.20416666666667,0.7696769552536995,Blenheim,NA,Marlborough
2021,74,0,23.3,9.7,17.541666666666668,18.20844,4.0875,66.33333333333333,0.7832031902334674,Blenheim,NA,Marlborough
2021,75,0,25.4,12.2,18.604166666666668,15.7716,3.4375,65.39166666666667,0.8104147734916328,Blenheim,NA,Marlborough
2021,76,0,20.8,11.2,15.175,21.5388,2.2125,66.69583333333333,0.637820338109446,Blenheim,NA,Marlborough
2021,77,0,16.8,7.6,13.558333333333334,19.7352,2.658333333333333,62.97083333333333,0.6066607318409117,Blenheim,NA,Marlborough
2021,78,0,18,5.2,11.1125,21.39264,2.5708333333333333,73.97083333333333,0.42876993881737413,Blenheim,NA,Marlborough
2021,79,0,16.7,5.8,11.791666666666666,14.54292,2.375,77.35,0.3787487297983,Blenheim,NA,Marlborough
2021,80,0,19.6,10.6,14.2375,16.65972,2.0875,73.00416666666666,0.4831111536528914,Blenheim,NA,Marlborough
2021,81,0,16.6,12.8,14.154166666666667,4.62168,1.1541666666666668,80.92083333333333,0.3188325610844421,Blenheim,NA,Marlborough
2021,82,0,19.3,9.1,13.875,18.66456,1.9208333333333334,81.92083333333333,0.34144018730044057,Blenheim,NA,Marlborough
2021,83,0,17.3,6.8,12.345833333333333,6.33636,1.9375,86.93333333333334,0.22074464708859978,Blenheim,NA,Marlborough
2021,84,0.4,18.6,9.5,14.104166666666666,12.08484,1.4333333333333333,81.39166666666667,0.3315762810888725,Blenheim,NA,Marlborough
2021,85,0,24.8,8.4,16.125,19.73448,3.370833333333333,68.48333333333333,0.7937449079865626,Blenheim,NA,Marlborough
2021,86,0,23.9,11.7,17.975,13.22352,2.725,64.625,0.7922619561600623,Blenheim,NA,Marlborough
2021,87,0,23.6,16.7,19.09583333333333,10.33092,2.0625,74.1375,0.5998368223254247,Blenheim,NA,Marlborough
2021,88,11,25.1,15.4,19.425,17.7066,2.2333333333333334,77.025,0.6123331174237061,Blenheim,NA,Marlborough
2021,89,9.8,17.4,12,14.4375,7.50852,1.7541666666666667,90.875,0.15308243810656838,Blenheim,NA,Marlborough
2021,90,56.8,20.3,13.8,15.483333333333334,5.84424,1.8083333333333333,94.85,0.10669717595001062,Blenheim,NA,Marlborough
2021,91,1,17.4,8,13.308333333333334,13.78944,2.2083333333333335,79.50833333333333,0.337628569155716,Blenheim,NA,Marlborough
2021,92,0.4,16.7,7,11.65,3.88296,1.8375000000000001,80.12916666666666,0.3041945824249653,Blenheim,NA,Marlborough
2021,93,0,19.3,6.4,12.675,17.3034,2.4541666666666666,73.25,0.47736001704331826,Blenheim,NA,Marlborough
2021,94,0,24.5,9,16.28333333333333,18.0936,3.8666666666666667,58.108333333333334,0.9784749625519861,Blenheim,NA,Marlborough
2021,95,0,26.1,15.7,20.395833333333332,14.2614,3.475,57.020833333333336,1.103886769778111,Blenheim,NA,Marlborough
2021,96,0,20.3,9.8,14.758333333333333,16.58016,1.7291666666666667,82.525,0.3518824305959878,Blenheim,NA,Marlborough
2021,97,0,20.4,9.1,13.554166666666667,16.884,2.345833333333333,84.225,0.3118786092892645,Blenheim,NA,Marlborough
2021,98,0,23.8,7.8,14.6875,16.8048,2.0708333333333333,73.62083333333334,0.5800641221580871,Blenheim,NA,Marlborough
2021,99,0,20.2,9.4,14.983333333333334,7.38972,1.7958333333333334,78.10416666666667,0.4172479399304479,Blenheim,NA,Marlborough
2021,100,3.4,19.1,14.2,16.6625,4.83768,2.1958333333333333,88.0625,0.23254032052324392,Blenheim,NA,Marlborough
2021,101,0,23.1,16,18.7375,14.20704,3.1875,68.08333333333333,0.7354274960413058,Blenheim,NA,Marlborough
2021,102,0,24.1,12.2,17.191666666666666,14.06088,2.525,72.8125,0.6254229635249108,Blenheim,NA,Marlborough
2021,103,2.8000000000000003,21.7,10.4,16.55,12.218400000000003,2.3291666666666666,74.09583333333333,0.5151059604068298,Blenheim,NA,Marlborough
2021,104,0,17.5,8.3,11.925,12.35556,1.8416666666666666,80.9375,0.30285462398158064,Blenheim,NA,Marlborough
2021,105,0,17.8,7.2,12.504166666666666,3.50748,2.3333333333333335,79.02083333333333,0.3624915374120159,Blenheim,NA,Marlborough
2021,106,0,22.8,12.1,16.9125,15.3738,4.1125,55.766666666666666,0.9313911180423409,Blenheim,NA,Marlborough
2021,107,0,16.7,8.1,12.6,14.35032,2.0166666666666666,71.6125,0.44606360839807613,Blenheim,NA,Marlborough
2021,108,0,19.4,4.3,11.8375,15.13008,2.475,71.74166666666666,0.5058185657024049,Blenheim,NA,Marlborough
2021,109,0,22.9,10.8,16.4375,14.661,3.4583333333333335,54.32083333333333,0.9147993868055533,Blenheim,NA,Marlborough
2021,110,0,17.8,9,13.533333333333333,5.74596,2.029166666666667,71.68333333333334,0.46587488520135123,Blenheim,NA,Marlborough
2021,111,0,18,10.5,14.008333333333333,8.35848,1.4416666666666667,80.03333333333333,0.3566253774495397,Blenheim,NA,Marlborough
2021,112,0,21.3,8.2,13.8,13.93956,2.254166666666667,73.925,0.5165763209746259,Blenheim,NA,Marlborough
2021,113,0,20,8.9,14.5625,8.60076,2.7083333333333335,71.29166666666667,0.5172422444177339,Blenheim,NA,Marlborough
2021,114,0,22.6,10.5,15.945833333333333,13.56084,2.658333333333333,59.920833333333334,0.8105828362953466,Blenheim,NA,Marlborough
2021,115,0,19.2,5.9,12.708333333333334,12.37392,2.8958333333333335,65.9375,0.6025445174149143,Blenheim,NA,Marlborough
2021,116,0,17.2,7.2,11.891666666666667,13.26456,2.875,62.36666666666667,0.5856398808621389,Blenheim,NA,Marlborough
2021,117,0.4,11.5,7.6,9.370833333333334,5.526,1.5416666666666667,80.4125,0.23691467234670083,Blenheim,NA,Marlborough
2021,118,0,14.9,5,9.1625,11.738159999999999,1.3458333333333334,81.64166666666667,0.25890720366912334,Blenheim,NA,Marlborough
2021,119,0,18.7,3.6,9.583333333333334,12.79764,2.2458333333333336,76.70416666666667,0.37249687253339725,Blenheim,NA,Marlborough
2021,120,0,19.9,5,11.716666666666667,10.27224,1.9791666666666667,77.8,0.3946647348667622,Blenheim,NA,Marlborough
2021,121,0,15.2,4.6,9.833333333333334,10.16352,1.5583333333333333,78.80833333333334,0.2979686175345999,Blenheim,NA,Marlborough
2021,122,0,16.1,3.4,8.520833333333334,12.7098,2.1041666666666665,84.09583333333333,0.23543837180670785,Blenheim,NA,Marlborough
2021,123,0,18.2,4.4,9.454166666666667,12.426479999999998,2.3875,68.48333333333333,0.4703770972945992,Blenheim,NA,Marlborough
2021,124,0,20.3,6.4,13.125,12.035160000000001,3.370833333333333,57.09583333333333,0.7549774379986036,Blenheim,NA,Marlborough
2021,125,0,21.6,8,13.745833333333334,11.584080000000002,2.1416666666666666,72.6,0.5063452642250571,Blenheim,NA,Marlborough
2021,126,0,17.8,7,11.583333333333334,11.3292,2.220833333333333,79.52083333333333,0.34430691231127675,Blenheim,NA,Marlborough
2021,127,0,17,8,10.95,9.54612,1.7916666666666667,79.9125,0.29561118827492056,Blenheim,NA,Marlborough
2021,128,0,19.5,8.7,14.2625,6.1884,2.5041666666666664,77.8875,0.41899345387168385,Blenheim,NA,Marlborough
2021,129,0,21.2,16.2,18.445833333333333,4.8654,2.1875,78.6875,0.4697452325782681,Blenheim,NA,Marlborough
2021,130,0,22.6,12.6,17.829166666666666,8.70012,2.5458333333333334,76.05,0.5672562129825588,Blenheim,NA,Marlborough
2021,131,1.4,20.8,18,19.116666666666667,6.76656,2.5791666666666666,75.62083333333334,0.5420175855943072,Blenheim,NA,Marlborough
2021,132,4.8,17,7.4,10.358333333333334,2.268,2.075,81.2875,0.23441479919517547,Blenheim,NA,Marlborough
2021,133,0,11.9,3.3,7.016666666666667,6.543,1.8375,76.97083333333333,0.2593925785937155,Blenheim,NA,Marlborough
2021,134,0,14.6,2.8,7.629166666666666,10.67616,2.470833333333333,75.30416666666666,0.30708492010458,Blenheim,NA,Marlborough
2021,135,1.8,19.9,6,11.375,10.46556,2.65,77.82083333333334,0.40250428438057584,Blenheim,NA,Marlborough
2021,136,33,14.5,2.3,8.933333333333334,4.62564,2.183333333333333,92.775,0.1024011990534027,Blenheim,NA,Marlborough
2021,137,3.2,11.8,8.5,10.108333333333333,1.89648,2.191666666666667,90.75833333333334,0.1161300734178472,Blenheim,NA,Marlborough
2021,138,0,13.5,9.8,11.441666666666666,10.000439999999998,5.991666666666667,54.733333333333334,0.6184684306962704,Blenheim,NA,Marlborough
2021,139,0,16.7,7.5,12.0375,9.71964,4.454166666666667,66.5125,0.5046824862290693,Blenheim,NA,Marlborough
2021,140,0,17.3,2.9,8.508333333333333,7.94412,1.3916666666666666,89.52083333333333,0.16478416190181408,Blenheim,NA,Marlborough
2021,141,0,19.5,4.2,10.754166666666666,10.0404,2.2125,69.58333333333333,0.5278660173300975,Blenheim,NA,Marlborough
2021,142,0,13.9,2.7,7.708333333333333,4.84308,1.5708333333333333,87.325,0.16554864085505375,Blenheim,NA,Marlborough
2021,143,0,13.6,3.9,8.383333333333333,4.78404,2,83.77083333333333,0.21357788745460377,Blenheim,NA,Marlborough
2021,144,0,13.7,8,11.054166666666667,3.94452,3.1291666666666664,70.69583333333334,0.3981036534372559,Blenheim,NA,Marlborough
2021,145,0,12.6,2.4,8.1625,9.04176,1.9916666666666667,72.85416666666667,0.31848224018618465,Blenheim,NA,Marlborough
2021,146,0,13.6,2.9,6.654166666666667,9.063,2.029166666666667,80.4875,0.22864740242713427,Blenheim,NA,Marlborough
2021,147,0,15.2,0.4,6.1625,9.35748,2.470833333333333,75.73333333333333,0.30191760980488014,Blenheim,NA,Marlborough
2021,148,1.2000000000000002,11.1,4.9,7.858333333333333,2.81412,2.191666666666667,79.65416666666667,0.21456648745241583,Blenheim,NA,Marlborough
2021,149,32.4,12.7,6.2,10.141666666666667,1.54296,1.7166666666666666,94.10833333333333,0.08038082649687167,Blenheim,NA,Marlborough
2021,150,0,13.8,7.1,10.516666666666667,4.480920000000001,1.2791666666666668,90.81666666666666,0.12856740512055595,Blenheim,NA,Marlborough
2021,151,10.2,12.7,5.9,8.870833333333334,2.7820800000000006,1.7916666666666667,92.78333333333333,0.09144334575017775,Blenheim,NA,Marlborough
2021,152,0.2,14.1,2.6,7.979166666666667,8.88444,1.4958333333333333,87.825,0.1680990073574382,Blenheim,NA,Marlborough
2021,153,0,16.2,2.7,7.475,8.47872,1.8541666666666667,84.775,0.2162833892608707,Blenheim,NA,Marlborough
2021,154,0,15.7,3,7.254166666666666,8.75268,1.9458333333333333,82.525,0.23969604351673005,Blenheim,NA,Marlborough
2021,155,0,16.4,1.8,7.279166666666667,8.0982,1.8041666666666667,83.85,0.23452021260007677,Blenheim,NA,Marlborough
2021,156,0,14.3,4.7,10.016666666666667,2.47644,2.091666666666667,82.52916666666667,0.23426711623661678,Blenheim,NA,Marlborough
2021,157,0,15.3,11.2,13.354166666666666,2.43,1.2625,87.10833333333333,0.20425444898167264,Blenheim,NA,Marlborough
2021,158,1.6,12.9,10.6,11.533333333333333,1.78272,0.8291666666666667,95.86666666666666,0.05746403068969435,Blenheim,NA,Marlborough
2021,159,0,16.1,9,12.179166666666667,7.54308,1.4875,85.69166666666666,0.22672362139736071,Blenheim,NA,Marlborough
2021,160,0,17,7,10.1375,8.26992,2.1083333333333334,84.8875,0.22740829443026433,Blenheim,NA,Marlborough
2021,161,0,20.1,6.9,11.7625,7.81092,2.183333333333333,72.11666666666667,0.4549445784988118,Blenheim,NA,Marlborough
2021,162,0,16.9,5.1,9.566666666666666,7.55928,1.5291666666666666,82.33333333333333,0.2619895827221979,Blenheim,NA,Marlborough
2021,163,0,15.6,5.2,10.4,6.77088,1.5625,87.64583333333333,0.18547859617197368,Blenheim,NA,Marlborough
2021,164,0,16.1,9.7,13.295833333333334,3.14352,2.5708333333333333,81.25,0.2923203507672141,Blenheim,NA,Marlborough
2021,165,0.8,16.2,11.1,13.458333333333334,2.64744,1.1833333333333333,91.9125,0.13434884594862787,Blenheim,NA,Marlborough
2021,166,0,18.6,8.1,12.625,7.8714,2.408333333333333,79.5375,0.3473994528364578,Blenheim,NA,Marlborough
2021,167,0,12.7,5.2,9.229166666666666,4.4712,1.5083333333333333,92.44166666666666,0.09593371924661923,Blenheim,NA,Marlborough
2021,168,1.8,12.7,4.1,8.445833333333333,5.0454,1.75,90.45833333333333,0.12448635078362603,Blenheim,NA,Marlborough
2021,169,1.8,12,4,8.0375,6.8634,1.2375,88.38333333333334,0.1394626547538703,Blenheim,NA,Marlborough
2021,170,11.8,8,2.4,5.854166666666667,1.36692,1.6791666666666667,94.4875,0.05281573089989201,Blenheim,NA,Marlborough
2021,171,26,12.9,7.3,9.575,1.32624,3.220833333333333,90.92916666666667,0.11499692975283662,Blenheim,NA,Marlborough
2021,172,24,13,6.8,11.166666666666666,2.4642,4.391666666666667,78.725,0.2855183240476762,Blenheim,NA,Marlborough
2021,173,0,13.5,0.9,5.6625,8.25948,1.5833333333333333,84.95,0.1864388973110069,Blenheim,NA,Marlborough
2021,174,0,13.3,1.6,5.733333333333333,8.11944,2.2375,85.8125,0.16753698684933435,Blenheim,NA,Marlborough
2021,175,0,15.4,4.4,9.6125,5.78916,2.904166666666667,71.3,0.39545463699871797,Blenheim,NA,Marlborough
2021,176,0,17,11.4,13.975,5.73984,5.075,63.395833333333336,0.5839119382091859,Blenheim,NA,Marlborough
2021,177,0,17.5,14.8,16.4125,2.6366400000000003,3.2708333333333335,74.24583333333334,0.4831082579441596,Blenheim,NA,Marlborough
2021,178,6,16.3,10.7,13.170833333333334,1.70172,2.7958333333333334,81.7125,0.27799060443825974,Blenheim,NA,Marlborough
2021,179,1.4,13.6,4.8,9.870833333333334,5.90652,4.454166666666667,63.15833333333333,0.45659587098342175,Blenheim,NA,Marlborough
2021,180,0.4,9.8,0.5,4.8500000000000005,8.18856,1.9875,63.3625,0.3560812565980676,Blenheim,NA,Marlborough
2021,181,0,13.8,-1,4.716666666666667,7.9686,1.9708333333333332,74.09166666666667,0.2762845479907881,Blenheim,NA,Marlborough
2021,182,0,12.8,0.4,4.9375,8.33184,2.0541666666666667,85.15833333333333,0.16967770065311388,Blenheim,NA,Marlborough
2021,183,0,12.9,0.1,4.483333333333333,8.48304,2.066666666666667,83.00416666666666,0.1902937778719464,Blenheim,NA,Marlborough
2021,184,0,13.6,-0.3,4.583333333333333,8.6166,2.3041666666666667,80.04583333333333,0.2152989979868896,Blenheim,NA,Marlborough
2021,185,0,12.3,-1.1,3.5458333333333334,8.56296,2.3541666666666665,78.47083333333333,0.20710256425893564,Blenheim,NA,Marlborough
2021,186,0,14.7,-2.6,5.4375,8.35452,2.95,69.89583333333333,0.3565380820848899,Blenheim,NA,Marlborough
2021,187,7.4,14.6,7.8,12.041666666666666,3.11724,2.908333333333333,73.76666666666667,0.3682422604463417,Blenheim,NA,Marlborough
2021,188,3.2,16.4,8.3,11.795833333333333,7.5042,3.4166666666666665,70.18333333333334,0.43296453500296495,Blenheim,NA,Marlborough
2021,189,0,13.1,1.2,6.3125,8.97372,1.7,84.4,0.18867081168536898,Blenheim,NA,Marlborough
2021,190,0,13.6,-0.6,5.533333333333333,8.91288,2.825,72.24166666666666,0.34549747702709166,Blenheim,NA,Marlborough
2021,191,0,12.6,1.7,5.704166666666667,8.55396,1.7666666666666666,74.20416666666667,0.27488870507736524,Blenheim,NA,Marlborough
2021,192,0,11,-1.6,2.9375,8.78256,1.8208333333333333,75.85833333333333,0.22703504867426372,Blenheim,NA,Marlborough
2021,193,0,10.4,-0.5,3.0833333333333335,8.01288,2.4791666666666665,79.325,0.1885534671261991,Blenheim,NA,Marlborough
2021,194,0,11.7,0.1,3.9166666666666665,8.79084,2.6208333333333336,79.4,0.2016828994758192,Blenheim,NA,Marlborough
2021,195,0,14.5,-1.6,5.591666666666667,9.21168,2.6041666666666665,71.275,0.352013922026965,Blenheim,NA,Marlborough
2021,196,0.2,15.2,9.6,11.866666666666667,3.39264,3.5458333333333334,66.00833333333334,0.47853591097773696,Blenheim,NA,Marlborough
2021,197,8.4,16,10.4,14.016666666666666,3.6342,3.2583333333333333,78.80416666666666,0.35346786123392465,Blenheim,NA,Marlborough
2021,198,72.4,15.5,12.3,14.458333333333334,1.00548,3.35,86.83333333333333,0.2143256500225074,Blenheim,NA,Marlborough
2021,199,14,15,9.6,12.629166666666666,3.41496,3.1958333333333333,78.01666666666667,0.34113110416246784,Blenheim,NA,Marlborough
2021,200,0.2,13.8,6.7,9.675,9.71604,1.3625,88.3125,0.161680967568121,Blenheim,NA,Marlborough
2021,201,0,13.6,4.2,7.9125,9.33516,1.7833333333333334,85.75416666666666,0.18084718906297995,Blenheim,NA,Marlborough
2021,202,2.2,10.9,4.3,7.658333333333333,3.83076,2.0083333333333333,87.30416666666667,0.1304672357655007,Blenheim,NA,Marlborough
2021,203,18,12.7,8.2,9.629166666666666,3.0078,1.0333333333333334,95.67916666666666,0.056367483110674015,Blenheim,NA,Marlborough
2021,204,0.2,13.3,6.1,8.579166666666667,8.5176,1.1125,88.0375,0.15536893411903133,Blenheim,NA,Marlborough
2021,205,0,13.9,3.1,7.425,9.95796,2.0541666666666667,86.18333333333334,0.17392039858927388,Blenheim,NA,Marlborough
2021,206,0,13.9,4.7,8.920833333333333,5.382720000000001,1.6625,84.7125,0.19997047808428786,Blenheim,NA,Marlborough
2021,207,15.6,13.2,9.9,11.854166666666666,2.09376,2.029166666666667,86.25833333333334,0.19768359606354902,Blenheim,NA,Marlborough
2021,208,1.4,15,8.1,10.704166666666667,7.69068,2.8916666666666666,81.69583333333334,0.25537679862439056,Blenheim,NA,Marlborough
2021,209,0,15,2.9,7.670833333333333,10.36692,1.9625,83.61666666666666,0.21156510124962297,Blenheim,NA,Marlborough
2021,210,0,15.2,2.8,8.25,10.28268,2,81.69583333333333,0.25340253120287004,Blenheim,NA,Marlborough
2021,211,0.4,17.1,6.4,10.233333333333334,7.85376,1.4625,86.6625,0.19774701778813103,Blenheim,NA,Marlborough
2021,212,0,18,5.7,9.85,10.38996,1.9208333333333334,87.85833333333333,0.20353394558152652,Blenheim,NA,Marlborough
2021,213,0,14.6,4.1,8.3875,8.411040000000002,1.8333333333333333,89.5625,0.14229284794359046,Blenheim,NA,Marlborough
2021,214,0,15,7.2,10.5125,6.6906,1.3791666666666667,87.94583333333334,0.16878855859303954,Blenheim,NA,Marlborough
2021,215,1,13.6,5.2,9.708333333333334,5.74272,1.5458333333333334,76.05,0.30943669480092073,Blenheim,NA,Marlborough
2021,216,0,11.2,-0.8,4.85,11.20968,1.85,74.1625,0.2697690115311446,Blenheim,NA,Marlborough
2021,217,0.6000000000000001,11.1,4.7,7.166666666666667,4.769279999999999,1.5708333333333333,82.575,0.18161562851821822,Blenheim,NA,Marlborough
2021,218,17,12.4,6.2,8.5375,4.95216,1.625,91.0625,0.11080752941007743,Blenheim,NA,Marlborough
2021,219,0,16.1,3.6,8.7875,10.73952,3.470833333333333,74.7375,0.3631234001090059,Blenheim,NA,Marlborough
2021,220,16.2,8.5,2.7,5.129166666666666,1.38636,2.3333333333333335,81.125,0.1740110366412003,Blenheim,NA,Marlborough
2021,221,0.4,10.1,2.3,6.279166666666667,12.26808,2.533333333333333,55.90833333333333,0.44411333768634753,Blenheim,NA,Marlborough
2021,222,0,14,0.3,6.579166666666667,12.38688,2.4541666666666666,63.92916666666667,0.4119792514882929,Blenheim,NA,Marlborough
2021,223,0,14.8,3.3,7.833333333333333,12.23892,2.0458333333333334,73.40416666666667,0.32853014370451983,Blenheim,NA,Marlborough
2021,224,0,17.4,2.6,9.929166666666667,9.8856,3.8833333333333333,70.82916666666667,0.4613736760500801,Blenheim,NA,Marlborough
2021,225,0.8,15.2,4.6,10.6,9.00324,2.6041666666666665,81.14583333333333,0.2639395025366941,Blenheim,NA,Marlborough
2021,226,0,15.6,4,8.854166666666666,11.516759999999998,3.125,72.35416666666667,0.3760820805156057,Blenheim,NA,Marlborough
2021,227,0,15.5,1.6,7.908333333333333,13.13676,2.4375,68.66666666666667,0.41815607042007547,Blenheim,NA,Marlborough
2021,228,0,16.4,6.7,12.066666666666666,12.83724,4.354166666666667,60.44166666666666,0.5772605027448033,Blenheim,NA,Marlborough
2021,229,4.2,15.1,7.7,11.558333333333334,4.19796,4.2125,73.54166666666667,0.3706006925442396,Blenheim,NA,Marlborough
2021,230,4.4,10.7,3.2,7.095833333333333,7.63344,1.9291666666666667,82.05833333333334,0.19188379745752177,Blenheim,NA,Marlborough
2021,231,0,16.4,0.6,7.8875,12.270239999999998,3.5041666666666664,71.6625,0.4081802279711144,Blenheim,NA,Marlborough
2021,232,0,12.6,3.7,9.220833333333333,7.506,3.0625,71.9125,0.34720483043760614,Blenheim,NA,Marlborough
2021,233,0.2,11.4,0.5,4.754166666666666,13.58676,2.0208333333333335,82.9625,0.19745500458615184,Blenheim,NA,Marlborough
2021,234,0,13.2,2.6,8.241666666666667,5.51448,1.825,85.31666666666666,0.18012629399241303,Blenheim,NA,Marlborough
2021,235,0.2,17.3,9.5,13.079166666666666,13.8132,3.2625,77.14166666666667,0.3784125020734582,Blenheim,NA,Marlborough
2021,236,0,17.1,11.7,13.775,14.6142,4.616666666666666,62.925,0.6094173198549049,Blenheim,NA,Marlborough
2021,237,0,17.1,10.6,13.329166666666667,14.967,5.2375,59.31666666666667,0.6462033961928241,Blenheim,NA,Marlborough
2021,238,0,15.8,7.4,11.670833333333334,8.51112,3.6791666666666667,69.63333333333334,0.4458573718326611,Blenheim,NA,Marlborough
2021,239,8.2,13,10,11.65,4.5756,1.3625,95.62916666666666,0.06064612588333795,Blenheim,NA,Marlborough
2021,240,17.6,12.1,9.9,10.85,4.75704,2.0458333333333334,95.59166666666667,0.05729170770113798,Blenheim,NA,Marlborough
2021,241,0.2,12.9,9.4,10.420833333333333,7.8354,1.8875,88.81666666666666,0.14595223469600704,Blenheim,NA,Marlborough
2021,242,0.2,9.8,5,8.325,8.73288,2.691666666666667,74.15833333333333,0.28392217696350946,Blenheim,NA,Marlborough
2021,243,0,9.3,1.7,6.216666666666667,6.6654,1.8583333333333334,72.3375,0.27902643903899216,Blenheim,NA,Marlborough
2021,244,0,13.1,4.7,7.825,15.76152,1.975,74.21666666666667,0.2978357311784221,Blenheim,NA,Marlborough
2021,245,0,14,1,7.454166666666667,15.4314,2.345833333333333,79.05416666666666,0.2688450804442375,Blenheim,NA,Marlborough
2021,246,0,17.6,2.9,9.475,16.85592,1.9291666666666667,75.12083333333334,0.3744579209602155,Blenheim,NA,Marlborough
2021,247,0,17.8,7.8,12.758333333333333,17.000280000000004,5.295833333333333,59.49166666666667,0.6555026683209408,Blenheim,NA,Marlborough
2021,248,0,18.3,10.3,13.6,15.14556,4.520833333333333,52.12083333333334,0.7784894459554488,Blenheim,NA,Marlborough
2021,249,0.4,14.7,9.2,12.341666666666667,6.55668,3.754166666666667,63.375,0.5404383416505629,Blenheim,NA,Marlborough
2021,250,12.2,17.2,11.2,13.433333333333334,12.74076,3.2125,76.02083333333333,0.38187238594079814,Blenheim,NA,Marlborough
2021,251,0.4,13.3,3.2,8.2125,9.41544,3.658333333333333,70.91666666666667,0.3373871101655157,Blenheim,NA,Marlborough
2021,252,0,17,1.8,10.441666666666666,15.55488,4.579166666666667,64.77083333333333,0.553595420039896,Blenheim,NA,Marlborough
2021,253,0,20.3,9.6,15.083333333333334,12.79512,7.108333333333333,54.825,0.8202588396364119,Blenheim,NA,Marlborough
2021,254,0,15.2,5.1,9.9125,17.63784,3.2458333333333336,64.21666666666667,0.46756021961600214,Blenheim,NA,Marlborough
2021,255,0,16.7,3.1,11.566666666666666,14.3964,4.341666666666667,60.391666666666666,0.6060147976561295,Blenheim,NA,Marlborough
2021,256,3.6,16.4,10.8,14.4125,7.38108,5.554166666666666,67.70416666666667,0.5418634541351973,Blenheim,NA,Marlborough
2021,257,0,13.2,6.5,9.554166666666667,17.57196,2.0708333333333333,71.1375,0.36214715803117964,Blenheim,NA,Marlborough
2021,258,0,11.8,1.2,6.7375,16.07292,2.1,74.60416666666667,0.28673749455258335,Blenheim,NA,Marlborough
2021,259,0,10.4,5.6,8.408333333333333,7.6158,2.5666666666666664,71.40833333333333,0.3300147494218934,Blenheim,NA,Marlborough
2021,260,0.2,10.8,5.8,8.1375,17.49528,3.1125,65.05416666666667,0.3857209527814729,Blenheim,NA,Marlborough
2021,261,0,11.2,-0.5,5.6,20.17044,2.1083333333333334,73.17916666666666,0.28953348645653904,Blenheim,NA,Marlborough
2021,262,0,16.9,2.6,10,16.83648,3.5041666666666664,68.4375,0.48272647862688384,Blenheim,NA,Marlborough
2021,263,1.6,18.4,9.6,13.195833333333333,19.093319999999995,2.658333333333333,66.92083333333333,0.5468938225387847,Blenheim,NA,Marlborough
2021,264,0,18.3,8.4,13.916666666666666,18.03636,5.108333333333333,60.15416666666667,0.6654729009853789,Blenheim,NA,Marlborough
2021,265,26.2,14.2,9.6,11.35,3.53916,1.9291666666666667,90.9125,0.12965858093199334,Blenheim,NA,Marlborough
2021,266,3.4000000000000004,15.8,9.7,12.075,6.49296,1.6333333333333333,94.17916666666667,0.0896553627398738,Blenheim,NA,Marlborough
2021,267,0,20.8,11.9,14.970833333333333,20.37636,3.7041666666666666,65.675,0.6220819619876446,Blenheim,NA,Marlborough
2021,268,3,19.1,9.6,14.895833333333334,20.16324,5.504166666666666,61.916666666666664,0.6832419881131085,Blenheim,NA,Marlborough
2021,269,1.4000000000000001,16.6,7.8,11.425,15.28236,3.5375,67.475,0.470307438392658,Blenheim,NA,Marlborough
2021,270,0,11.4,7,8.804166666666667,13.464,1.9958333333333333,67.75416666666666,0.37707122685505584,Blenheim,NA,Marlborough
2021,271,0,12.5,2.6,7.3125,21.68712,2.683333333333333,73.025,0.30898882067629047,Blenheim,NA,Marlborough
2021,272,0,20,1.9,10.908333333333333,22.429080000000003,3.7875,64.48333333333333,0.632795702508893,Blenheim,NA,Marlborough
2021,273,0.2,13.1,3.9,9.845833333333333,10.81044,2.6333333333333333,72.22083333333333,0.3518470640226314,Blenheim,NA,Marlborough
2021,274,0,18.2,2.6,10.133333333333333,22.590719999999997,2.5458333333333334,70.29583333333333,0.471846677856264,Blenheim,NA,Marlborough
2021,275,0,18.4,4.5,11.4,22.00896,2.1125,73.775,0.4331102357601813,Blenheim,NA,Marlborough
2021,276,0,19.5,8.3,13.154166666666667,18.14184,1.9916666666666667,69.24583333333334,0.5190962510996299,Blenheim,NA,Marlborough
2021,277,9,13.9,10.3,11.783333333333333,5.97096,1.45,91.37083333333334,0.12188860969794901,Blenheim,NA,Marlborough
2021,278,0.6000000000000001,16.7,11.1,12.716666666666667,12.91068,1.5958333333333332,90.275,0.15718534145346327,Blenheim,NA,Marlborough
2021,279,0.2,17,11.5,14.408333333333333,8.19432,1.4166666666666667,85.92916666666666,0.25263678306411846,Blenheim,NA,Marlborough
2021,280,7.800000000000001,17.6,14,15.641666666666667,11.14776,2.004166666666667,84.42083333333333,0.2845701823774517,Blenheim,NA,Marlborough
2021,281,0,22.3,11.9,16.35,23.52924,2.6041666666666665,70.85833333333333,0.6343328026406253,Blenheim,NA,Marlborough
2021,282,0.4,18.8,8.7,14.204166666666666,17.27676,3.495833333333333,65.11666666666666,0.6004526132088721,Blenheim,NA,Marlborough
2021,283,0,15.2,6.7,10.9125,21.91392,2.5458333333333334,82.55416666666666,0.2576899613915067,Blenheim,NA,Marlborough
2021,284,0.8,19.4,7,13.35,17.49852,3.1875,72.33333333333333,0.511627697192471,Blenheim,NA,Marlborough
2021,285,5.2,16,6.9,11.6625,18.39996,3.2875,70.45416666666667,0.4257352993461235,Blenheim,NA,Marlborough
2021,286,0,13.4,3,8.2,11.03796,1.6708333333333334,72.90833333333333,0.35748570954173553,Blenheim,NA,Marlborough
2021,287,0,14.5,1.5,8.2875,21.80916,2.4458333333333333,74.39166666666667,0.33154072376372934,Blenheim,NA,Marlborough
2021,288,0,19,4.5,11.9625,25.88364,1.9125,73.84583333333333,0.4477740819965585,Blenheim,NA,Marlborough
2021,289,0,19.8,4.4,12.625,25.38792,2.1375,64.69166666666666,0.6266174180853402,Blenheim,NA,Marlborough
2021,290,12.4,17.6,11.3,14.333333333333334,6.75324,2.154166666666667,79.57916666666667,0.32986977342459645,Blenheim,NA,Marlborough
2021,291,0.2,21,14.1,17.45,24.08364,4.270833333333333,62.96666666666667,0.773879329872629,Blenheim,NA,Marlborough
2021,292,0,21.3,10.7,15.970833333333333,26.28252,4.2,53.62916666666667,0.9146329866078641,Blenheim,NA,Marlborough
2021,293,0,12.9,7.2,10.225,16.05636,2.595833333333333,73.22916666666667,0.34807959051814863,Blenheim,NA,Marlborough
2021,294,0,15.6,5.3,10.008333333333333,18.3726,2.1125,76.8375,0.32599087431470786,Blenheim,NA,Marlborough
2021,295,0,15.4,4.5,10.375,24.9156,2.0416666666666665,70.74583333333334,0.42173848494587773,Blenheim,NA,Marlborough
2021,296,0,16.1,5,10.716666666666667,21.37572,2.279166666666667,76.84166666666667,0.3427059225386187,Blenheim,NA,Marlborough
2021,297,0,20.7,10.7,15.445833333333333,17.683919999999997,2.6,72.55416666666666,0.5302180042928554,Blenheim,NA,Marlborough
2021,298,0,24.2,14.2,18.904166666666665,27.90828,2.475,64.20416666666667,0.8749709659580898,Blenheim,NA,Marlborough
2021,299,0,23.7,11.2,17.779166666666665,21.42828,2.9583333333333335,64.2,0.8167689834360254,Blenheim,NA,Marlborough
2021,300,0,22.2,14.3,17.445833333333333,17.14572,2.2625,69.22916666666667,0.6454817046082136,Blenheim,NA,Marlborough
2021,301,1.6,16.8,11.8,14.041666666666666,17.38764,1.9416666666666667,82.14999999999999,0.2922769004744607,Blenheim,NA,Marlborough
2021,302,32,23,11.2,15.516666666666666,20.80512,1.6583333333333334,84.725,0.35855398574731356,Blenheim,NA,Marlborough
2021,303,0,21.9,9.7,15.675,25.43508,2.4458333333333333,79.4625,0.4535197084639656,Blenheim,NA,Marlborough
2021,304,0,21.2,13.6,17.379166666666666,23.47776,4.2375,53.641666666666666,0.9708900266762837,Blenheim,NA,Marlborough
2021,305,0,19.5,10.4,14.004166666666666,24.150959999999998,2.1916666666666664,71.59583333333333,0.4861014493837734,Blenheim,NA,Marlborough
2021,306,0,18.6,8.3,12.9375,18.28476,2.566666666666667,64.60416666666667,0.5573479963230438,Blenheim,NA,Marlborough
2021,307,0,12.8,9.6,10.854166666666666,20.19708,3.6958333333333333,58.604166666666664,0.5406836698890845,Blenheim,NA,Marlborough
2021,308,0,12.8,10,11.275,11.505599999999998,3.4791666666666665,61.50416666666666,0.5157703015638021,Blenheim,NA,Marlborough
2021,309,0,15.3,11.2,12.6,11.39868,1.9875,75.71666666666667,0.3574462737206993,Blenheim,NA,Marlborough
2021,310,0,15,11.1,13.0375,13.12272,1.9708333333333334,76.79166666666667,0.3579901123471828,Blenheim,NA,Marlborough
2021,311,0,18,11.1,14.291666666666666,22.90212,2.125,81.8125,0.30626179883967825,Blenheim,NA,Marlborough
2021,312,0,20.5,10.5,15.0125,28.48716,2.225,86.4125,0.2784897744040519,Blenheim,NA,Marlborough
2021,313,0,24.8,13.2,17.633333333333333,27.98316,2.0083333333333333,72.62916666666666,0.6614661613334721,Blenheim,NA,Marlborough
2021,314,0,25.4,10.2,18.05,30.08628,2.2291666666666665,63.675,0.9017465287860599,Blenheim,NA,Marlborough
2021,315,0.6000000000000001,20.6,12.7,16.754166666666666,17.81136,1.7625,80.15416666666667,0.4086961565688338,Blenheim,NA,Marlborough
2021,316,0.2,22.6,15.3,18.458333333333332,12.90564,3.1416666666666666,72.61666666666667,0.612848260549804,Blenheim,NA,Marlborough
2021,317,1.4,25.8,18.2,21.070833333333333,22.3884,3.4375,71.525,0.7352445748600244,Blenheim,NA,Marlborough
2021,318,0.8,24.4,15.2,19.7875,26.72784,4.325,60.708333333333336,0.9500490617687813,Blenheim,NA,Marlborough
2021,319,0,23.1,13.6,18.71666666666667,31.37184,4.7375,54.05416666666667,1.0559030788674784,Blenheim,NA,Marlborough
2021,320,1,20.8,14,17.345833333333335,25.1208,4.545833333333333,55.81666666666667,0.9188792672741556,Blenheim,NA,Marlborough
2021,321,0.6000000000000001,21.2,9.8,15.679166666666667,30.34944,4.429166666666666,55.795833333333334,0.8815909260526906,Blenheim,NA,Marlborough
2021,322,0.4,17.7,6.5,13.291666666666666,29.07036,2.5375,70.55833333333334,0.49247793464145667,Blenheim,NA,Marlborough
2021,323,0,24,7.7,16.058333333333334,32.30244,2.6458333333333335,61.22083333333333,0.8881268589450007,Blenheim,NA,Marlborough
2021,324,0,24.8,12,17.608333333333334,30.41424,3.3875,53.1,1.053323703636649,Blenheim,NA,Marlborough
2021,325,3.8,17.9,12.8,16.0125,8.7786,3.1708333333333334,71.50833333333334,0.5155562490098645,Blenheim,NA,Marlborough
2021,326,0,17.3,11.8,15,27.37008,3.4125,76.43333333333334,0.40908344114169093,Blenheim,NA,Marlborough
2021,327,0,15.5,12.1,13.766666666666666,11.77452,2.225,77.9375,0.35808414351580653,Blenheim,NA,Marlborough
2021,328,0,18.6,10.1,14.1625,30.30912,2.095833333333333,74.2125,0.45553357492066016,Blenheim,NA,Marlborough
2021,329,0,26.2,8.8,17.27916666666667,31.62024,2.408333333333333,61.875,0.9883150942336881,Blenheim,NA,Marlborough
2021,330,0,25.4,10.8,19.066666666666666,31.71888,3.9458333333333333,48.44583333333333,1.2938244149387932,Blenheim,NA,Marlborough
2021,331,3.4,22.2,12.6,17.575,9.79956,3.308333333333333,66.99166666666667,0.7247861313003124,Blenheim,NA,Marlborough
2021,332,2,18.8,12.3,14.770833333333334,12.121199999999998,1.8,88.46666666666667,0.21316613698368547,Blenheim,NA,Marlborough
2021,333,0,26.5,11.9,19.425,32.70384,2.2708333333333335,75.52916666666667,0.6734174153839839,Blenheim,NA,Marlborough
2021,334,0,24,14.8,18.6,21.9384,2.0208333333333335,79.85416666666667,0.47179645206661114,Blenheim,NA,Marlborough
2021,335,0,17.3,11.8,14.933333333333334,13.806,2.3583333333333334,77.55833333333334,0.39175821912362724,Blenheim,NA,Marlborough
2021,336,0,20.2,12.9,16.545833333333334,23.34996,2.091666666666667,73.97916666666667,0.5228465961539109,Blenheim,NA,Marlborough
2021,337,1.4000000000000001,22.7,16,19.204166666666666,13.38768,1.9875,78.07916666666667,0.529696983996317,Blenheim,NA,Marlborough
2021,338,0,22,17.5,19.083333333333332,13.4352,2.3666666666666667,72.65,0.6209149904955426,Blenheim,NA,Marlborough
2021,339,0,24.6,16.7,20.3625,23.139,2.3166666666666664,76.43333333333334,0.6193463083231445,Blenheim,NA,Marlborough
2021,340,30.400000000000002,20,11.8,13.775,7.23168,2.0541666666666667,91.71666666666667,0.14635839007712792,Blenheim,NA,Marlborough
2021,341,1,17.4,11.9,14.254166666666666,16.4178,1.5125,88.22083333333333,0.2100060857430186,Blenheim,NA,Marlborough
2021,342,0,27.8,14,19.216666666666665,28.69092,2.15,72.225,0.7571080033203516,Blenheim,NA,Marlborough
2021,343,0,26.5,17,21.495833333333334,20.2752,2.529166666666667,69.2875,0.8519414921343563,Blenheim,NA,Marlborough
2021,344,0,20.7,16.2,18.575,15.97896,2.683333333333333,77.35833333333333,0.4970902908411218,Blenheim,NA,Marlborough
2021,345,0,24.4,14.9,20.8375,21.28176,2.470833333333333,70.27916666666667,0.76607742906917,Blenheim,NA,Marlborough
2021,346,6,15.4,11.7,13.383333333333333,9.16632,2.2958333333333334,80.21666666666667,0.3125142789064956,Blenheim,NA,Marlborough
2021,347,0.8,21.2,11.5,15.770833333333334,24.05124,2.275,78,0.43996966434131235,Blenheim,NA,Marlborough
2021,348,8,18.7,13.4,15.845833333333333,10.04076,1.6166666666666667,88.87083333333334,0.2103021759473472,Blenheim,NA,Marlborough
2021,349,21,20.9,13.6,16.8125,10.05444,2.6791666666666667,92.51666666666667,0.15232316320897527,Blenheim,NA,Marlborough
2021,350,5.6000000000000005,18,13.9,15.3375,11.935800000000002,2.2416666666666667,89.975,0.18107636064119753,Blenheim,NA,Marlborough
2021,351,0,25,12.2,17.108333333333334,31.27212,2.716666666666667,78.3125,0.5138886528519317,Blenheim,NA,Marlborough
2021,352,0,23.5,12.6,17.904166666666665,34.326,3.1416666666666666,54.354166666666664,0.9923936881725675,Blenheim,NA,Marlborough
2021,353,0,28.9,11.2,19.35,32.17608,2.0625,59.358333333333334,1.0865611316984383,Blenheim,NA,Marlborough
2021,354,0,26.4,14.3,21.216666666666665,34.62732,4.525,50.63333333333333,1.3697214774859447,Blenheim,NA,Marlborough
2021,355,0,26.7,17.2,22.4875,33.8526,5.5875,47.5,1.5053922258419177,Blenheim,NA,Marlborough
2021,356,0,28.6,16.7,22.504166666666666,34.19856,5.7375,45.204166666666666,1.616174333419874,Blenheim,NA,Marlborough
2021,357,0,26.1,16.6,20.916666666666668,33.39072,2.7958333333333334,62.42916666666667,0.99905958558482,Blenheim,NA,Marlborough
2021,358,0,21.2,15.8,18.09583333333333,20.24244,1.8291666666666666,77.68333333333334,0.4861734618054071,Blenheim,NA,Marlborough
2021,359,0,19.9,11.8,16.3375,21.32064,2.4208333333333334,67.97916666666667,0.6202328757236257,Blenheim,NA,Marlborough
2021,360,0,29,9.8,20.270833333333332,33.98148,3.125,57.34583333333333,1.3133145392544927,Blenheim,NA,Marlborough
2021,361,0,25.7,18.7,21.804166666666667,18.89028,3.345833333333333,54.37083333333333,1.2228273410640245,Blenheim,NA,Marlborough
2021,362,11.6,18.8,15.1,17.266666666666666,6.91344,1.7166666666666666,88.53333333333333,0.23179371562170512,Blenheim,NA,Marlborough
2021,363,0,18.2,12.8,15.133333333333333,18.288,2.2958333333333334,81.125,0.3432399970976145,Blenheim,NA,Marlborough
2021,364,0,23.4,11.4,17.6,31.6044,2.558333333333333,71.77916666666667,0.6738485673569211,Blenheim,NA,Marlborough
2021,365,0,23.5,14.3,18.85,26.09496,2.075,69.3625,0.7249405117774509,Blenheim,NA,Marlborough
2022,1,0,24.6,12.7,19.62291666666667,33.98328,2.533375,57.422916666666666,1.0490022798743144,Blenheim,NA,Marlborough
2022,2,0,28.3,13.1,21.020833333333332,30.07368,2.425,62.65416666666667,1.0825795422652869,Blenheim,NA,Marlborough
2022,3,0,27.4,17.1,21.083333333333332,27.08712,1.75,71.92916666666667,0.7779382519561554,Blenheim,NA,Marlborough
2022,4,0,23.7,14.8,19.416666666666668,30.35844,2.316666666666667,79.90833333333333,0.5100190946908029,Blenheim,NA,Marlborough
2022,5,0,21.6,15,18.2625,24.51168,2.2666666666666666,83.2125,0.38246404118473964,Blenheim,NA,Marlborough
2022,6,0,18.6,12.6,16.095833333333335,9.3438,1.9125,77.60416666666667,0.4154458025717811,Blenheim,NA,Marlborough
2022,7,0,19.5,8.2,14.3875,23.83164,2.1041666666666665,72.43333333333334,0.5106299828264562,Blenheim,NA,Marlborough
2022,8,0,25,9.5,17.479166666666668,30.64608,2.0166666666666666,73.07083333333334,0.6596563070009511,Blenheim,NA,Marlborough
2022,9,0,28.6,15.7,21.9,28.53252,2.8375,55.791666666666664,1.3418418228474625,Blenheim,NA,Marlborough
2022,10,0,25.5,16.3,20.295833333333334,30.34836,2.1416666666666666,66.17083333333333,0.8710604061283257,Blenheim,NA,Marlborough
2022,11,0,29,13.8,21.708333333333332,31.78584,2.404166666666667,66.59583333333333,1.04815824904829,Blenheim,NA,Marlborough
2022,12,0,21,16.4,18.1375,21.0402,2.7916666666666665,83.6875,0.35211604180968564,Blenheim,NA,Marlborough
2022,13,0,18.8,12.1,15.220833333333333,21.88836,2.4166666666666665,70.74583333333334,0.5282906148317804,Blenheim,NA,Marlborough
2022,14,0,18.5,9.6,14.641666666666667,22.99968,2.5500000000000003,74.95416666666667,0.4577424163412908,Blenheim,NA,Marlborough
2022,15,0,19,9.3,14.945833333333333,31.52088,2.6083333333333334,76.35833333333333,0.45314278240960604,Blenheim,NA,Marlborough
2022,16,0,21.6,9,16.066666666666666,32.86224,2.808333333333333,73.04166666666667,0.5992010674073713,Blenheim,NA,Marlborough
2022,17,0,23.3,10.6,17.1875,32.57172,2.4625,74.15833333333333,0.608160667536724,Blenheim,NA,Marlborough
2022,18,0,21.5,12.6,17.416666666666668,31.89456,2.1333333333333333,76.37916666666666,0.5300744984707079,Blenheim,NA,Marlborough
2022,19,0,30.7,12.3,21.9625,29.77344,2.875,63.025,1.2868450017925541,Blenheim,NA,Marlborough
2022,20,5.3999999999999995,22.1,13.4,16.975,19.408320000000003,2.566666666666667,73.98333333333333,0.5174454007735703,Blenheim,NA,Marlborough
2022,21,0,21.7,9.7,15.9125,31.26924,2.9416666666666664,71.6125,0.6131644786710592,Blenheim,NA,Marlborough
2022,22,0,28.7,11.8,19.829166666666666,31.7736,2.5416666666666665,58.93333333333334,1.188859020328552,Blenheim,NA,Marlborough
2022,23,0,22.2,12.6,17.995833333333334,27.59724,2.4333333333333336,73.55416666666666,0.5910322754307501,Blenheim,NA,Marlborough
2022,24,0,22.6,16.2,18.8375,25.74864,1.8083333333333333,73.09166666666667,0.6127223752770309,Blenheim,NA,Marlborough
2022,25,0,24.3,14.9,19.9375,16.05636,2.129166666666667,71.09583333333333,0.7261182240749723,Blenheim,NA,Marlborough
2022,26,7,27.4,17.5,22.079166666666666,26.51868,2.7333333333333334,71.95416666666667,0.8426102855853213,Blenheim,NA,Marlborough
2022,27,0.2,21.8,12.9,17.3375,31.86,2.15,59.4375,0.865531990227139,Blenheim,NA,Marlborough
2022,28,0,18.8,11.9,15.270833333333334,26.937,2.0125,67.49583333333334,0.593844857171619,Blenheim,NA,Marlborough
2022,29,0,27.9,10.6,18.958333333333332,30.9636,2.3583333333333334,64.65416666666667,1.00617033279153,Blenheim,NA,Marlborough
2022,30,0,23.4,14.5,18.745833333333334,30.59928,2.7666666666666666,64.85416666666667,0.8214771366564195,Blenheim,NA,Marlborough
2022,31,0,21.6,12.6,17.054166666666667,24.917759999999998,2.2875,79.32083333333334,0.45419683043629705,Blenheim,NA,Marlborough
2022,32,0,28.6,13.2,20.6875,22.24944,2.35,68.32083333333334,0.9737943022638418,Blenheim,NA,Marlborough
2022,33,0,23.5,20.7,22.241666666666667,6.93432,3.345833333333333,64.425,0.9590341160868104,Blenheim,NA,Marlborough
2022,34,0,25.2,20.5,22.791666666666668,10.18728,2.6,70.01666666666667,0.8464585010053252,Blenheim,NA,Marlborough
2022,35,5.4,25.5,19.4,22.1375,13.79916,2.0458333333333334,74.57083333333334,0.7189571629383295,Blenheim,NA,Marlborough
2022,36,23.4,19.3,13.1,14.7375,5.17176,2.2666666666666666,91.9625,0.1339361249481332,Blenheim,NA,Marlborough
2022,37,30,13.4,12,12.9,3.49596,1.8,90.3375,0.14493507012232693,Blenheim,NA,Marlborough
2022,38,0,16.5,13.4,14.6375,7.01604,2.0708333333333333,72.66666666666667,0.461728944786047,Blenheim,NA,Marlborough
2022,39,0,20.1,13.4,16.454166666666666,10.45764,1.7,86.1125,0.28567405329907214,Blenheim,NA,Marlborough
2022,40,4,20.2,14.2,17.279166666666665,10.78992,1.6208333333333333,89.91666666666667,0.21238174859761913,Blenheim,NA,Marlborough
2022,41,0.8,25.7,17.6,21.3375,8.59608,1.2708333333333333,86.95416666666667,0.3764672920569277,Blenheim,NA,Marlborough
2022,42,0.2,23,16.7,19.708333333333332,10.9044,2.5125,85.9375,0.34412130765460497,Blenheim,NA,Marlborough
2022,43,55.6,18.4,15.6,16.8875,3.69396,1.1833333333333333,96.00416666666666,0.07745800106241806,Blenheim,NA,Marlborough
2022,44,12.4,15.5,11.3,13.454166666666666,6.65676,2.2,78.125,0.33888972213475427,Blenheim,NA,Marlborough
2022,45,0.6000000000000001,19.6,10.7,14.583333333333334,23.23692,1.6166666666666667,79.3,0.404025540497253,Blenheim,NA,Marlborough
2022,46,0,20.6,13,16.379166666666666,24.40224,1.3916666666666666,80.12083333333334,0.4057121262750744,Blenheim,NA,Marlborough
2022,47,0,21.4,10.9,16.666666666666668,24.51132,2.4791666666666665,79.125,0.4621111130619613,Blenheim,NA,Marlborough
2022,48,0,21.2,13,16.9875,25.4466,1.6208333333333333,79.8,0.4416747533504243,Blenheim,NA,Marlborough
2022,49,0,26.2,12.9,19.3875,27.72504,2.7583333333333333,65.35833333333333,0.9727690864916865,Blenheim,NA,Marlborough
2022,50,0.2,24,16.5,20.420833333333334,15.49548,3.6708333333333334,63.891666666666666,0.8974221452538077,Blenheim,NA,Marlborough
2022,51,20.8,18.9,13.3,15.429166666666667,21.32928,2.2625,82.6625,0.33201499875172713,Blenheim,NA,Marlborough
2022,52,0,20.2,9.9,15.1875,22.97304,1.5416666666666667,81.40416666666667,0.3803170395141961,Blenheim,NA,Marlborough
2022,53,0,25.7,12.5,19.095833333333335,27.19584,2.595833333333333,70,0.8262244444389242,Blenheim,NA,Marlborough
2022,54,0,20.2,14.2,16.816666666666666,23.16204,1.9166666666666667,70.2875,0.5995932653175738,Blenheim,NA,Marlborough
2022,55,0,18.6,10.9,14.641666666666667,22.433759999999996,1.8541666666666667,71.16666666666667,0.5139435635444783,Blenheim,NA,Marlborough
2022,56,0,19.4,9,14.25,26.98416,2.1875,72.39166666666667,0.5226061104517855,Blenheim,NA,Marlborough
2022,57,0,21.5,9.4,15.366666666666667,24.600600000000004,2.35,75.20833333333333,0.5181767601776786,Blenheim,NA,Marlborough
2022,58,0,17.8,8.6,13.4625,16.89696,1.6875,71.225,0.4726350286448405,Blenheim,NA,Marlborough
2022,59,0,17,10.1,14.0625,18.66816,1.825,72.74166666666666,0.46150481951500055,Blenheim,NA,Marlborough
2022,60,0.2,18.3,10.8,14.620833333333334,22.30632,1.6708333333333334,77.55833333333334,0.4068665647257296,Blenheim,NA,Marlborough
2022,61,0,19.8,10.4,14.483333333333334,20.8674,1.7583333333333333,77.45,0.41636589147595554,Blenheim,NA,Marlborough
2022,62,0,19,9.7,13.825,23.74272,1.7083333333333333,75.6125,0.4404626751657075,Blenheim,NA,Marlborough
2022,63,0,21,9.6,15.125,21.11724,1.8041666666666667,79.3125,0.4407118362789251,Blenheim,NA,Marlborough
2022,64,0,25.5,11.3,17.633333333333333,23.78772,1.6208333333333333,73.12083333333334,0.6746568443651869,Blenheim,NA,Marlborough
2022,65,0,24.8,13.7,19.65,23.6412,4.345833333333333,63.34166666666667,0.9256413285634582,Blenheim,NA,Marlborough
2022,66,0,24.8,11.7,17.908333333333335,20.03904,2.3625,69.52083333333333,0.7060757438857952,Blenheim,NA,Marlborough
2022,67,0,21.6,12.4,17.433333333333334,22.329,1.8541666666666667,77.3125,0.49882466739413034,Blenheim,NA,Marlborough
2022,68,0,24.2,13.7,19.029166666666665,22.829040000000003,2.745833333333333,73.30833333333334,0.6460391729077105,Blenheim,NA,Marlborough
2022,69,0,19.9,14.1,16.791666666666668,13.34052,1.3125,86.72916666666667,0.271629229621164,Blenheim,NA,Marlborough
2022,70,0,24.2,13.5,18.758333333333333,16.056,2.841666666666667,73.81666666666666,0.662741362497659,Blenheim,NA,Marlborough
2022,71,0.4,25.6,15.3,19.733333333333334,18.78984,2.1458333333333335,69.41666666666667,0.736156577765075,Blenheim,NA,Marlborough
2022,72,0,20.5,13.3,16.1125,22.02048,2.6416666666666666,68.1875,0.6155172846509457,Blenheim,NA,Marlborough
2022,73,0,17.6,11.8,14.641666666666667,11.28672,1.7166666666666666,73.175,0.45598107726017034,Blenheim,NA,Marlborough
2022,74,0,19.4,11,15.270833333333334,20.17224,2.0791666666666666,68.99166666666666,0.5746308837189673,Blenheim,NA,Marlborough
2022,75,0,19,9.9,14.720833333333333,17.06472,2.15,72.23333333333333,0.48657814225712887,Blenheim,NA,Marlborough
2022,76,0,18,9.6,13.420833333333333,13.31172,1.4291666666666667,67.02916666666667,0.5333598591669735,Blenheim,NA,Marlborough
2022,77,0,16.6,7.3,11.6375,19.80036,1.9124999999999999,72.32916666666667,0.43315716259003495,Blenheim,NA,Marlborough
2022,78,0,18,5,11.433333333333334,18.9216,1.8666666666666667,80.85,0.32191348134764114,Blenheim,NA,Marlborough
2022,79,0,20.5,10,14.55,14.16528,1.55,81.39583333333333,0.3653945977406293,Blenheim,NA,Marlborough
2022,80,6,18.4,11,14.825,4.4128799999999995,1.3083333333333333,88.6625,0.2054304509419148,Blenheim,NA,Marlborough
2022,81,4.4,22.5,14.9,17.808333333333334,13.97808,1.5333333333333332,89.63333333333333,0.240462646063835,Blenheim,NA,Marlborough
2022,82,4.4,22,16.2,18.166666666666668,8.87436,1.325,90.6375,0.21487833608625556,Blenheim,NA,Marlborough
2022,83,1.6,18.7,16.4,17.458333333333332,3.897,1.2541666666666667,93.825,0.1257884844510054,Blenheim,NA,Marlborough
2022,84,0,22.5,12.2,17.916666666666668,16.24176,1.9041666666666666,64.84583333333333,0.7793073270810056,Blenheim,NA,Marlborough
2022,85,0,21.9,7.5,14.045833333333333,19.26864,1.6375,75.15416666666667,0.511735254394336,Blenheim,NA,Marlborough
2022,86,0,20.3,8.7,13.725,15.74496,1.9833333333333334,84.02083333333333,0.3022061780336899,Blenheim,NA,Marlborough
2022,87,0,18.1,12,14.4375,12.542760000000001,1.6875,81.52083333333333,0.3238066777938543,Blenheim,NA,Marlborough
2022,88,0,18.8,8.1,14.375,15.548400000000001,1.5166666666666666,82.29166666666667,0.3160258968622902,Blenheim,NA,Marlborough
2022,89,0,21.6,15.2,17.133333333333333,14.92272,1.3791666666666667,89.3125,0.23480472219593085,Blenheim,NA,Marlborough
2022,90,0,22.3,14.3,17.458333333333332,16.7958,1.4833333333333334,85.16666666666667,0.33422092475543763,Blenheim,NA,Marlborough
2022,91,0,21.4,12.9,16.2,11.797920000000001,1.7625,82,0.3632787739986652,Blenheim,NA,Marlborough
2022,92,0,21,10,15.033333333333333,17.65584,1.6,82.87916666666666,0.3453070828849578,Blenheim,NA,Marlborough
2022,93,0,23.1,11.6,16.804166666666667,17.54316,1.3791666666666667,84.29166666666667,0.3755716399333581,Blenheim,NA,Marlborough
2022,94,0,23,9.6,15.958333333333334,17.42328,1.6583333333333334,80.89583333333333,0.44282193010489096,Blenheim,NA,Marlborough
2022,95,0,24,11.4,17.570833333333333,11.643839999999997,2.5166666666666666,75.99583333333334,0.560020199947408,Blenheim,NA,Marlborough
2022,96,0,23.1,13.9,19.008333333333333,6.73632,2.9208333333333334,70.7,0.6718502941414025,Blenheim,NA,Marlborough
2022,97,0,17.6,8.6,13.141666666666666,17.00784,1.6083333333333334,70.0125,0.5010795298118339,Blenheim,NA,Marlborough
2022,98,0,19.8,5.8,12.2,16.6158,2.05,72.16666666666667,0.49968235546634904,Blenheim,NA,Marlborough
2022,99,0,17.3,5,10.575,14.59368,1.8291666666666666,81.82916666666667,0.284097477012809,Blenheim,NA,Marlborough
2022,100,0,19,6.5,12.016666666666667,15.99696,2.2625,83.67916666666666,0.29682476085061427,Blenheim,NA,Marlborough
2022,101,0,22,7,14.408333333333333,15.97896,2.9166666666666665,69.03333333333333,0.6650992639721631,Blenheim,NA,Marlborough
2022,102,0,22.5,14.8,18.308333333333334,10.82628,4.125,61.8625,0.8392794571894474,Blenheim,NA,Marlborough
2022,103,0.2,17,8.4,13.854166666666666,13.00176,2.3791666666666664,67.1125,0.5482429974019916,Blenheim,NA,Marlborough
2022,104,0,17.1,3.6,9.291666666666666,15.5538,2.033333333333333,74.48333333333333,0.3742691728354559,Blenheim,NA,Marlborough
2022,105,0,18.3,4,10.683333333333334,15.05268,1.9666666666666666,83.84583333333333,0.27240230825828365,Blenheim,NA,Marlborough
2022,106,0,23.7,7.6,15.6625,15.9138,2.841666666666667,65.14583333333333,0.8218508430926189,Blenheim,NA,Marlborough
2022,107,0,16.4,7.8,13.654166666666667,10.21068,2.0625,71.4375,0.46178614898244313,Blenheim,NA,Marlborough
2022,108,0,18.6,5.7,10.720833333333333,14.43888,2.1,77.33333333333333,0.3764603667304316,Blenheim,NA,Marlborough
2022,109,0,21.8,7.6,14.175,7.79724,1.9416666666666667,77.95833333333333,0.43245090855712925,Blenheim,NA,Marlborough
2022,110,0,24.1,13.5,18.470833333333335,11.49624,1.6333333333333333,79.09583333333333,0.5083701042042948,Blenheim,NA,Marlborough
2022,111,9,24.1,16.8,19.429166666666667,8.72388,2.066666666666667,82.22083333333333,0.4270753388916658,Blenheim,NA,Marlborough
2022,112,0.4,20.6,8.1,15.866666666666667,12.010679999999999,2.845833333333333,69.67083333333333,0.6015945971162029,Blenheim,NA,Marlborough
2022,113,0,16.7,4.8,10.283333333333333,10.34676,1.9083333333333334,76.60833333333333,0.3542226338019318,Blenheim,NA,Marlborough
2022,114,0,19.9,5.8,12.916666666666666,8.90208,2.575,70.32916666666667,0.506316120958631,Blenheim,NA,Marlborough
2022,115,0,17.9,8.6,12.716666666666667,12.79728,0.975,80.26666666666667,0.3293896648048859,Blenheim,NA,Marlborough
2022,116,0,21,5.6,12.216666666666667,13.27824,1.7916666666666667,79.64166666666667,0.3979599961486576,Blenheim,NA,Marlborough
2022,117,0,17.6,6,11.366666666666667,10.14264,2.175,83.9875,0.25972915943342617,Blenheim,NA,Marlborough
2022,118,0,16.4,11.3,13.208333333333334,10.95192,1.325,80.64583333333333,0.31275643019419735,Blenheim,NA,Marlborough
2022,119,0,16,6,11.2375,9.31752,1.3083333333333333,82.975,0.26245696517094286,Blenheim,NA,Marlborough
2022,120,0,20,4.2,11.341666666666667,12.609,2.2708333333333335,77.47916666666667,0.40935673394722255,Blenheim,NA,Marlborough
2022,121,0,21,13,17.045833333333334,10.52352,3.5458333333333334,64.92916666666666,0.7114251960632991,Blenheim,NA,Marlborough
2022,122,0,19.2,14.9,17.241666666666667,3.83112,2.225,75.54166666666667,0.4933100514460228,Blenheim,NA,Marlborough
2022,123,0,21.6,10.7,15.4125,11.519640000000003,1.7833333333333332,81.42083333333333,0.38515350846066854,Blenheim,NA,Marlborough
2022,124,0,17.8,8.8,13,6.904799999999998,1.6041666666666667,91.85416666666667,0.137619072637601,Blenheim,NA,Marlborough
2022,125,0,22,8.9,14.829166666666666,11.46708,1.6208333333333333,82.12083333333334,0.3977723569101313,Blenheim,NA,Marlborough
2022,126,0,21,8.3,12.916666666666666,11.24532,1.8875,81.5125,0.35236062814721475,Blenheim,NA,Marlborough
2022,127,0,21.7,7,13.554166666666667,11.298240000000002,1.9791666666666667,79.0625,0.4159991948230075,Blenheim,NA,Marlborough
2022,128,0,20.2,12.2,16.5625,8.66088,3.1666666666666665,67.19583333333333,0.6518970118081726,Blenheim,NA,Marlborough
2022,129,5.6000000000000005,19.3,13.5,16.15,5.39748,1.7208333333333334,82.1875,0.34008624042623775,Blenheim,NA,Marlborough
2022,130,2.6,16.2,9.3,12.5,8.7948,1.8041666666666667,79.28750000000001,0.3111386431212062,Blenheim,NA,Marlborough
2022,131,0,15.1,3.3,7.7,10.52424,1.8,81.68333333333334,0.2518524027405537,Blenheim,NA,Marlborough
2022,132,0,14.2,2.3,7.229166666666667,9.04932,2.033333333333333,84.725,0.20183294982725825,Blenheim,NA,Marlborough
2022,133,0,17.3,1.8,8.575,10.6722,1.825,80.46666666666667,0.30265346080700567,Blenheim,NA,Marlborough
2022,134,0,18.8,7.6,14.770833333333334,3.7548,2.658333333333333,65.6375,0.5955722699177712,Blenheim,NA,Marlborough
2022,135,5.2,14.6,12.5,13.491666666666667,1.90152,1.0708333333333333,91.65,0.13064653534785392,Blenheim,NA,Marlborough
2022,136,2.8,18.2,12.5,14.170833333333334,6.9714,1.1083333333333334,90.27916666666667,0.1729586012406075,Blenheim,NA,Marlborough
2022,137,0,19.2,8.3,14.283333333333333,4.26852,2,79.42083333333333,0.36357971307659254,Blenheim,NA,Marlborough
2022,138,0,21.6,7.8,13.4375,10.00404,1.9375,74.1625,0.5176852479139938,Blenheim,NA,Marlborough
2022,139,4.4,19.8,10.8,15.295833333333333,5.08752,3.9499999999999997,70.70833333333333,0.5372752889535786,Blenheim,NA,Marlborough
2022,140,4.8,12.1,6.7,10.129166666666666,4.82616,3.5541666666666667,73.575,0.3332038225140955,Blenheim,NA,Marlborough
2022,141,0,16.1,2.5,10.0625,9.718199999999998,5.170833333333333,60.958333333333336,0.5616921107653648,Blenheim,NA,Marlborough
2022,142,0,17.7,3.8,11.3875,9.53208,3.775,60.545833333333334,0.6112144693821308,Blenheim,NA,Marlborough
2022,143,0,16.4,3.8,9.3,9.45144,2.0166666666666666,68.84166666666667,0.4159646611897525,Blenheim,NA,Marlborough
2022,144,0,15.9,2.4,7.1875,9.38448,2.1708333333333334,77.98333333333333,0.2883254054771313,Blenheim,NA,Marlborough
2022,145,0,19,3.9,10.2375,9.28944,2.558333333333333,71.03333333333333,0.46002758551856093,Blenheim,NA,Marlborough
2022,146,0.2,11,5.9,9,4.00896,1.3083333333333333,76.75,0.274816038326556,Blenheim,NA,Marlborough
2022,147,0,14.7,1.6,6.345833333333333,8.9046,1.8375,82.80416666666667,0.22075960185717422,Blenheim,NA,Marlborough
2022,148,0,17,2.4,8.4125,8.99316,2.1416666666666666,77.41666666666667,0.32217172928181004,Blenheim,NA,Marlborough
2022,149,0,16.6,3.4,8.3375,8.301600000000002,1.775,76.20416666666667,0.31265856230665945,Blenheim,NA,Marlborough
2022,150,8.6,11.3,5.5,8.925,1.4284799999999997,2.05,92.72083333333333,0.07797640538540099,Blenheim,NA,Marlborough
2022,151,3.4000000000000004,20.2,9.5,13.920833333333333,7.83612,1.9833333333333334,84.44166666666666,0.302486888534416,Blenheim,NA,Marlborough
2022,152,14.200000000000001,17.9,11.7,14.741666666666667,5.932439999999999,2.65,78.775,0.37351083500454463,Blenheim,NA,Marlborough
2022,153,6.8,14.8,9.6,12.166666666666666,2.33856,1.9166666666666665,87.49583333333334,0.18498958882111294,Blenheim,NA,Marlborough
2022,154,1.6,13.5,6.4,9.279166666666667,4.06512,1.625,88.50833333333333,0.14623804856195505,Blenheim,NA,Marlborough
2022,155,0,14.2,2.7,6.833333333333333,8.79768,2.075,85.2125,0.18894598316439998,Blenheim,NA,Marlborough
2022,156,0,10.6,2,6.258333333333333,4.05612,2.2083333333333335,86.02083333333333,0.14973865907721745,Blenheim,NA,Marlborough
2022,157,0.2,18.2,9.2,13.341666666666667,8.30772,2.004166666666667,80.04166666666667,0.3429658358785456,Blenheim,NA,Marlborough
2022,158,1.8,17.2,8.7,12.170833333333334,4.71816,2.1291666666666664,82.55,0.2709286253557928,Blenheim,NA,Marlborough
2022,159,14.4,16.3,8.1,11.366666666666667,4.9698,2.5416666666666665,85.48333333333333,0.2342502565946221,Blenheim,NA,Marlborough
2022,160,6.2,14.9,7.4,10.191666666666666,5.840999999999999,2.3583333333333334,84.1125,0.21370412586842422,Blenheim,NA,Marlborough
2022,161,9.2,14.6,9.7,12.145833333333334,8.38512,4.183333333333334,68.125,0.45993644769247366,Blenheim,NA,Marlborough
2022,162,3.4,14.2,7.2,10.029166666666667,7.984440000000002,3.4916666666666667,75.15416666666667,0.333794890084554,Blenheim,NA,Marlborough
2022,163,9.4,12.8,4.9,8.7625,2.4807600000000005,2.908333333333333,78.60416666666667,0.24576396725272504,Blenheim,NA,Marlborough
2022,164,3.6,12,5.6,9.295833333333333,2.91888,4.166666666666667,69.11666666666667,0.37955173917319635,Blenheim,NA,Marlborough
2022,165,0,16.4,3.4,10.629166666666666,6.99048,4.091666666666667,63.74583333333334,0.5194808902386042,Blenheim,NA,Marlborough
2022,166,0,16.1,8.4,11.929166666666667,7.82028,4.791666666666667,53.6625,0.6708629484584134,Blenheim,NA,Marlborough
2022,167,0,15.8,3.3,10.1625,4.361400000000001,2.8666666666666667,65.27083333333333,0.46851812954079036,Blenheim,NA,Marlborough
2022,168,0,11.4,5.7,9.766666666666666,2.98476,1.6125,79.68333333333334,0.2532779006031293,Blenheim,NA,Marlborough
2022,169,2.2,11.6,4,7.770833333333333,3.0618,1.65,90.33333333333333,0.11560432523268846,Blenheim,NA,Marlborough
2022,170,0,12.6,2.8,7.1125,7.97004,1.5333333333333334,81.77083333333333,0.21427953473213035,Blenheim,NA,Marlborough
2022,171,0.2,9.4,-0.1,5.1375,5.957999999999999,2.345833333333333,82.4125,0.18415919320450602,Blenheim,NA,Marlborough
2022,172,0,11.7,0.2,4.358333333333333,8.0118,1.8166666666666667,80.90833333333333,0.20177959883585148,Blenheim,NA,Marlborough
2022,173,0,12,0,4,7.2252,1.8583333333333334,85.61666666666666,0.1488816715437803,Blenheim,NA,Marlborough
2022,174,0,12.4,0,4.15,7.7904,1.875,81.19583333333333,0.19593324446690846,Blenheim,NA,Marlborough
2022,175,0,11.4,0.9,6.5,2.62728,1.9333333333333333,83.53333333333333,0.16594686876756307,Blenheim,NA,Marlborough
2022,176,0,14.1,7.6,10,3.84084,1.575,94.125,0.07789841032704724,Blenheim,NA,Marlborough
2022,177,0,16.9,5.4,9.4875,7.9254,2.0375,83.85416666666667,0.22603096484317703,Blenheim,NA,Marlborough
2022,178,0,16.4,2.9,8.691666666666666,7.53552,2.3666666666666667,73.275,0.39516961722897825,Blenheim,NA,Marlborough
2022,179,17,9.1,5.2,7.375,1.5685200000000001,1.0833333333333333,92.20416666666667,0.07698684777382815,Blenheim,NA,Marlborough
2022,180,0.4,13.6,3.3,7.2125,8.55792,1.9125,86.20416666666667,0.18279066474967795,Blenheim,NA,Marlborough
2022,181,0,15,1.9,7.820833333333334,6.83928,2.9916666666666667,73.97916666666667,0.35590925266740175,Blenheim,NA,Marlborough
2022,182,0,12.8,5,8.733333333333333,8.03088,2.0791666666666666,69.40416666666667,0.3684064828672373,Blenheim,NA,Marlborough
2022,183,0,14.2,2.8,6.8,7.90128,2.370833333333333,73.14583333333333,0.2942950202363626,Blenheim,NA,Marlborough
2022,184,0,16.2,0.6,7.3375,8.31492,2.2958333333333334,74.09583333333333,0.347471424895578,Blenheim,NA,Marlborough
2022,185,0,14.3,2,7.883333333333333,8.06688,2.1916666666666664,70.5625,0.34234945335591876,Blenheim,NA,Marlborough
2022,186,0,13.8,5.9,9.379166666666666,3.3354,2.4791666666666665,68.56666666666666,0.38147930552643083,Blenheim,NA,Marlborough
2022,187,0,12,3.6,7.245833333333334,4.4910000000000005,1.7125,82.725,0.19170813173088033,Blenheim,NA,Marlborough
2022,188,0,9.8,1.3,5.3625,5.38092,1.7541666666666667,81.35416666666667,0.18618849480931512,Blenheim,NA,Marlborough
2022,189,16.400000000000002,11.8,6.3,8.591666666666667,4.05,2.0208333333333335,94.15833333333333,0.06746876946979381,Blenheim,NA,Marlborough
2022,190,2.2,17.6,8.4,14.066666666666666,7.37352,4.770833333333333,64.2625,0.6076959397990995,Blenheim,NA,Marlborough
2022,191,0.6000000000000001,10,6.2,7.975,5.45724,1.8041666666666667,69.7125,0.33048624744634125,Blenheim,NA,Marlborough
2022,192,5.6,8.8,6.2,7.625,1.63512,1.5083333333333333,80.2125,0.208684747879687,Blenheim,NA,Marlborough
2022,193,67.8,12.1,9.3,10.691666666666666,1.68444,1.9916666666666667,95.875,0.053153449339905075,Blenheim,NA,Marlborough
2022,194,0.2,17.6,9.4,12.883333333333333,8.64648,3.9166666666666665,68.09166666666667,0.5139971038657303,Blenheim,NA,Marlborough
2022,195,0,13.2,3.5,8.7625,6.9516,1.8208333333333333,74.79583333333333,0.32020106329912146,Blenheim,NA,Marlborough
2022,196,2.2,11.1,4.7,7.220833333333333,5.26932,1.5375,81.8875,0.19697142185277086,Blenheim,NA,Marlborough
2022,197,0.2,11.3,1.3,5.4125,9.14184,1.675,82.90416666666667,0.18498746647993425,Blenheim,NA,Marlborough
2022,198,0,14.3,0.4,6.9125,8.10864,3.05,71.56666666666666,0.3647793911775939,Blenheim,NA,Marlborough
2022,199,0,14.8,10.9,13.408333333333333,3.23604,6.408333333333333,63.32083333333333,0.5719762586170706,Blenheim,NA,Marlborough
2022,200,2.4,17.4,10.4,13.920833333333333,4.888079999999999,3.4291666666666667,74.025,0.4317021162376521,Blenheim,NA,Marlborough
2022,201,1.4000000000000001,10.8,8.5,9.725,2.32452,1.1875,94.24583333333334,0.06939678205914766,Blenheim,NA,Marlborough
2022,202,10.6,12.3,4,8.554166666666667,3.3948,1.5041666666666667,76.74166666666666,0.27803818617566367,Blenheim,NA,Marlborough
2022,203,0,12.6,0.3,5.320833333333333,9.77112,1.6708333333333334,77.025,0.24998990843189786,Blenheim,NA,Marlborough
2022,204,0,9.9,1.8,4.9,5.859719999999999,1.7625,81.825,0.1777157565186081,Blenheim,NA,Marlborough
2022,205,0,10.6,5,6.8375,5.72544,1.4958333333333333,80.11666666666666,0.21102376128329653,Blenheim,NA,Marlborough
2022,206,18.4,9.8,5.4,7.9125,1.3301999999999998,1.975,89.80416666666666,0.10661260157860641,Blenheim,NA,Marlborough
2022,207,36.4,13.9,8,10.129166666666666,4.36536,1.6583333333333334,95.5375,0.061410160264775894,Blenheim,NA,Marlborough
2022,208,1,13.5,8.2,11.029166666666667,4.56948,0.7208333333333333,95.25833333333333,0.06485101077153377,Blenheim,NA,Marlborough
2022,209,3.4,15.5,7.8,10.2125,6.70608,1.5958333333333334,87.875,0.1742113984095413,Blenheim,NA,Marlborough
2022,210,0,16.3,3.8,9.541666666666666,10.06416,2.8833333333333333,75.04583333333333,0.37904238251824074,Blenheim,NA,Marlborough
2022,211,38.4,9.7,3.5,6.708333333333333,2.10672,2.275,88.92916666666667,0.11245081936090331,Blenheim,NA,Marlborough
2022,212,13.4,10.4,3.3,6.7875,5.2992,1.6625,86.31666666666666,0.14455411796735956,Blenheim,NA,Marlborough
2022,213,0,14.9,1.3,7.241666666666666,10.98144,3.095833333333333,67.0875,0.4041502003766989,Blenheim,NA,Marlborough
2022,214,0,16.6,9.4,12.983333333333334,9.2574,5.3625,60.166666666666664,0.6068651920851645,Blenheim,NA,Marlborough
2022,215,1.4,17.7,10.4,13.804166666666667,10.94832,5.120833333333334,64.09166666666667,0.5967296352390757,Blenheim,NA,Marlborough
2022,216,0,18.5,4,10.816666666666666,11.65824,3.058333333333333,58.75833333333333,0.6351425738116138,Blenheim,NA,Marlborough
2022,217,0,15.2,3.3,10.645833333333334,7.39584,3.3375,62.21666666666667,0.5214052891290463,Blenheim,NA,Marlborough
2022,218,8.6,16.6,13.4,14.770833333333334,2.98368,2.5083333333333333,81.04166666666667,0.32304250696044146,Blenheim,NA,Marlborough
2022,219,1.4,18.5,9.2,13.333333333333334,10.09728,2.7,72.90416666666667,0.46022121742030736,Blenheim,NA,Marlborough
2022,220,1.4,9.5,6.1,7.375,3.07008,2.754166666666667,69.02083333333333,0.32044857357400164,Blenheim,NA,Marlborough
2022,221,0,10.3,4.1,7.633333333333334,6.2316,2.9333333333333336,64.25416666666666,0.38075889209728275,Blenheim,NA,Marlborough
2022,222,0,9.8,-1.4,3.5416666666666665,12.162240000000002,1.525,76.9625,0.21864697428797075,Blenheim,NA,Marlborough
2022,223,0,11.5,-1.8,3.779166666666667,11.662920000000002,1.8583333333333334,78.19166666666666,0.22719115685393265,Blenheim,NA,Marlborough
2022,224,0,11.2,-0.9,4.154166666666667,12.351240000000002,2.0791666666666666,78.87916666666666,0.21623416496056153,Blenheim,NA,Marlborough
2022,225,0,12.3,0.5,5.5,12.4848,2.0458333333333334,75.99583333333334,0.26565711867164304,Blenheim,NA,Marlborough
2022,226,0,15.5,0.5,6.6875,12.91716,2.3166666666666664,72,0.3464692594020355,Blenheim,NA,Marlborough
2022,227,0,12.3,1.7,6.7875,6.46956,1.55,73.60833333333333,0.2808469860820155,Blenheim,NA,Marlborough
2022,228,0,16.2,6.7,11.25,3.14064,1.7333333333333334,80.27083333333333,0.2913045382617768,Blenheim,NA,Marlborough
2022,229,24.2,16.2,12.5,14.295833333333333,2.7432,1.5583333333333333,92.15,0.1274943298992271,Blenheim,NA,Marlborough
2022,230,36.4,16.3,13,14.895833333333334,3.1316400000000004,1.4166666666666667,95.00833333333333,0.08512952409715863,Blenheim,NA,Marlborough
2022,231,13.200000000000001,17.6,15.1,16.316666666666666,3.1046399999999994,2.2375,91.175,0.16778712913645466,Blenheim,NA,Marlborough
2022,232,19.4,19.8,13.7,16.645833333333332,10.32696,2.3625,82.97916666666667,0.3468001861699822,Blenheim,NA,Marlborough
2022,233,0.6000000000000001,17.2,12.2,14.104166666666666,5.65632,2.308333333333333,74.6,0.42340869823131155,Blenheim,NA,Marlborough
2022,234,3,14,7.7,10.2125,4.79124,1.5583333333333333,85.3375,0.19344851915072214,Blenheim,NA,Marlborough
2022,235,0.2,14,8,10.641666666666667,12.224159999999998,1.1541666666666666,89.0625,0.15418740957989369,Blenheim,NA,Marlborough
2022,236,0,17.1,8.1,12.579166666666667,13.762800000000004,4.2625,61.125,0.6022918802985285,Blenheim,NA,Marlborough
2022,237,2.1999999999999997,13.6,7.4,10.641666666666666,8.65656,1.5999999999999999,86.57916666666667,0.18005019354512047,Blenheim,NA,Marlborough
2022,238,0.2,14.1,7.6,11.0875,5.8266,2.1166666666666667,78.33333333333333,0.30545662758493813,Blenheim,NA,Marlborough
2022,239,0,13.4,3.1,8.120833333333334,12.636,2.1166666666666667,85.27083333333333,0.18700843539744627,Blenheim,NA,Marlborough
2022,240,0,12.4,7.9,9.65,7.7094,1.7375,77.47083333333333,0.2819884042154184,Blenheim,NA,Marlborough
2022,241,0.2,12.1,6.2,8.908333333333333,10.85904,1.6208333333333333,78.02916666666667,0.267372406571743,Blenheim,NA,Marlborough
2022,242,0,16.4,2.5,9.1375,15.59016,2.4166666666666665,69.6875,0.41618892331995216,Blenheim,NA,Marlborough
2022,243,0,16.6,3.7,10.7125,12.8682,3.841666666666667,68.15833333333333,0.48830737294512044,Blenheim,NA,Marlborough
2022,244,0,20.1,10.9,14.55,14.31288,3.2416666666666667,62.041666666666664,0.6673678287139586,Blenheim,NA,Marlborough
2022,245,0,19,11,14.125,12.22308,3.745833333333333,64.41666666666667,0.5986387091603343,Blenheim,NA,Marlborough
2022,246,0.2,19.3,11.4,14.979166666666668,13.96152,3.7125,64.7875,0.6399781145131964,Blenheim,NA,Marlborough
2022,247,0,16.8,8.4,12.416666666666666,16.73712,5.279166666666667,46.55833333333333,0.8046656805495309,Blenheim,NA,Marlborough
2022,248,0,10.3,5.9,7.633333333333334,5.15736,1.8291666666666666,79.47916666666667,0.21544076863881914,Blenheim,NA,Marlborough
2022,249,0,11.5,1.9,5.9,17.29116,2.25,56.645833333333336,0.4339662548743975,Blenheim,NA,Marlborough
2022,250,0,13.6,-1.4,5.420833333333333,17.68932,2.3541666666666665,68.1375,0.37159901797068295,Blenheim,NA,Marlborough
2022,251,0,13,2.9,7.541666666666667,8.25588,2.0625,72.975,0.30499485946713917,Blenheim,NA,Marlborough
2022,252,0,15,5.8,9.775,12.26664,1.9041666666666668,74.67083333333333,0.3293943432340848,Blenheim,NA,Marlborough
2022,253,0.2,15.3,6.3,10.516666666666666,11.560319999999997,1.9291666666666667,80.15416666666667,0.27325737930462357,Blenheim,NA,Marlborough
2022,254,9.8,16.3,9.2,11.466666666666667,14.8428,1.5791666666666666,85.44166666666666,0.22424456851152022,Blenheim,NA,Marlborough
2022,255,0.6000000000000001,14.9,9.1,11.875,8.93088,2.1791666666666667,82.45,0.26178906994306295,Blenheim,NA,Marlborough
2022,256,0.2,16.2,7.3,12.508333333333333,14.56092,4.666666666666667,56.3625,0.6548631696737516,Blenheim,NA,Marlborough
2022,257,0,12.6,3.1,7.733333333333333,17.89524,2.1458333333333335,65.80416666666666,0.3945389746705812,Blenheim,NA,Marlborough
2022,258,0,15.4,0.3,7.666666666666667,19.29384,2.1458333333333335,67.31666666666666,0.43610120402614394,Blenheim,NA,Marlborough
2022,259,0,13.7,1.6,7.983333333333333,14.81904,2.2916666666666665,71.37083333333334,0.3306833794242582,Blenheim,NA,Marlborough
2022,260,0,16.8,3.2,9.825,18.495,1.6625,75.07083333333334,0.3776426666303122,Blenheim,NA,Marlborough
2022,261,0,18.4,4,11.020833333333334,17.99496,2.1708333333333334,70.625,0.48337884357528627,Blenheim,NA,Marlborough
2022,262,1.4000000000000001,18.1,10.5,13.675,9.93888,2.3333333333333335,74.79583333333333,0.4023585061983412,Blenheim,NA,Marlborough
2022,263,0,19.3,7.3,13.258333333333333,17.59968,3.345833333333333,71.35416666666667,0.513041435561302,Blenheim,NA,Marlborough
2022,264,0.2,14.8,9,11.779166666666667,8.19216,1.575,82.12916666666666,0.2576790405177841,Blenheim,NA,Marlborough
2022,265,0,13.9,9,10.7125,12.852,1.925,79.44166666666666,0.27292993033369417,Blenheim,NA,Marlborough
2022,266,8.2,13.2,7.4,10.075,3.52908,1.8458333333333334,85.50833333333333,0.1863164687423165,Blenheim,NA,Marlborough
2022,267,0.2,16.4,8.4,12.383333333333333,17.03952,2.0083333333333333,87.075,0.21127812685256045,Blenheim,NA,Marlborough
2022,268,0,15.2,9.6,11.770833333333334,17.56908,1.7875,80.51666666666667,0.2905940975869414,Blenheim,NA,Marlborough
2022,269,0,15.6,8.5,11.166666666666666,19.368719999999996,1.9291666666666667,69.1625,0.43014772242028704,Blenheim,NA,Marlborough
2022,270,0,19.4,7.4,13.129166666666666,16.83252,2.8125,67.52083333333333,0.580728969399821,Blenheim,NA,Marlborough
2022,271,0.2,18.7,12.4,15.0875,13.1292,3.0833333333333335,67.53333333333333,0.5728908862974437,Blenheim,NA,Marlborough
2022,272,6,18.8,11.5,15.120833333333334,7.46424,1.8416666666666666,81.73333333333333,0.3335946886707526,Blenheim,NA,Marlborough
2022,273,11.4,10.4,7.3,8.983333333333334,7.81092,2.6791666666666667,84.28333333333333,0.17864111099979052,Blenheim,NA,Marlborough
2022,274,2.4,10,7.4,8.683333333333334,5.40324,2.9583333333333335,80.61666666666666,0.21692941589474143,Blenheim,NA,Marlborough
2022,275,3.6,11.2,7.3,9,5.71896,1.6083333333333334,80.28333333333333,0.23147226055902692,Blenheim,NA,Marlborough
2022,276,0,12.6,5.7,9.633333333333333,9.31248,1.5625,81.04166666666667,0.24055747240407307,Blenheim,NA,Marlborough
2022,277,0,16.3,3.3,11.045833333333334,22.46256,3.475,71.17083333333333,0.4461760047813155,Blenheim,NA,Marlborough
2022,278,0,15.8,4.9,10.366666666666667,17.7822,4.270833333333333,61.19166666666667,0.5154731732807631,Blenheim,NA,Marlborough
2022,279,0.4,12.5,1.6,6.658333333333333,23.903279999999995,2.154166666666667,55.729166666666664,0.5099071125379221,Blenheim,NA,Marlborough
2022,280,0,13.9,0.5,7.679166666666666,23.92668,2.525,62.325,0.45951182457499107,Blenheim,NA,Marlborough
2022,281,0,19.7,3.3,11.375,24.767640000000004,2.783333333333333,61.65833333333333,0.6623243309869371,Blenheim,NA,Marlborough
2022,282,0,19.3,8.6,14.1,24.43932,4.683333333333334,54.733333333333334,0.7851801267045192,Blenheim,NA,Marlborough
2022,283,0,18.3,11.3,15.0625,21.90096,5.541666666666667,57.77916666666667,0.7463149442458938,Blenheim,NA,Marlborough
2022,284,0,21.2,11.1,15.666666666666666,17.73648,3.0208333333333335,64.95416666666667,0.668739135472783,Blenheim,NA,Marlborough
2022,285,0,15.1,9,11.695833333333333,16.9758,1.8375,71.44166666666666,0.41446722457762203,Blenheim,NA,Marlborough
2022,286,0.4,13.3,6.3,10.2125,10.22328,2.029166666666667,76.5125,0.3036641122065668,Blenheim,NA,Marlborough
2022,287,0,13.2,6,9.183333333333334,12.59352,1.8083333333333333,75.60833333333333,0.3047581908991661,Blenheim,NA,Marlborough
2022,288,0,14,8.3,10.654166666666667,14.23332,1.9333333333333333,72.7875,0.3612927238562673,Blenheim,NA,Marlborough
2022,289,0,16.8,4.7,11.420833333333334,25.07832,2.2416666666666667,76.60833333333333,0.37787949188535036,Blenheim,NA,Marlborough
2022,290,0,19.6,7,12.770833333333334,23.56632,2.5041666666666664,74.8625,0.4495766948980398,Blenheim,NA,Marlborough
2022,291,0,21.5,8,14.208333333333334,20.3112,3.033333333333333,56.74166666666667,0.8343897405188272,Blenheim,NA,Marlborough
2022,292,0,17.6,7.6,12.829166666666667,25.45632,2.816666666666667,62.75833333333333,0.6063978342788333,Blenheim,NA,Marlborough
2022,293,0,22.2,8.8,15.866666666666667,25.52544,5.283333333333333,42.108333333333334,1.1368354843400275,Blenheim,NA,Marlborough
2022,294,0,15.8,8.1,11.395833333333334,22.747319999999995,2.0625,58.916666666666664,0.5796339771666917,Blenheim,NA,Marlborough
2022,295,0,14.7,5,10.425,26.34948,1.9291666666666667,70.225,0.4133890155649356,Blenheim,NA,Marlborough
2022,296,0,24.4,7.4,15.6625,27.05796,2.9583333333333335,59.75,0.9042433521461399,Blenheim,NA,Marlborough
2022,297,0,23.9,11.2,16.708333333333332,21.69828,4.016666666666667,46.38333333333333,1.0992344993779974,Blenheim,NA,Marlborough
2022,298,0.2,11.2,5.7,9.516666666666667,7.9398,1.8541666666666667,71.66666666666667,0.34365141113937653,Blenheim,NA,Marlborough
2022,299,0,22,4.4,14.2375,24.45156,3.970833333333333,63.2875,0.7905812612879636,Blenheim,NA,Marlborough
2022,300,0,18.7,10.1,14.970833333333333,23.843159999999997,2.4625,67.025,0.584649420426965,Blenheim,NA,Marlborough
2022,301,0.4,20.9,12.8,16.575,9.2592,2.033333333333333,76.75,0.4689984285839328,Blenheim,NA,Marlborough
2022,302,9.4,21.8,15.8,18.241666666666667,15.22044,2.375,83.75833333333334,0.3668392299148139,Blenheim,NA,Marlborough
2022,303,0,22.9,14.5,19.5625,24.88212,5.433333333333334,55.74166666666667,1.046561255275873,Blenheim,NA,Marlborough
2022,304,0,23.4,10.4,17.045833333333334,27.66924,2.004166666666667,64.94583333333334,0.7786049952006753,Blenheim,NA,Marlborough
2022,305,0,22.7,9.4,16.804166666666667,28.73736,3.9791666666666665,59.483333333333334,0.8652390096952697,Blenheim,NA,Marlborough
2022,306,0,20.2,15.9,17.966666666666665,6.13476,4.7375,65.19583333333334,0.7164635402604581,Blenheim,NA,Marlborough
2022,307,7.2,22.7,15.5,19.216666666666665,22.54644,5.483333333333333,59.84583333333333,0.940280824368054,Blenheim,NA,Marlborough
2022,308,0,22.6,13.2,17.9875,29.00664,4.458333333333333,47.375,1.1548248292663288,Blenheim,NA,Marlborough
2022,309,0,17.8,11.5,14.604166666666666,26.50392,3.4166666666666665,60.47083333333333,0.6706731112139447,Blenheim,NA,Marlborough
2022,310,0,17,10.2,13.570833333333333,26.15184,2.341666666666667,72.1625,0.4545585403905921,Blenheim,NA,Marlborough
2022,311,0,24.2,7.6,15.775,29.952,2.7375,64.3875,0.8290855763599014,Blenheim,NA,Marlborough
2022,312,0,17.6,7.8,13.095833333333333,27.99864,2.845833333333333,79.59583333333333,0.34754434306989235,Blenheim,NA,Marlborough
2022,313,0,21.4,8.1,15.1,30.48336,2.6208333333333336,71.54166666666667,0.5898605786835001,Blenheim,NA,Marlborough
2022,314,0,16.9,9.8,14.05,24.59808,3.0791666666666666,61.025,0.6376045085805873,Blenheim,NA,Marlborough
2022,315,10.799999999999999,15.5,9.7,12.795833333333333,9.29628,2.183333333333333,72.61666666666667,0.41065282567002215,Blenheim,NA,Marlborough
2022,316,0.6000000000000001,24.1,11.9,17.2125,24.45192,2.7708333333333335,76.04583333333333,0.5614603382897767,Blenheim,NA,Marlborough
2022,317,2.8,19.7,12.2,16.308333333333334,25.58196,1.975,80.475,0.388233993474335,Blenheim,NA,Marlborough
2022,318,0,16.9,11,14.766666666666666,27.25092,3.0833333333333335,79.94166666666666,0.35018785374817996,Blenheim,NA,Marlborough
2022,319,0,27.3,9.8,18.4875,30.75552,2.4375,62.4125,1.0222180243899965,Blenheim,NA,Marlborough
2022,320,0,25.3,13,18.875,25.146000000000004,1.9875,56.5125,1.065247334179054,Blenheim,NA,Marlborough
2022,321,0,20.9,13.6,17.3625,17.1522,1.7875,74.4625,0.5249640403798906,Blenheim,NA,Marlborough
2022,322,19.8,22.4,14.5,17.5125,18.63036,1.5958333333333334,83.79583333333333,0.3687971642082384,Blenheim,NA,Marlborough
2022,323,10.8,21,14.9,17.404166666666665,17.62776,1.6416666666666666,81.04583333333333,0.4180046324581163,Blenheim,NA,Marlborough
2022,324,7.4,19.3,12.2,15.808333333333334,14.33736,1.4916666666666667,87.14166666666667,0.2504162519913448,Blenheim,NA,Marlborough
2022,325,0.4,20.1,12.6,17.045833333333334,15.16896,2.529166666666667,76.7625,0.49023096963895696,Blenheim,NA,Marlborough
2022,326,0,22.2,13.7,17.995833333333334,28.12752,3.775,54.9375,0.9880379130597088,Blenheim,NA,Marlborough
2022,327,0.6000000000000001,22.5,12.9,17.2,29.94516,4.704166666666667,52.6125,1.0478684841902977,Blenheim,NA,Marlborough
2022,328,1.2,19.4,10.8,14.141666666666667,19.70892,4.041666666666667,65.575,0.6002873313709706,Blenheim,NA,Marlborough
2022,329,0,19.1,6.7,14.0375,27.24552,2.8833333333333333,60.333333333333336,0.6972488153139956,Blenheim,NA,Marlborough
2022,330,0,22,11.9,16.375,24.51096,4.354166666666667,52.84583333333333,0.9325524561798063,Blenheim,NA,Marlborough
2022,331,6,17.9,12,14.358333333333334,13.86792,1.675,83.35833333333333,0.2926692417528335,Blenheim,NA,Marlborough
2022,332,1.2,21.1,10.6,15.141666666666667,31.671,2.283333333333333,72.9125,0.529843293912568,Blenheim,NA,Marlborough
2022,333,0,22,11.7,16.6,18.58464,3.5166666666666666,58.05833333333334,0.8329410551944785,Blenheim,NA,Marlborough
2022,334,3.6,22.8,12.6,16.8625,22.735799999999998,2.2083333333333335,76.51666666666667,0.532065029125312,Blenheim,NA,Marlborough
2022,335,8.200000000000001,16.7,8.8,12.583333333333334,14.8806,2.091666666666667,87.17083333333333,0.21406049011311135,Blenheim,NA,Marlborough
2022,336,0.2,15.8,7.8,11.941666666666666,16.16292,1.8125,80.80833333333334,0.29451543518767825,Blenheim,NA,Marlborough
2022,337,0,15.5,9.3,12.170833333333334,18.14436,1.9208333333333334,77.81666666666666,0.33451212837458755,Blenheim,NA,Marlborough
2022,338,0,22.4,8,15.604166666666666,31.95252,2.158333333333333,75.17916666666667,0.5409675525163617,Blenheim,NA,Marlborough
2022,339,0,19.4,12.1,16.058333333333334,32.03172,2.504166666666667,76.34583333333333,0.4582099196890605,Blenheim,NA,Marlborough
2022,340,0,23.4,11.6,17.191666666666666,32.14152,2.7875,62.5625,0.8343096240445903,Blenheim,NA,Marlborough
2022,341,0,14.1,10.6,12.675,11.25108,2.0875,71.80416666666666,0.419549909397058,Blenheim,NA,Marlborough
2022,342,0,20.2,8.1,14.983333333333334,28.55952,2.279166666666667,61.5375,0.7228240432185433,Blenheim,NA,Marlborough
2022,343,13.6,17.4,12.5,15.1625,8.70192,0.9875,84.4875,0.26497362465825364,Blenheim,NA,Marlborough
2022,344,0,24.1,14.3,18.670833333333334,19.37016,2.8833333333333333,71.775,0.6946000719650143,Blenheim,NA,Marlborough
2022,345,0,23.8,10.4,17.9,33.61212,2.775,61.8375,0.9236267290652865,Blenheim,NA,Marlborough
2022,346,0,23.1,11.2,15.1,17.62272,1.7666666666666666,73.39583333333333,0.4955374852924744,Blenheim,NA,Marlborough
