year,day,ta_max,ta_min
2014,1,22,10.8
2014,2,20.5,14.2
2014,3,23.4,13.6
2014,4,21.7,14.3
2014,5,24.9,14.8
2014,6,24.5,12
2014,7,23.9,11.4
2014,8,21.6,10.5
2014,9,17.9,9.4
2014,10,22.1,5.6
2014,11,19.3,6.9
2014,12,23.3,10.9
2014,13,19.3,7.5
2014,14,21.9,1.9
2014,15,27,5
2014,16,27.6,11.6
2014,17,19.6,5.6
2014,18,20.7,4.5
2014,19,27.2,19
2014,20,17.9,12.9
2014,21,16.2,11.2
2014,22,24.6,12.5
2014,23,22.6,7.6
2014,24,23.5,2.6
2014,25,30.1,11.8
2014,26,27.1,8.2
2014,27,19.3,5
2014,28,23,3.3
2014,29,30.1,6.5
2014,30,24.2,12.3
2014,31,18.8,12.6
2014,32,21.2,14
2014,33,22.8,8.9
2014,34,28.1,6.5
2014,35,30.3,7.1
2014,36,16.6,8.5
2014,37,20.1,6.2
2014,38,19,3.3
2014,39,24.3,9.1
2014,40,18.4,10.8
2014,41,19.7,8
2014,42,21,10.1
2014,43,22.7,9.7
2014,44,24.1,10.3
2014,45,22.2,8.1
2014,46,26.3,10.9
2014,47,23.1,8.9
2014,48,29,10.7
2014,49,31.7,16
2014,50,21.1,14
2014,51,22.6,12.1
2014,52,30.4,14.8
2014,53,29.2,18.4
2014,54,18.7,7.5
2014,55,25,3.8
2014,56,14.9,11.7
2014,57,23.8,11.7
2014,58,29.7,10.9
2014,59,22.3,7.1
2014,60,18.4,1.8
2014,61,24.9,8.6
2014,62,15.3,6.7
2014,63,12.4,7.8
2014,64,12.3,7.2
2014,65,21.4,5.4
2014,66,19.8,6.3
2014,67,22.2,11.8
2014,68,16.8,10.7
2014,69,21,8.5
2014,70,19.3,12.7
2014,71,21.4,13.1
2014,72,26.7,6.1
2014,73,21,7.4
2014,74,17.7,5.3
2014,75,17.9,15.1
2014,76,26.6,14.7
2014,77,20.4,14.8
2014,78,21.7,12.2
2014,79,24.3,10.2
2014,80,18.4,5.1
2014,81,19.3,3.1
2014,82,20.2,1.4
2014,83,23.6,2.5
2014,84,19,8.6
2014,85,16.7,4.1
2014,86,24.1,3.3
2014,87,21.5,5.1
2014,88,23.1,10.3
2014,89,24.3,6.6
2014,90,20.9,10.1
2014,91,19.6,10.4
2014,92,19.7,8.1
2014,93,19.7,8.3
2014,94,17.7,7.7
2014,95,15.6,12.7
2014,96,17.4,12.1
2014,97,15.5,10.4
2014,98,11.7,9.9
2014,99,15.8,11
2014,100,15.2,10.9
2014,101,18.1,11.9
2014,102,13.7,8.7
2014,103,11.8,7.5
2014,104,13.5,3.7
2014,105,21.4,11.2
2014,106,15,9
2014,107,13.3,7.6
2014,108,16.7,7.45
2014,109,23.7,11.3
2014,110,19.4,12.9
2014,111,19.5,6.4
2014,112,13,5.5
2014,113,18.7,7.3
2014,114,17.9,8.7
2014,115,22.2,3.4
2014,116,19.5,1.8
2014,117,18.1,1
2014,118,15,5.2
2014,119,9.1,7.4
2014,120,14.7,0.7
2014,121,15.2,-0.1
2014,122,17.8,3.8
2014,123,22.4,5
2014,124,14.7,0.6
2014,125,21.8,9.5
2014,126,20.5,13
2014,127,19.2,9.9
2014,128,15.9,5
2014,129,13.7,4.1
2014,130,14.3,1.9
2014,131,17,1.5
2014,132,19,0.1
2014,133,12.6,8.3
2014,134,12.3,5.9
2014,135,13.9,2.6
2014,136,15.1,1.5
2014,137,17.9,1.5
2014,138,19.7,1.4
2014,139,19.1,3.1
2014,140,21.3,16.2
2014,141,20.3,6.9
2014,142,14.7,3.2
2014,143,20.9,10.7
2014,144,18.2,6.3
2014,145,15.1,0.3
2014,146,8,-2.2
2014,147,11.5,-3.3
2014,148,17.6,8.8
2014,149,20,5.2
2014,150,11.7,-1
2014,151,14.2,-1.2
2014,152,12,-1.8
2014,153,12.6,-3.4
2014,154,13.3,-2.8
2014,155,12.8,-1.9
2014,156,20.1,-0.6
2014,157,13.2,9.3
2014,158,18.2,8.5
2014,159,9.5,8.1
2014,160,10.4,8.2
2014,161,10.6,7.9
2014,162,8.9,7.5
2014,163,10,4.6
2014,164,13.7,1.1
2014,165,14,0.8
2014,166,16.2,1.6
2014,167,10.9,2.4
2014,168,18.3,6.6
2014,169,12.2,7.3
2014,170,13.2,2.2
2014,171,11.3,-1.6
2014,172,17,7.3
2014,173,11.9,-0.9
2014,174,11.1,-2.8
2014,175,15.6,-0.1
2014,176,20.2,8.3
2014,177,17.9,4.9
2014,178,15.9,2.7
2014,179,16.8,1.1
2014,180,16.3,-0.2
2014,181,18.3,6.9
2014,182,17.7,3
2014,183,7.4,1.9
2014,184,10.4,-3.2
2014,185,11.2,-2.9
2014,186,16.2,1.7
2014,187,11.7,-1.3
2014,188,13.2,-1
2014,189,9.1,-2.7
2014,190,8.2,3.8
2014,191,10.1,4.1
2014,192,18.6,7.4
2014,193,16.6,5.7
2014,194,18.1,4.1
2014,195,9.9,1
2014,196,12.8,-2.4
2014,197,8,-1.1
2014,198,9.1,1.1
2014,199,8.8,1.3
2014,200,9.9,0.5
2014,201,9.4,-1.3
2014,202,9.4,-2.1
2014,203,9.1,2.7
2014,204,11.6,0.5
2014,205,11.9,-1.5
2014,206,10.7,-1.8
2014,207,13.5,-1.8
2014,208,11.1,0
2014,209,14.8,-2.8
2014,210,13,6
2014,211,16.1,9.5
2014,212,19.9,12.8
2014,213,18.1,13.3
2014,214,20.5,10.4
2014,215,9.3,3.8
2014,216,11.2,-0.9
2014,217,16.7,-0.6
2014,218,12.7,4.1
2014,219,13.8,2.8
2014,220,9.2,2.1
2014,221,10.1,-1.7
2014,222,14.6,-1.2
2014,223,16.4,5.45
2014,224,10.4,2.1
2014,225,11.3,-1.9
2014,226,9.25,-0.7
2014,227,10.5,4.7
2014,228,13,1.7
2014,229,13.9,0.1
2014,230,14.9,-0.7
2014,231,11,-1.1
2014,232,11.1,0.2
2014,233,7.9,-1.4
2014,234,11.3,1.1
2014,235,12,7.7
2014,236,10.6,6.9
2014,237,11.2,4.8
2014,238,10.5,2
2014,239,14,-0.1
2014,240,12.2,-0.6
2014,241,11.4,-0.8
2014,242,12.1,6.8
2014,243,13.8,2.6
2014,244,11.9,-1.2
2014,245,15,0
2014,246,14.9,1.5
2014,247,11.3,0.6
2014,248,8.9,3.1
2014,249,13.9,5.4
2014,250,15.6,5.7
2014,251,16.1,3
2014,252,16.9,1.9
2014,253,19.5,0
2014,254,20.5,11.7
2014,255,21.2,12.3
2014,256,12.3,7.6
2014,257,15.3,3.6
2014,258,16.9,6.1
2014,259,13.6,7.9
2014,260,13,1.9
2014,261,17.4,1.2
2014,262,16.2,7.6
2014,263,15.6,3
2014,264,12.6,3.9
2014,265,8.6,3.2
2014,266,21.7,2
2014,267,20,5.6
2014,268,19.4,6.1
2014,269,17.7,7.8
2014,270,16.6,7.3
2014,271,9.5,1.8
2014,272,15.3,1.4
2014,273,16.7,4.4
2014,274,22.4,2.3
2014,275,19.9,8.1
2014,276,13.4,2.9
2014,277,12.8,-0.5
2014,278,19.1,-0.1
2014,279,15.9,3.2
2014,280,15.5,0.3
2014,281,21,8.5
2014,282,13.8,6.6
2014,283,18,3.5
2014,284,15.5,3.4
2014,285,20.6,5.5
2014,286,25.8,8.6
2014,287,19.1,8
2014,288,18.5,4.6
2014,289,19.7,8.4
2014,290,23,13.6
2014,291,16.5,8.1
2014,292,14.2,7.3
2014,293,20.5,7.1
2014,294,17.3,6.5
2014,295,17.8,3.2
2014,296,23.3,9.6
2014,297,12.8,5.6
2014,298,18.8,2.4
2014,299,20.7,9.8
2014,300,10.7,7.1
2014,301,19.1,4.1
2014,302,17.3,10.1
2014,303,20.7,2.2
2014,304,21.3,5.1
2014,305,21.3,4
2014,306,24,18
2014,307,17.2,7.9
2014,308,12.6,4.7
2014,309,12.3,2.3
2014,310,13.2,1.9
2014,311,15.5,5.3
2014,312,18.2,4.7
2014,313,25,5.4
2014,314,21.2,11.2
2014,315,21.2,10.7
2014,316,13.4,4
2014,317,15.6,3.4
2014,318,17.3,5.3
2014,319,19.8,9.34
2014,320,16.7,8.5
2014,321,14.8,4
2014,322,20.3,7.7
2014,323,18.7,5.8
2014,324,20.2,2.8
2014,325,23.3,15.2
2014,326,27.2,9.2
2014,327,20.4,9
2014,328,23.9,8.8
2014,329,22.5,11.4
2014,330,23.4,15.3
2014,331,24.2,12.4
2014,332,15.9,8.9
2014,333,19.8,5.6
2014,334,18.1,6.2
2014,335,12.3,6
2014,336,17.1,6.6
2014,337,21.5,3.5
2014,338,23.2,11.2
2014,339,17.7,9.2
2014,340,23.9,10
2014,341,24.2,10.6
2014,342,17.3,9.8
2014,343,24.1,9.3
2014,344,18.5,8.9
2014,345,14,8.6
2014,346,17.8,9.9
2014,347,15.1,7.8
2014,348,17.9,3.5
2014,349,23.7,3.9
2014,350,25.1,4.6
2014,351,23.2,8.6
2014,352,22,12.8
2014,353,29.3,9.6
2014,354,28.5,19.4
2014,355,25.2,11.5
2014,356,24.1,9.2
2014,357,23.3,11.7
2014,358,29.1,10.4
2014,359,26.9,11.7
2014,360,28.2,11.8
2014,361,27.1,19.8
2014,362,22.8,15
2014,363,23.5,13.2
2014,364,29.4,10.9
2014,365,28.6,16.7
2015,1,21.1,11.8
2015,2,28.4,8.2
2015,3,20.9,12.7
2015,4,34.3,11.8
2015,5,31.9,15.4
2015,6,22.7,10.5
2015,7,23.7,9
2015,8,16.7,11
2015,9,29.1,7.2
2015,10,31.2,8.1
2015,11,31,18.8
2015,12,22.4,13.5
2015,13,23.8,12.4
2015,14,22.1,15.3
2015,15,25.3,11.6
2015,16,25.1,17.6
2015,17,28.2,9.5
2015,18,28.9,19.3
2015,19,25.4,15.2
2015,20,21.5,7.7
2015,21,18.9,7.7
2015,22,20.6,4.9
2015,23,26.4,5.2
2015,24,28.4,7.7
2015,25,28.7,13.8
2015,26,33.6,12.7
2015,27,24.8,9.5
2015,28,25.9,14
2015,29,25.7,13.1
2015,30,22.8,15
2015,31,24.8,16.2
2015,32,32,14.4
2015,33,27.6,20.6
2015,34,24,11.1
2015,35,25.4,11.2
2015,36,19.7,10.7
2015,37,19.7,6.1
2015,38,24.5,9.2
2015,39,31.1,7.9
2015,40,24,10.8
2015,41,21.5,4.7
2015,42,25.8,5
2015,43,28.6,11.1
2015,44,21.2,8.1
2015,45,14.6,10.3
2015,46,18.6,9.9
2015,47,20,6.5
2015,48,25.7,3.9
2015,49,29.3,4.6
2015,50,28.3,8.1
2015,51,24.7,12.2
2015,52,27.1,10.5
2015,53,19.9,14.3
2015,54,22.3,12.2
2015,55,29.2,12.4
2015,56,28.8,11.9
2015,57,19.1,5.6
2015,58,25.2,3.8
2015,59,30,6
2015,60,30.8,10.8
2015,61,27.2,18.8
2015,62,23.5,15.2
2015,63,25.6,11.2
2015,64,32,9.2
2015,65,23.4,15.2
2015,66,20.9,10.6
2015,67,20.4,12.3
2015,68,23.5,6.6
2015,69,23.2,7.9
2015,70,19.8,9.9
2015,71,23.1,6.5
2015,72,28.4,9.7
2015,73,16.3,11
2015,74,27.8,10.8
2015,75,17.9,9.6
2015,76,15.4,9.4
2015,77,16.3,2.7
2015,78,14.7,7.2
2015,79,18,6.5
2015,80,25.3,9.3
2015,81,17.2,10.4
2015,82,19.2,10
2015,83,26.4,10.5
2015,84,25.6,8.7
2015,85,24.6,6.4
2015,86,23.2,9
2015,87,25.2,8
2015,88,22.3,9
2015,89,22.6,7
2015,90,20,6.5
2015,91,25.2,4.4
2015,92,27.4,9.4
2015,93,28.1,14
2015,94,26.3,11.65
2015,95,15.033333333333333,9.133333333333333
2015,96,18.5,7.833333333333333
2015,97,29.5,8.316666666666666
2015,98,23.1,11.6
2015,99,14.1,10.2
2015,100,19.4,10.3
2015,101,14.2,8.2
2015,102,20,10.3
2015,103,13.8,2.8
2015,104,11.2,2.4
2015,105,14.5,1.7
2015,106,16.6,1.4
2015,107,20.7,2.3
2015,108,16.4,2.7
2015,109,22.4,6
2015,110,21.5,12.5
2015,111,15.1,12.1
2015,112,14.3,10.9
2015,113,18.5,9.7
2015,114,19.3,8.5
2015,115,22.9,11.2
2015,116,23.1,16.7
2015,117,20.8,10
2015,118,12.6,4.9
2015,119,19.4,0.8
2015,120,14.2,5.3
2015,121,21.1,1.5
2015,122,18.5,4.6
2015,123,14.1,2.1
2015,124,25.1,1.6
2015,125,25.5,6.9
2015,126,25.3,18.3
2015,127,25.3,15.1
2015,128,22.1,9.4
2015,129,20,9.8
2015,130,20.8,10.1
2015,131,22.3,11.4
2015,132,20.4,1.3
2015,133,19.7,0.9
2015,134,17.6,5.1
2015,135,13,7
2015,136,13.7,4.7
2015,137,18.1,2.5
2015,138,21.4,9.3
2015,139,18.3,3.4
2015,140,23.3,-0.6
2015,141,23.3,9.5
2015,142,16.5,-0.3
2015,143,19.2,-3.5
2015,144,18.9,-2.6
2015,145,11.5,-3.5
2015,146,14.6,-3.8
2015,147,12.8,-2.1
2015,148,17.1,-4.2
2015,149,15.7,-5.8
2015,150,14.2,-0.1
2015,151,20.9,-2.5
2015,152,23.9,4.9
2015,153,15.4,5.2
2015,154,15.7,7.8
2015,155,9.4,-0.5
2015,156,9.3,-2.1
2015,157,11.6,-3.3
2015,158,15,-3.1
2015,159,19.2,-1
2015,160,17.3,14.4
2015,161,17.3,8.9
2015,162,11.5,-2.3
2015,163,17.5,0.7
2015,164,15.4,-2.3
2015,165,13.6,1.6
2015,166,8.1,-0.3
2015,167,11.8,-1.8
2015,168,12.9,-3.1
2015,169,17.7,2
2015,170,9.1,1.6
2015,171,9.5,3.7
2015,172,13.5,0.1
2015,173,6,0.9
2015,174,8.2,-3.6
2015,175,7.6,-3.7
2015,176,10.9,-3.7
2015,177,17.4,-3.5
2015,178,11.4,-2.2
2015,179,15.6,-1.2
2015,180,17.7,4.4
2015,181,16.3,-0.9
2015,182,11.6,5.5
2015,183,12.8,2.2
2015,184,14.2,6.1
2015,185,11,0.2
2015,186,14.8,5
2015,187,13.3,2.4
2015,188,5.1,-2.6
2015,189,6.9,-4.3
2015,190,4.8,1.6
2015,191,7.9,-1.7
2015,192,8.1,-3.7
2015,193,8,-3.8
2015,194,10.9,-4.2
2015,195,12.6,-0.6
2015,196,17.6,10.2
2015,197,13.2,5.6
2015,198,10.5,2.4
2015,199,9.2,2
2015,200,9.8,-1.5
2015,201,9.5,0
2015,202,10.7,-1.7
2015,203,13,0.6
2015,204,12.9,-1.5
2015,205,13.8,3.8
2015,206,15.6,2.7
2015,207,17.8,11.6
2015,208,17.8,8.7
2015,209,14.6,5.8
2015,210,11.2,2.3
2015,211,9.7,-1.1
2015,212,15.3,-0.6
2015,213,13.7,3.1
2015,214,14.2,3.9
2015,215,19.8,6.2
2015,216,17.4,1.8
2015,217,13.2,-1.5
2015,218,13.3,0.1
2015,219,11.9,2
2015,220,7.6,-1.6
2015,221,6.1,-3.4
2015,222,6.6,1.3
2015,223,9.4,-1.6
2015,224,8.5,-1.9
2015,225,14.3,0.8
2015,226,12.5,7
2015,227,10.4,6.7
2015,228,9.3,1.9
2015,229,15.7,-0.7
2015,230,16.6,7.8
2015,231,15.1,6.8
2015,232,11.8,0.3
2015,233,12.1,-2.2
2015,234,11.7,-0.8
2015,235,17,-2.1
2015,236,16.5,2.9
2015,237,13.4,2.2
2015,238,10.8,1
2015,239,14.8,1.2
2015,240,11.5,0.9
2015,241,15.9,5.5
2015,242,10.5,2.6
2015,243,8.9,5.3
2015,244,9.3,4
2015,245,16.9,4.6
2015,246,10.5,5.5
2015,247,12,4
2015,248,15.1,2.3
2015,249,10.8,-0.5
2015,250,10.5,-0.4
2015,251,10.9,-2.6
2015,252,13,-3
2015,253,17.6,4.4
2015,254,12.3,3
2015,255,13.4,3.9
2015,256,14.5,1.6
2015,257,12.8,5.8
2015,258,20.2,5.4
2015,259,19.3,12
2015,260,19.6,13.4
2015,261,17.6,7.1
2015,262,8.6,4.9
2015,263,7.4,3.5
2015,264,8.2,3.8
2015,265,10.9,4.1
2015,266,10.2,8.1
2015,267,10.6,7.1
2015,268,11.5,5
2015,269,9.7,5
2015,270,13.2,3.8
2015,271,13.6,1.4
2015,272,15.6,6.4
2015,273,17.2,5.3
2015,274,19.4,11.7
2015,275,18.6,10.9
2015,276,21.4,6.9
2015,277,22.9,13.8
2015,278,14.3,8.5
2015,279,26,12.4
2015,280,25.3,17.5
2015,281,16.5,6.1
2015,282,17,2.5
2015,283,15.9,6.6
2015,284,24,10.3
2015,285,23.7,15.1
2015,286,18.1,9.7
2015,287,17.7,5.1
2015,288,17.7,4.5
2015,289,22.8,8.8
2015,290,21.6,7.9
2015,291,22,7.6
2015,292,19.2,5.4
2015,293,21.6,1
2015,294,21.7,13.5
2015,295,20.3,5.8
2015,296,14.8,5.3
2015,297,19.3,2.3
2015,298,18.5,8.5
2015,299,24.2,6.6
2015,300,16,8.2
2015,301,16.2,7
2015,302,11.7,6
2015,303,15,4.8
2015,304,19.2,2.2
2015,305,19.4,7.8
2015,306,24.5,7.7
2015,307,22.5,6.5
2015,308,9.3,2.7
2015,309,14.9,0.1
2015,310,18.3,3.9
2015,311,23.4,4.7
2015,312,21.8,8.9
2015,313,21,6.9
2015,314,22.6,9.5
2015,315,18.4,7.5
2015,316,12.4,6.8
2015,317,14.7,6.9
2015,318,18.8,5.5
2015,319,15.8,6.9
2015,320,20,3.5
2015,321,22.4,8.1
2015,322,15,7.4
2015,323,19.7,2
2015,324,23,14.9
2015,325,23.3,8.5
2015,326,21.1,6.5
2015,327,21,10.3
2015,328,22.3,16.8
2015,329,28.6,17.5
2015,330,28.7,15.8
2015,331,27,10.7
2015,332,22.4,8.2
2015,333,14.5,8.7
2015,334,21.8,3.9
2015,335,26.3,10.4
2015,336,27.9,19.4
2015,337,26.1,12.2
2015,338,26.4,5.4
2015,339,26.5,9.7
2015,340,12.4,7.3
2015,341,20.2,5.7
2015,342,23.3,1.9
2015,343,18.8,9.6
2015,344,26.9,11.3
2015,345,20.4,9.3
2015,346,26.9,6.7
2015,347,19.2,5
2015,348,23.8,1.1
2015,349,26,5.7
2015,350,15.3,7.6
2015,351,15.2,5.8
2015,352,21.1,3
2015,353,15.1,8.1
2015,354,23,6.3
2015,355,33.2,18.6
2015,356,21.7,9.1
2015,357,16.8,4.6
2015,358,22.7,8.4
2015,359,24.3,10
2015,360,21.8,7.7
2015,361,28.1,7.1
2015,362,25.1,7.1
2015,363,22.1,8.3
2015,364,21.9,3.6
2015,365,22.2,9.5
2016,1,23.3,9.3
2016,2,18.7,15
2016,3,16.2,8.9
2016,4,18.1,7.1
2016,5,21.3,5.3
2016,6,27,10.9
2016,7,24.3,11.2
2016,8,28.7,9.9
2016,9,22.7,5.9
2016,10,20.3,10.7
2016,11,21.2,10.3
2016,12,29.6,7.9
2016,13,18.4,10.3
2016,14,26.9,8.4
2016,15,23.6,12.2
2016,16,14.5,11.6
2016,17,18.1,13.4
2016,18,15.4,12.5
2016,19,22.5,13.6
2016,20,26.8,12.1
2016,21,25.7,18.1
2016,22,30,17.9
2016,23,26.7,20.2
2016,24,23.7,21.2
2016,25,25.3,22.4
2016,26,23.1,13.5
2016,27,15.4,12.5
2016,28,17.5,11.6
2016,29,19.4,8.9
2016,30,16.2,11.2
2016,31,22.4,10.5
2016,32,25.7,9.3
2016,33,29.9,10.3
2016,34,31.3,13
2016,35,29,15.7
2016,36,22.3,15.3
2016,37,22.9,14.3
2016,38,19.8,14
2016,39,23,14.9
2016,40,25.3,10.3
2016,41,26.3,10.6
2016,42,25.9,9.3
2016,43,25.6,14.5
2016,44,22.8,12.2
2016,45,26.8,9.4
2016,46,29.5,12.1
2016,47,30.2,17.8
2016,48,28.1,17.4
2016,49,26.1,16.1
2016,50,23.7,15.8
2016,51,27.4,16.9
2016,52,25,9.8
2016,53,22.3,6.8
2016,54,23.7,11.4
2016,55,29.1,10.5
2016,56,30.2,16.3
2016,57,29.7,20.5
2016,58,28,14.6
2016,59,25.3,12.3
2016,60,20.2,9.3
2016,61,18.1,9.4
2016,62,19.8,9.3
2016,63,28.1,8.4
2016,64,24.8,7.4
2016,65,30.5,8.5
2016,66,28.7,14.5
2016,67,24.2,15
2016,68,24.7,11.4
2016,69,20.6,9.8
2016,70,28.1,12.2
2016,71,15.1,7.5
2016,72,19.9,0.4
2016,73,22.6,4.9
2016,74,26.2,9
2016,75,23.3,11.7
2016,76,12.5,7.9
2016,77,14.7,9.1
2016,78,24.8,8.6
2016,79,28.4,12.8
2016,80,27.3,16.7
2016,81,29.1,18.2
2016,82,28.7,14.7
2016,83,23.5,12.9
2016,84,27.8,14.4
2016,85,18.4,8.6
2016,86,19.6,8.7
2016,87,27.4,4.9
2016,88,16.6,6.5
2016,89,22.3,3.4
2016,90,15.1,4.9
2016,91,19.8,1.8
2016,92,20.8,9.7
2016,93,21.9,11.1
2016,94,24.1,12.5
2016,95,13.4,4.1
2016,96,21.4,1.8
2016,97,23.7,3.6
2016,98,24.2,12.5
2016,99,20,10
2016,100,19.5,8.5
2016,101,21.5,2.6
2016,102,23.4,6.2
2016,103,19.9,7.6
2016,104,18.6,1.2
2016,105,23.1,0.5
2016,106,19,0.5
2016,107,24.4,7
2016,108,24.3,6.5
2016,109,14.9,7.6
2016,110,21.5,1.7
2016,111,23.5,1.1
2016,112,20,2.6
2016,113,18.733333333333334,2.9
2016,114,21.5,10.4
2016,115,19,2.2
2016,116,20.4,6.2
2016,117,22.6,7.75
2016,118,16.6,3.7
2016,119,15.066666666666666,5.7
2016,120,14.333333333333334,2.65
2016,121,18.183333333333334,2.466666666666667
2016,122,19.85,4.45
2016,123,18.95,7.566666666666666
2016,124,19.016666666666666,3.9833333333333334
2016,125,18.816666666666666,8.666666666666666
2016,126,18.15,9.533333333333333
2016,127,18.759999999999998,9.94
2016,128,17.32,8.7
2016,129,18,8.4
2016,130,18,6.54
2016,131,17.2,7.28
2016,132,15.44,8.06
2016,133,14.42,6.32
2016,134,13.86,4.8
2016,135,14.459999999999999,5.08
2016,136,13.18,4.56
2016,137,14.940000000000001,3.8
2016,138,16.22,6.180000000000001
2016,139,16.7,5.86
2016,140,17.14,5.72
2016,141,16.98,6.42
2016,142,15.120000000000001,3.3400000000000003
2016,143,15.92,3.92
2016,144,15.08,3.9000000000000004
2016,145,12.68,0.8599999999999999
2016,146,13.02,2.2
2016,147,12.540000000000001,5.8999999999999995
2016,148,14.46,3.96
2016,149,15.02,3.16
2016,150,12.9,3.7
2016,151,14.26,2
2016,152,12.68,4.26
2016,153,11.58,3.08
2016,154,12.379999999999999,3.26
2016,155,8.6,3.1599999999999997
2016,156,11.12,2.98
2016,157,10.92,2.88
2016,158,13.76,4.08
2016,159,13.44,5.7
2016,160,13.24,5.4799999999999995
2016,161,13.5,6.58
2016,162,11.76,5.2
2016,163,13.4,7.06
2016,164,13.38,4.58
2016,165,13.14,3.88
2016,166,11.04,3.4
2016,167,11.24,3.24
2016,168,12.5,2.82
2016,169,9.92,4
2016,170,11.1,3.02
2016,171,10.8,1.48
2016,172,13.94,3.46
2016,173,9.6,1.2
2016,174,9.18,-0.58
2016,175,12.24,1.6199999999999999
2016,176,12.78,1.4
2016,177,13.1,2.02
2016,178,12.62,0.9199999999999999
2016,179,14.2,1.04
2016,180,14.28,2.02
2016,181,15.3,2.94
2016,182,13.62,6.96
2016,183,11.56,4.66
2016,184,13.42,4.84
2016,185,12.1,1.4200000000000002
2016,186,10.92,3.48
2016,187,11.74,2.84
2016,188,11.58,3.96
2016,189,10.2,0.30000000000000004
2016,190,10.66,4.42
2016,191,11.58,3.82
2016,192,14.18,3.58
2016,193,10.58,2.32
2016,194,12.66,3.32
2016,195,11.42,4.2
2016,196,11.620000000000001,2.42
2016,197,12.200000000000001,4.5600000000000005
2016,198,11.08,3.08
2016,199,11.620000000000001,2.48
2016,200,10.84,1.98
2016,201,11.2,3.32
2016,202,11,5.7
2016,203,10.6,5.4
2016,204,10.379999999999999,3.54
2016,205,11.76,2.88
2016,206,12.48,1.2
2016,207,13.36,3.3000000000000003
2016,208,13.38,4.98
2016,209,12.82,5
2016,210,12.42,4.54
2016,211,12.8,3.7199999999999998
2016,212,14.64,5.34
2016,213,13.58,6.62
2016,214,13.6,7.0200000000000005
2016,215,12.28,5
2016,216,11.44,1.42
2016,217,13.24,-1.16
2016,218,13.36,2.48
2016,219,15.06,6.44
2016,220,11.24,5.38
2016,221,10.76,2.14
2016,222,10.86,4.44
2016,223,13.14,3.2
2016,224,12.42,4.34
2016,225,13.9,3.6399999999999997
2016,226,9.25,4.1
2016,227,11.8,5.02
2016,228,12.940000000000001,5.22
2016,229,13.18,5.6
2016,230,13.06,3.8200000000000003
2016,231,12.459999999999999,1.7399999999999998
2016,232,12.18,4.94
2016,233,10.34,3.34
2016,234,13.22,1.5
2016,235,13.38,3.6599999999999997
2016,236,13.08,5.5
2016,237,12.52,5.24
2016,238,14.02,6.04
2016,239,15.48,3.14
2016,240,14.66,3.38
2016,241,13.58,7.08
2016,242,12.9,5.32
2016,243,11.52,5.74
2016,244,12.72,5.32
2016,245,13.2,4.680000000000001
2016,246,10.56,3.8800000000000003
2016,247,9.98,4.38
2016,248,12.02,4.48
2016,249,10.92,5.56
2016,250,12,2.96
2016,251,10.94,0.48000000000000004
2016,252,11.36,2.68
2016,253,12.74,3.7
2016,254,14.8,3.94
2016,255,15.76,4.78
2016,256,14.879999999999999,8.46
2016,257,15.26,8.38
2016,258,16.825,8.08
2016,259,16.58,10.76
2016,260,19.1,10.32
2016,261,19.9,5.1
2016,262,13,3.9
2016,263,12.5,7.6
2016,264,9.8,5
2016,265,11,5.8
2016,266,12.9,6.5
2016,267,12,8.3
2016,268,11.1,8
2016,269,10,7.7
2016,270,11.1,8.4
2016,271,14.9,9.2
2016,272,12.9,8
2016,273,15,9.7
2016,274,19.7,8.6
2016,275,20.1,6.5
2016,276,20.4,7.9
2016,277,16.7,5.5
2016,278,21.3,8.6
2016,279,16.1,6.7
2016,280,17.2,7.1
2016,281,13.6,2.9
2016,282,19.4,3
2016,283,10.7,1.8
2016,284,19.7,2.9
2016,285,19.8,9.3
2016,286,12.9,3.1
2016,287,18.4,0.8
2016,288,12.2,5.5
2016,289,15,6.4
2016,290,21,7.8
2016,291,18.4,15.5
2016,292,20.7,15.1
2016,293,23.5,12.8
2016,294,12.5,7.2
2016,295,11.5,4.7
2016,296,17.1,2
2016,297,17.4,0.7
2016,298,15.9,8.9
2016,299,22,9.8
2016,300,14.9,9.1
2016,301,15.4,5.4
2016,302,20.2,6.6
2016,303,12.1,6.2
2016,304,13.9,4.4
2016,305,17.9,2.1
2016,306,18.6,7.6
2016,307,16.7,9.6
2016,308,20.1,9.4
2016,309,14,6.5
2016,310,18.5,5
2016,311,22.5,12.1
2016,312,15.1,5.7
2016,313,24,2.8
2016,314,25.6,12.4
2016,315,14.7,4.7
2016,316,14.5,10.6
2016,317,11.4,8.9
2016,318,14.1,6.6
2016,319,19.3,8.1
2016,320,22.9,8.5
2016,321,20,10.4
2016,322,12.1,7.5
2016,323,17.5,4.7
2016,324,17.7,9.5
2016,325,20.3,6.7
2016,326,25.4,11.4
2016,327,25.7,10.2
2016,328,29.5,12.7
2016,329,13.8,8.5
2016,330,27.2,10.5
2016,331,18.2,11.1
2016,332,18.1,9.5
2016,333,21.4,6.5
2016,334,23.9,12
2016,335,12,9.2
2016,336,16.1,8
2016,337,14.4,9.7
2016,338,26.8,3.9
2016,339,19.6,11.2
2016,340,22.6,10
2016,341,24.9,12.5
2016,342,24.6,13.9
2016,343,15.1,12.4
2016,344,27.2,11.9
2016,345,24.8,13.5
2016,346,15.1,9.6
2016,347,15.2,6.9
2016,348,20.3,3.8
2016,349,27.5,13.6
2016,350,21.8,11.9
2016,351,21.8,10
2016,352,21.3,6.8
2016,353,23,10.4
2016,354,23.1,8.5
2016,355,19.3,2.7
2016,356,27.1,11.4
2016,357,22.4,13.2
2016,358,13.1,9.7
2016,359,20.1,9.6
2016,360,15.3,11
2016,361,20.6,9.4
2016,362,25.5,10
2016,363,15.5,10.4
2016,364,14,7.7
2016,365,22.7,4.2
2016,366,24.7,8.3
2017,1,25.7,18.4
2017,2,18.2,10.8
2017,3,21.8,10.6
2017,4,17.9,5.2
2017,5,16.7,1
2017,6,22.8,4.1
2017,7,18.5,5.8
2017,8,22.5,8.8
2017,9,18.3,9.2
2017,10,20.6,8.2
2017,11,26.7,10.1
2017,12,25.5,10.3
2017,13,22.7,12.4
2017,14,22.6,10.6
2017,15,26.3,17.5
2017,16,22.4,5.8
2017,17,25.1,14.9
2017,18,25.5,18.8
2017,19,21.3,8.8
2017,20,17.9,2.8
2017,21,20.2,2.9
2017,22,16.6,11.3
2017,23,21.2,12.4
2017,24,25.8,5.1
2017,25,24.7,10.1
2017,26,24.8,12.4
2017,27,25.6,10.4
2017,28,25.3,5.2
2017,29,20.7,12.8
2017,30,22.8,9.8
2017,31,26.7,19
2017,32,22.1,10
2017,33,22.1,6.6
2017,34,25.1,10.3
2017,35,27.7,16.4
2017,36,33.9,15.2
2017,37,26.4,21.5
2017,38,17.5,11.7
2017,39,15.1,7.8
2017,40,17.8,1.7
2017,41,23.6,6.7
2017,42,24.1,5.7
2017,43,24.7,12.7
2017,44,24.2,8.5
2017,45,22.8,13.5
2017,46,23.1,5.5
2017,47,22.4,3.1
2017,48,20,9.2
2017,49,23,12.7
2017,50,26.8,14.7
2017,51,31.1,14.1
2017,52,31.4,14.8
2017,53,26.9,15.9
2017,54,25.1,9.3
2017,55,27.1,4.9
2017,56,23.8,7.7
2017,57,15.8,12.5
2017,58,23.2,5.9
2017,59,22.8,14.3
2017,60,24.6,12.6
2017,61,25.2,12.1
2017,62,26,13.1
2017,63,23.9,11.5
2017,64,30.7,5
2017,65,26.1,9
2017,66,14.7,5.6
2017,67,16.1,5.2
2017,68,18.6,3
2017,69,22.4,4.2
2017,70,15.1,10.8
2017,71,13.4,10.2
2017,72,11.4,9.4
2017,73,14.1,9.5
2017,74,19.6,7.2
2017,75,24.9,4
2017,76,29.4,4.7
2017,77,19.6,11.1
2017,78,22.2,7.8
2017,79,25.4,10.1
2017,80,16.7,11.9
2017,81,16.1,10.9
2017,82,16,10.6
2017,83,19.2,6.9
2017,84,13.5,11
2017,85,19.6,11.6
2017,86,14,11.6
2017,87,20.3,6.4
2017,88,18.5,11.9
2017,89,20.4,12.8
2017,90,25.1,6.5
2017,91,23.4,10.6
2017,92,26.1,11.4
2017,93,12.3,8.3
2017,94,11,8.3
2017,95,11.2,8.1
2017,96,10.7,8.4
2017,97,17.6,5.9
2017,98,16.1,3.9
2017,99,17.8,2.1
2017,100,18.8,1.9
2017,101,16.8,4.1
2017,102,12.7,11.1
2017,103,15.1,11
2017,104,22.7,11.7
2017,105,21.9,9.6
2017,106,15.5,4
2017,107,15,4.1
2017,108,15.3,3.5
2017,109,18,3.5
2017,110,14.6,3.5
2017,111,20.3,3.6
2017,112,20.4,3.2
2017,113,20.9,2.6
2017,114,16.5,1.7
2017,115,18.3,8.1
2017,116,19.6,6.1
2017,117,23.2,7.3
2017,118,23.6,12
2017,119,21.2,2.2
2017,120,12.5,1.8
2017,121,13.5,-0.8
2017,122,19.3,-0.9
2017,123,19.5,6.9
2017,124,15.7,-0.4
2017,125,16,-0.2
2017,126,17.6,-0.2
2017,127,15.5,3.5
2017,128,18.3,2.4
2017,129,16.1,1.1
2017,130,12.2,2.3
2017,131,15.3,4.7
2017,132,11.4,4.1
2017,133,14.6,-0.1
2017,134,12.4,-1.6
2017,135,16.1,-0.6
2017,136,11.8,-0.1
2017,137,14,2.8
2017,138,14.1,3.8
2017,139,16.1,0.5
2017,140,9.3,1.7
2017,141,12.2,-1.3
2017,142,17.5,-3.4
2017,143,16.3,7.1
2017,144,14.2,7.2
2017,145,14.4,-0.1
2017,146,13.5,-2.1
2017,147,11.7,6.2
2017,148,12.7,0.3
2017,149,13.7,-0.3
2017,150,15,4.4
2017,151,11.1,3.3
2017,152,10.9,6.8
2017,153,11.7,2.6
2017,154,10.3,1.4
2017,155,6.7,0
2017,156,7.5,4.8
2017,157,11.7,4.8
2017,158,13.1,0.8
2017,159,13.7,0.2
2017,160,12.1,-1.1
2017,161,11.7,1.6
2017,162,17.1,0.4
2017,163,17.5,10.7
2017,164,16.1,3.1
2017,165,10.1,-0.4
2017,166,9.8,-3.4
2017,167,12,1.2
2017,168,13.4,-1.1
2017,169,11.2,-1.9
2017,170,13.4,0.8
2017,171,14.3,-1.4
2017,172,18.2,-0.7
2017,173,13.8,6.1
2017,174,7.5,5.3
2017,175,11.2,-0.6
2017,176,8.2,-1
2017,177,10.8,-2.7
2017,178,11.9,0.2
2017,179,9.7,3.7
2017,180,9.4,4.2
2017,181,13.3,2.8
2017,182,12.1,5.9
2017,183,12.3,5.1
2017,184,13.2,2
2017,185,12.1,-0.7
2017,186,10.5,-1.9
2017,187,9.5,-3.5
2017,188,7,2.5
2017,189,10.5,-2.2
2017,190,10.3,0
2017,191,10.2,0
2017,192,14.8,1.6
2017,193,2.8,0.9
2017,194,6.9,1.3
2017,195,7.7,4.3
2017,196,9.7,-2.1
2017,197,13,0.7
2017,198,11.1,6.1
2017,199,12,1.5
2017,200,13.8,3
2017,201,14.5,4.5
2017,202,9,7.3
2017,203,7.1,5.1
2017,204,9.8,0.4
2017,205,13.9,-1.2
2017,206,15,-1.3
2017,207,14,5
2017,208,9.5,4.9
2017,209,5.3,0.4
2017,210,9,-2.9
2017,211,10.9,-3.7
2017,212,13.3,0.2
2017,213,12.3,4.2
2017,214,9.8,2.1
2017,215,8,1.4
2017,216,9.2,-2.5
2017,217,12.7,-1.3
2017,218,15.7,3.4
2017,219,18.1,10.6
2017,220,13.6,4.5
2017,221,9.7,4.7
2017,222,12.7,3.7
2017,223,15.7,2
2017,224,17,10.5
2017,225,14.7,7.3
2017,226,7.7,3.1
2017,227,10.2,1.4
2017,228,14.4,-0.3
2017,229,16.9,10.9
2017,230,16.6,5.9
2017,231,12.4,1.3
2017,232,10.9,6.9
2017,233,8.7,1.4
2017,234,13.7,-2.2
2017,235,13.7,0.9
2017,236,17.7,0.9
2017,237,18.1,1.9
2017,238,18.5,10.3
2017,239,18.2,9.2
2017,240,19.6,5.5
2017,241,19.8,6.3
2017,242,10.6,7.9
2017,243,9.7,7.4
2017,244,8.4,6.1
2017,245,9.4,5.3
2017,246,9.4,5.3
2017,247,10.2,0.7
2017,248,18.6,1.3
2017,249,14.3,8.9
2017,250,14.2,5.5
2017,251,14.6,1
2017,252,12.9,7
2017,253,12.7,5.3
2017,254,14.8,1.4
2017,255,14.1,0
2017,256,17.3,-0.3
2017,257,21,10.7
2017,258,19.3,13.4
2017,259,14.4,8.5
2017,260,16.4,8.9
2017,261,10.3,7.3
2017,262,11,7.7
2017,263,17.1,5.3
2017,264,11.2,6.9
2017,265,12.1,8.4
2017,266,19.5,7.7
2017,267,22,8.24
2017,268,22.3,15.4
2017,269,16.6,11.8
2017,270,14.2,8.6
2017,271,16.5,5
2017,272,19.9,6.9
2017,273,14.9,5.4
2017,274,13.7,2.4
2017,275,18.4,4.1
2017,276,22.7,4.6
2017,277,17.4,11
2017,278,10.7,7.7
2017,279,14.5,4.9
2017,280,10.2,8.2
2017,281,11.3,10
2017,282,13.4,11.1
2017,283,15.6,10
2017,284,13.2,7.8
2017,285,14.5,7.4
2017,286,21.7,6.7
2017,287,19.2,7.1
2017,288,17.9,7
2017,289,14.4,4.9
2017,290,18.7,2.4
2017,291,13.4,5.7
2017,292,22.3,3.8
2017,293,19.6,6.7
2017,294,19.5,6.8
2017,295,19.3,7.5
2017,296,18.5,5.7
2017,297,17.5,3.8
2017,298,19.6,9.1
2017,299,17.6,7.3
2017,300,14.6,7.8
2017,301,20.4,3.6
2017,302,20.2,4.2
2017,303,24.3,13.4
2017,304,22,9.1
2017,305,20.9,8
2017,306,24.3,10
2017,307,24.5,17
2017,308,22.1,15.5
2017,309,17.9,7.5
2017,310,16.1,5.3
2017,311,19.8,7
2017,312,17.3,4.3
2017,313,21.1,2
2017,314,15.7,8.8
2017,315,15.9,2.5
2017,316,14,7.1
2017,317,15.1,7
2017,318,16.9,5.5
2017,319,19.5,2.6
2017,320,17.9,3.2
2017,321,19.6,6.5
2017,322,18.3,5.9
2017,323,19.9,2.7
2017,324,19,3.8
2017,325,19.6,8.3
2017,326,22.7,8.4
2017,327,20.6,11.1
2017,328,19.3,12.7
2017,329,20.6,12
2017,330,19.1,9.7
2017,331,21.2,7.7
2017,332,23.8,9.9
2017,333,19.8,12.4
2017,334,22.4,11.2
2017,335,24,11.2
2017,336,30.5,16.2
2017,337,27.9,14.2
2017,338,28.7,9.3
2017,339,29.9,14.1
2017,340,22.2,11.2
2017,341,27.4,12.4
2017,342,33.1,13.2
2017,343,29,17.5
2017,344,27.2,18.3
2017,345,29.9,11.1
2017,346,19.1,13.6
2017,347,20.9,7.5
2017,348,20.7,11.5
2017,349,29.1,11.5
2017,350,25.5,14.6
2017,351,30.9,11.5
2017,352,18.2,11.6
2017,353,21.3,10.6
2017,354,20.3,7.9
2017,355,26.7,8.1
2017,356,19.3,12.5
2017,357,24.8,7.5
2017,358,31.3,9.4
2017,359,29.1,14.4
2017,360,15.8,9.7
2017,361,17.3,8.6
2017,362,19.3,7.8
2017,363,19.5,5
2017,364,27.5,6.7
2017,365,26.5,14.1
2018,1,21.9,10.7
2018,2,23,9.7
2018,3,26.4,16.4
2018,4,24.3,13.6
2018,5,17.1,13.6
2018,6,15.4,11.3
2018,7,22.9,5.8
2018,8,23.1,13.8
2018,9,26.5,13.2
2018,10,16.5,13.3
2018,11,14.2,11.5
2018,12,14.5,11.7
2018,13,23.7,12.9
2018,14,31,13
2018,15,31,15.7
2018,16,30.4,14
2018,17,26.1,15.1
2018,18,29.4,13.6
2018,19,24,14.4
2018,20,31,12.4
2018,21,24.3,16.3
2018,22,25.7,16.3
2018,23,29.2,15.8
2018,24,33.9,12.6
2018,25,32.2,15.1
2018,26,19.9,13.8
2018,27,26.5,13
2018,28,26.4,14.7
2018,29,29.6,13.7
2018,30,29.4,16.7
2018,31,27.1,12.1
2018,32,31.7,15
2018,33,15.2,9.9
2018,34,16.9,6.1
2018,35,26.8,4.2
2018,36,23.9,15.9
2018,37,15.4,10
2018,38,21.1,5.8
2018,39,23.2,5.4
2018,40,27,9.4
2018,41,24,15.1
2018,42,21.6,16.2
2018,43,29.2,17.6
2018,44,27.5,15.2
2018,45,22.2,15
2018,46,26.6,10.8
2018,47,28.3,11.8
2018,48,28.3,10.8
2018,49,28.1,8.9
2018,50,26.4,14
2018,51,13.1,10.8
2018,52,14.1,10.1
2018,53,19.7,7.5
2018,54,22.9,5.2
2018,55,24.2,7.3
2018,56,23.1,17.4
2018,57,20.2,7.1
2018,58,16.7,6.9
2018,59,20.3,11.5
2018,60,28.3,15.6
2018,61,24,15.5
2018,62,27.3,15.3
2018,63,27.3,11.6
2018,64,26.4,16.2
2018,65,18.1,12.2
2018,66,16.7,11
2018,67,19.2,8.4
2018,68,15.7,10.2
2018,69,22.2,4.4
2018,70,24.9,4.7
2018,71,26.8,5.8
2018,72,20.9,9.9
2018,73,22.5,4.8
2018,74,23.7,16.1
2018,75,23.9,10.3
2018,76,13.7,9.5
2018,77,22.2,5.3
2018,78,22.4,10.5
2018,79,26.3,14.5
2018,80,26.1,7.7
2018,81,11.7,8.5
2018,82,12.8,7.4
2018,83,21.9,9.5
2018,84,21.4,9.4
2018,85,23.6,14.9
2018,86,24.7,15.6
2018,87,24,8.8
2018,88,21,6.3
2018,89,25.8,3.9
2018,90,25.1,5
2018,91,20.3,1.3
2018,92,20.7,3.3
2018,93,24.8,3.9
2018,94,22.9,4.9
2018,95,21.9,6.7
2018,96,26,4.4
2018,97,18.9,5.3
2018,98,19.2,5.5
2018,99,11.7,6.3
2018,100,5.8,3.1
2018,101,9,2.4
2018,102,15.1,-0.8
2018,103,15.3,1.9
2018,104,15.1,2.9
2018,105,17.4,-0.1
2018,106,18.9,11.6
2018,107,20.5,10.7
2018,108,18.4,1.4
2018,109,20,4
2018,110,21.9,13.8
2018,111,21.1,4.6
2018,112,17.8,0.5
2018,113,21.1,-0.2
2018,114,22.7,3.9
2018,115,20.3,-1
2018,116,24.7,1.2
2018,117,19.3,4.8
2018,118,12.4,9.6
2018,119,13.1,4.1
2018,120,11.9,2.7
2018,121,18.8,3.2
2018,122,18.8,2.1
2018,123,18.2,0.7
2018,124,18.8,1.2
2018,125,17.7,6.6
2018,126,18.5,5.5
2018,127,19.5,2.6
2018,128,18.3,13.9
2018,129,22.2,2.5
2018,130,20.7,3.8
2018,131,21.6,10.1
2018,132,15.1,7.8
2018,133,9.9,3.3
2018,134,12.7,7.6
2018,135,15.2,8.9
2018,136,10.6,7.3
2018,137,14.6,5.4
2018,138,15.3,11.4
2018,139,17.8,8.9
2018,140,17,9.9
2018,141,13.6,4.4
2018,142,15.7,7.4
2018,143,12.4,0.3
2018,144,13.6,-1.3
2018,145,10.6,-1.3
2018,146,11.1,2.4
2018,147,10.5,4.3
2018,148,6.2,2.8
2018,149,10,1
2018,150,11.2,-0.5
2018,151,10.6,-1.7
2018,152,10.6,5.3
2018,153,13.2,5
2018,154,10.5,6.1
2018,155,10,8.2
2018,156,13,4.4
2018,157,7.1,1.7
2018,158,12.6,4.1
2018,159,13.3,4.3
2018,160,14.3,5.6
2018,161,18,6.3
2018,162,8.8,7.1
2018,163,7.6,6.6
2018,164,9.8,6.8
2018,165,13.2,5.1
2018,166,13.5,4.6
2018,167,12.7,2.4
2018,168,7.1,3.7
2018,169,7.2,1.9
2018,170,9.5,6.1
2018,171,8.9,5.1
2018,172,9.8,-1.8
2018,173,9.9,-3.6
2018,174,10.6,-3.7
2018,175,15.6,2.7
2018,176,12.3,1.9
2018,177,8.5,2.6
2018,178,14.6,1
2018,179,15.1,1.3
2018,180,13.3,-1
2018,181,13.7,-2.7
2018,182,17.3,5.9
2018,183,10.1,3.9
2018,184,12.6,-0.2
2018,185,14.9,-0.6
2018,186,10.8,-1.4
2018,187,14.5,4.3
2018,188,17.1,11.2
2018,189,15.6,6.6
2018,190,13.4,5.4
2018,191,13.9,-0.4
2018,192,15.5,-1.8
2018,193,12.1,0.1
2018,194,13.8,2.2
2018,195,14.8,-0.3
2018,196,8.6,1.5
2018,197,16.4,6.9
2018,198,17.1,2.3
2018,199,15.4,0
2018,200,15.1,-0.3
2018,201,15.6,-0.5
2018,202,17.6,10.7
2018,203,13.3,7.2
2018,204,8.7,4.6
2018,205,8.2,2
2018,206,10.2,-1
2018,207,13.3,-1.1
2018,208,14.2,3.5
2018,209,14.9,7.5
2018,210,15.7,5.6
2018,211,12.7,0.7
2018,212,16.9,5.1
2018,213,15.3,9.2
2018,214,12.3,8.1
2018,215,13,-1.2
2018,216,12.3,3.1
2018,217,12.6,-0.9
2018,218,12.2,5
2018,219,17.5,2.8
2018,220,13.2,5.4
2018,221,17.9,0.9
2018,222,11.5,1.3
2018,223,15.5,-0.5
2018,224,20.4,2.1
2018,225,17,8.6
2018,226,10.4,2.5
2018,227,14,4.4
2018,228,18,6.3
2018,229,13.4,4.2
2018,230,11,0
2018,231,12.3,-2.6
2018,232,13.7,-1.1
2018,233,12.7,3.3
2018,234,14.4,2.6
2018,235,11.6,0.1
2018,236,11.3,2
2018,237,11,0.4
2018,238,19,2.9
2018,239,18.4,-0.6
2018,240,14.6,4.7
2018,241,11.7,5.4
2018,242,18.5,4.9
2018,243,8.5,4.6
2018,244,12.8,5.5
2018,245,10.3,4.9
2018,246,8.4,4.9
2018,247,9.8,5
2018,248,9.4,4.4
2018,249,9.2,3
2018,250,9.8,0.6
2018,251,10.5,-2.1
2018,252,9,-0.2
2018,253,10.1,-0.4
2018,254,14.4,2.9
2018,255,14.7,1.3
2018,256,17.8,13.4
2018,257,21,6.6
2018,258,19.3,2.3
2018,259,20.2,11.3
2018,260,13.9,6.7
2018,261,12.6,3.1
2018,262,16.8,3.1
2018,263,21.8,3.3
2018,264,13.2,2.4
2018,265,17.2,2.2
2018,266,16,3.5
2018,267,13.3,6.4
2018,268,13.9,5
2018,269,10.9,1
2018,270,13.4,2.1
2018,271,14.7,0.5
2018,272,18.4,6.9
2018,273,17.4,10.06
2018,274,18.1,7.1
2018,275,12.9,2.2
2018,276,18.7,5
2018,277,21,9.4
2018,278,13.9,8
2018,279,17.5,3.8
2018,280,17,4
2018,281,14.6,1.6
2018,282,19.3,1.5
2018,283,16.9,8.2
2018,284,12.1,7.1
2018,285,9.6,2.6
2018,286,12.8,2.1
2018,287,12.9,2.4
2018,288,13.1,0.4
2018,289,16.8,5.4
2018,290,21.1,4.6
2018,291,17.5,5.2
2018,292,24.4,4.1
2018,293,25.5,9.9
2018,294,22.2,7.3
2018,295,20.1,6.3
2018,296,20.6,6.6
2018,297,25.8,7.6
2018,298,17,7
2018,299,12.9,4.2
2018,300,17.3,5.4
2018,301,16.7,2.9
2018,302,12.2,10.2
2018,303,10.7,7.1
2018,304,17.6,3.3
2018,305,14.6,5.1
2018,306,18.7,1.6
2018,307,25.4,11.3
2018,308,18.9,6
2018,309,23.5,2.8
2018,310,22.5,4.9
2018,311,22.2,10.1
2018,312,27.5,10.5
2018,313,10.4,5.3
2018,314,14,1.6
2018,315,17.9,4.9
2018,316,19.3,5.3
2018,317,18.6,6.4
2018,318,20.5,5.8
2018,319,26.4,7.9
2018,320,23.2,12.5
2018,321,18.6,10
2018,322,20.5,4.8
2018,323,13.3,2.6
2018,324,13.5,1.5
2018,325,17.2,1.6
2018,326,17.4,3.9
2018,327,17.3,5.9
2018,328,18,12.2
2018,329,15.5,12.5
2018,330,13.2,11.5
2018,331,14.7,10.2
2018,332,16.2,10
2018,333,17,7.4
2018,334,18,7.7
2018,335,23.2,9.8
2018,336,20.8,10.5
2018,337,22.2,13.7
2018,338,24.2,11.9
2018,339,19.4,10.6
2018,340,15.8,9.4
2018,341,22.7,4.7
2018,342,24,10.8
2018,343,25,11.2
2018,344,15.6,11.5
2018,345,15,10.9
2018,346,16.9,13
2018,347,19.3,12.8
2018,348,19.5,12.3
2018,349,23.5,13.7
2018,350,19.2,13.7
2018,351,27.8,9.1
2018,352,20.8,16.8
2018,353,15.7,10
2018,354,14.5,8.6
2018,355,18.4,7.1
2018,356,20.8,7.9
2018,357,15.7,6.7
2018,358,22.6,5.3
2018,359,22.3,11.3
2018,360,17.5,11.8
2018,361,21,6.5
2018,362,22,7.6
2018,363,28.8,11.1
2018,364,23.5,17.5
2018,365,24.1,13.5
2019,1,25.9,14.6
2019,2,28.5,15.3
2019,3,27.1,12.3
2019,4,24.3,6.8
2019,5,30.6,12.7
2019,6,27.6,13.8
2019,7,22.1,12.9
2019,8,24.4,7.2
2019,9,27.7,14.2
2019,10,29.1,14.4
2019,11,21.8,9.9
2019,12,16.9,11.8
2019,13,23.8,10.4
2019,14,16.6,10.5
2019,15,20.9,11.8
2019,16,25.6,5.3
2019,17,24.2,6.7
2019,18,23.4,14.7
2019,19,27.1,12.9
2019,20,24,15.6
2019,21,25.9,14
2019,22,28.4,7.9
2019,23,29.5,9.6
2019,24,19.4,7.5
2019,25,22.3,4.6
2019,26,29,8.6
2019,27,30.2,13
2019,28,29,13.6
2019,29,25.3,12.3
2019,30,32.7,13.9
2019,31,28,10.6
2019,32,27.3,11.5
2019,33,21.1,3.5
2019,34,29.9,5.1
2019,35,32.7,8.2
2019,36,31,14.6
2019,37,15.7,11
2019,38,18.5,5.8
2019,39,26.9,4.2
2019,40,30.3,15.6
2019,41,31.1,13.8
2019,42,30.7,7.4
2019,43,30.5,13.2
2019,44,27.8,9.2
2019,45,32.2,9.8
2019,46,24.6,11.9
2019,47,16.7,7.5
2019,48,24.7,6.6
2019,49,30,6.7
2019,50,28.5,9.6
2019,51,27.6,16.3
2019,52,30.1,10.6
2019,53,26.9,7
2019,54,19.4,3.8
2019,55,13.6,8.4
2019,56,19.2,6
2019,57,29,7.9
2019,58,24.2,8.8
2019,59,19.6,2.5
2019,60,22.6,1.1
2019,61,25.9,3
2019,62,25.6,6
2019,63,29.3,4.8
2019,64,33.4,15.3
2019,65,31,9.9
2019,66,26.4,11.8
2019,67,18.2,10.1
2019,68,18.4,8.9
2019,69,15.1,12.7
2019,70,22.4,11
2019,71,27.9,13.9
2019,72,29.3,9
2019,73,17.1,12.6
2019,74,22.2,12.5
2019,75,21.5,13.6
2019,76,17.8,13.1
2019,77,23,12.9
2019,78,23.9,14.3
2019,79,24.4,10.5
2019,80,23.3,8.6
2019,81,25.6,9
2019,82,23.1,13.2
2019,83,21.8,10.1
2019,84,26.2,17
2019,85,26.1,21.8
2019,86,25.9,12.3
2019,87,15.7,8.8
2019,88,20.5,1.5
2019,89,25.7,5
2019,90,28.3,6.9
2019,91,23.8,11.1
2019,92,12.6,3.1
2019,93,18.2,3.8
2019,94,20.4,4.2
2019,95,11.1,5.9
2019,96,12.7,4
2019,97,9.8,7.1
2019,98,18.4,4.6
2019,99,23.3,0.9
2019,100,25,12.8
2019,101,13,9.5
2019,102,12.5,4.7
2019,103,17.4,0.1
2019,104,16.8,-0.4
2019,105,17,3
2019,106,16.8,0.9
2019,107,20.4,0
2019,108,18.1,1.4
2019,109,19.1,2.3
2019,110,19,6.1
2019,111,12.9,9.4
2019,112,13.7,10.1
2019,113,20.7,6.8
2019,114,17.7,7.7
2019,115,20.9,4.6
2019,116,20,12.8
2019,117,23,11.7
2019,118,16.6,7.2
2019,119,14.1,6.5
2019,120,17.7,-0.6
2019,121,21.7,0
2019,122,23,-1.1
2019,123,21.6,3.4
2019,124,23.5,1.8
2019,125,20.4,3.6
2019,126,18.3,3.4
2019,127,15.1,10.3
2019,128,18.1,4.8
2019,129,22.3,10
2019,130,25,4.2
2019,131,16,2.4
2019,132,18.1,10.8
2019,133,17.2,1.5
2019,134,15.7,0.2
2019,135,18,2.9
2019,136,17.4,0.6
2019,137,13.9,-2
2019,138,17.3,-1.3
2019,139,15.4,1.5
2019,140,18.6,-1.6
2019,141,16.8,-0.7
2019,142,17,0.8
2019,143,15.5,-0.8
2019,144,16.5,-1.7
2019,145,16.5,-3.6
2019,146,20.9,11.8
2019,147,17.2,13
2019,148,21.4,8.8
2019,149,19.4,4.1
2019,150,20.7,10.4
2019,151,15,7.4
2019,152,6.8,2.9
2019,153,8.1,3.5
2019,154,14.9,-2.7
2019,155,10.8,4.1
2019,156,7.6,-1.6
2019,157,13.9,-4.4
2019,158,13.5,4.1
2019,159,12.5,-0.6
2019,160,13.6,-2.8
2019,161,14.5,6.4
2019,162,15.3,5
2019,163,15.6,8.2
2019,164,13.5,6.4
2019,165,16.9,7.2
2019,166,11.5,3.3
2019,167,11.4,0.6
2019,168,11.7,-1.4
2019,169,9.7,-1.6
2019,170,13.2,-2.8
2019,171,12.4,-1.5
2019,172,16.3,1.2
2019,173,14.8,2
2019,174,9.1,-0.8
2019,175,13.1,-1.5
2019,176,15,-2.1
2019,177,13.3,-2.5
2019,178,14.1,-3.3
2019,179,15.8,-5
2019,180,16.6,-5.5
2019,181,15.8,-0.8
2019,182,13.7,1.1
2019,183,16.3,4.6
2019,184,19.6,14.3
2019,185,13.8,1
2019,186,7.9,4.8
2019,187,11.2,-0.1
2019,188,16.5,-0.1
2019,189,12.1,1.3
2019,190,17.8,4.4
2019,191,17,5.6
2019,192,16.5,1
2019,193,15.3,3.1
2019,194,16.7,10
2019,195,14.7,4.4
2019,196,12.1,1
2019,197,15,3.3
2019,198,9.2,-1.3
2019,199,14.2,-1.1
2019,200,8.9,4.8
2019,201,9,7.3
2019,202,10,8.4
2019,203,13.1,5.4
2019,204,11.4,7.3
2019,205,11.9,3.8
2019,206,12.9,2.7
2019,207,12,-0.5
2019,208,16.6,-2
2019,209,17.4,2.2
2019,210,18.1,6.9
2019,211,16.2,7.8
2019,212,8.5,3.4
2019,213,10.7,-0.7
2019,214,12.6,-2.1
2019,215,14.4,5.5
2019,216,10.1,-0.9
2019,217,11.8,-4.2
2019,218,14.8,-2
2019,219,14.9,4.4
2019,220,15.5,5.5
2019,221,15.3,8
2019,222,9.3,4.6
2019,223,10.4,0.4
2019,224,10.1,-0.6
2019,225,14.9,-1.7
2019,226,9.8,0.1
2019,227,15.4,-1.6
2019,228,14.9,4.1
2019,229,11.6,0.9
2019,230,9.2,-0.1
2019,231,14,-0.8
2019,232,14.8,8.5
2019,233,13.5,3.9
2019,234,15.4,4.4
2019,235,13.8,7
2019,236,12.4,5
2019,237,18.2,7.2
2019,238,12.3,5.8
2019,239,12.9,2.2
2019,240,16.7,3.4
2019,241,16,7.5
2019,242,14.5,0.4
2019,243,17.6,0.6
2019,244,23.2,9.1
2019,245,16.4,2.2
2019,246,12.4,-0.3
2019,247,10.9,6
2019,248,10.7,8
2019,249,8.5,6
2019,250,11.3,0.4
2019,251,6.6,-1.4
2019,252,7,0.7
2019,253,12.4,-0.6
2019,254,12.3,-1.7
2019,255,19.6,1.6
2019,256,15.4,6.6
2019,257,8,5.6
2019,258,13.3,5.5
2019,259,17.3,9.2
2019,260,16,5.1
2019,261,14.4,2.7
2019,262,15.5,2.4
2019,263,13.9,1.2
2019,264,15.6,1.8
2019,265,13.3,3.5
2019,266,18.7,11.3
2019,267,16.2,1.7
2019,268,14.1,0.6
2019,269,15.8,0
2019,270,16.7,1
2019,271,18.9,10
2019,272,21,6.82
2019,273,18.4,6.5
2019,274,9.8,2.7
2019,275,13,4
2019,276,12.2,1.7
2019,277,18.7,1.2
2019,278,14.1,4.7
2019,279,14.9,2.5
2019,280,19,5.1
2019,281,21.4,13.2
2019,282,22.9,15.1
2019,283,21.5,10.2
2019,284,15.2,9.2
2019,285,12.7,7.4
2019,286,13.7,2.2
2019,287,13,4.3
2019,288,13,8.7
2019,289,13.7,6.2
2019,290,15.4,4.9
2019,291,10,6.9
2019,292,17.2,7
2019,293,19.9,5.6
2019,294,15.4,7.9
2019,295,16,5.1
2019,296,12.3,2.2
2019,297,16.8,3.2
2019,298,13.3,0.9
2019,299,22.2,5.8
2019,300,22.3,14
2019,301,19.2,11.6
2019,302,17.1,4.4
2019,303,19.4,2.1
2019,304,17.8,1.9
2019,305,15.1,3.9
2019,306,28.7,5.3
2019,307,31.9,12.3
2019,308,29.5,11
2019,309,21.9,16
2019,310,17.4,10.8
2019,311,23.7,9.4
2019,312,26.5,15.8
2019,313,25.8,17.1
2019,314,21.7,8.9
2019,315,12.8,7.2
2019,316,15.7,5.9
2019,317,20,3.3
2019,318,18.8,10.3
2019,319,20,7.6
2019,320,21.4,14
2019,321,21.9,5.5
2019,322,18.4,5.9
2019,323,18.7,9.6
2019,324,16.5,6.7
2019,325,21.7,5
2019,326,27.9,11.6
2019,327,18.6,9.5
2019,328,27.1,9.8
2019,329,18.7,3.6
2019,330,29.1,4.4
2019,331,26.8,17.8
2019,332,30.4,18.5
2019,333,18.2,11.7
2019,334,25.3,9.9
2019,335,24.5,16.7
2019,336,24,19.5
2019,337,23,15.4
2019,338,23.3,12.8
2019,339,21.1,13.1
2019,340,23.9,15.3
2019,341,23.4,13.6
2019,342,21.2,10.9
2019,343,20.1,1.5
2019,344,22.9,2.3
2019,345,23.9,7.3
2019,346,21,8.3
2019,347,26.8,10.8
2019,348,23.6,9.1
2019,349,22.6,10.5
2019,350,17.4,10.2
2019,351,17.1,8.9
2019,352,18.2,6.1
2019,353,19.7,5
2019,354,19.2,9.5
2019,355,17.8,6.7
2019,356,28,9.4
2019,357,17.4,11.3
2019,358,18.3,3.1
2019,359,16.1,8.8
2019,360,21.9,8.2
2019,361,22.2,6.3
2019,362,21.5,2.8
2019,363,25.5,1.8
2019,364,18.8,12.6
2019,365,27.4,12.7
2020,1,33.2,12.2
2020,2,27,12.9
2020,3,20.8,6.9
2020,4,19.5,7.6
2020,5,26.4,6.1
2020,6,22.1,4.8
2020,7,18.7,9.1
2020,8,19.1,8.7
2020,9,25.9,8.3
2020,10,21.7,10.9
2020,11,26.7,11.3
2020,12,28.9,16.3
2020,13,18,10.8
2020,14,19.4,5.2
2020,15,20.7,1.4
2020,16,20,2.6
2020,17,21.8,1.9
2020,18,23.1,2.2
2020,19,24.1,2.8
2020,20,25.5,9.8
2020,21,25.4,11.6
2020,22,25.3,9.8
2020,23,30.5,9.4
2020,24,29.9,12.2
2020,25,34.5,11.4
2020,26,26.3,11.2
2020,27,30.9,13.7
2020,28,27.8,10.3
2020,29,28.7,13.1
2020,30,29.4,14.1
2020,31,25,12
2020,32,29.2,6.8
2020,33,31.8,21.7
2020,34,28.2,23.9
2020,35,31.3,12.7
2020,36,18.9,9.2
2020,37,26.2,8.6
2020,38,24.3,9.5
2020,39,19.8,3.6
2020,40,24.7,2.9
2020,41,26.4,4.7
2020,42,25.8,7.2
2020,43,27.9,11.5
2020,44,27.5,13.9
2020,45,14.7,12.6
2020,46,27,12.2
2020,47,28.7,11
2020,48,32.8,18.5
2020,49,28.7,13.8
2020,50,26.5,9.5
2020,51,22.6,7
2020,52,29.4,13
2020,53,19.4,10.1
2020,54,22.8,7.3
2020,55,27.6,8.6
2020,56,23.1,7.6
2020,57,29.1,8.6
2020,58,24.3,10.8
2020,59,29,11.4
2020,60,23.3,5.5
2020,61,26.1,5.4
2020,62,31.1,10
2020,63,29.6,18.3
2020,64,16.5,10.2
2020,65,17.9,2.7
2020,66,22.8,1.6
2020,67,29.4,10.9
2020,68,25,7.9
2020,69,27.6,11.7
2020,70,19,12.1
2020,71,14,9.8
2020,72,21.6,3.8
2020,73,20.2,2.4
2020,74,22.2,3.1
2020,75,26.6,13.9
2020,76,23.5,10.4
2020,77,14.8,6.6
2020,78,24,-2
2020,79,24.9,4.8
2020,80,16.6,9.5
2020,81,17.5,7.2
2020,82,26.3,10.1
2020,83,23,5
2020,84,15.7,-1.4
2020,85,27.5,-0.3
2020,86,22.9,2.8
2020,87,12.2,9.4
2020,88,14.6,7.4
2020,89,11.8,6.4
2020,90,14,9.5
2020,91,19.4,7.8
2020,92,21.2,8.4
2020,93,21.9,7.9
2020,94,19.7,9.4
2020,95,20.6,10.8
2020,96,25.9,10.5
2020,97,22.7,11.6
2020,98,25.1,11.8
2020,99,17.7,7.3
2020,100,18.4,3.2
2020,101,24.8,2.4
2020,102,22.3,2
2020,103,22.6,13.6
2020,104,18.3,7.8
2020,105,15.7,-0.1
2020,106,13.9,-2.3
2020,107,19.5,2.9
2020,108,17.2,3.2
2020,109,19.2,10.4
2020,110,16.4,7.5
2020,111,17.4,5.5
2020,112,19,1.1
2020,113,19.7,4.7
2020,114,18.4,2.5
2020,115,24.3,1.3
2020,116,22.1,5.4
2020,117,21.4,0.8
2020,118,24,9.9
2020,119,20,1.5
2020,120,20.2,-0.3
2020,121,23.6,-0.8
2020,122,25.1,6.4
2020,123,21.9,15
2020,124,21.6,12.4
2020,125,18,8
2020,126,12,5
