year,doy,totalRain,Tmax,Tmin,Tmean,Rad,Wind,RH,vpd,ET0,ET_Rain,station,vineyard,region
2022,1,0,24.6,12.7,19.62291666666667,33.98328,2.533375,57.422916666666666,1.0490022798743144,10.819458108908371,10.819458108908371,Blenheim,"NA",Marlborough
2022,2,0,28.3,13.1,21.020833333333332,30.07368,2.425,62.65416666666667,1.0825795422652869,9.886821697688289,9.886821697688289,Blenheim,"NA",Marlborough
2022,3,0,27.4,17.1,21.083333333333332,27.08712,1.75,71.92916666666667,0.7779382519561554,8.30860909139449,8.30860909139449,Blenheim,"NA",Marlborough
2022,4,0,23.7,14.8,19.416666666666668,30.35844,2.316666666666667,79.90833333333333,0.5100190946908029,9.06913815005038,9.06913815005038,Blenheim,"NA",Marlborough
2022,5,0,21.6,15,18.2625,24.51168,2.2666666666666666,83.2125,0.38246404118473964,7.230460011694603,7.230460011694603,Blenheim,"NA",Marlborough
2022,6,0,18.6,12.6,16.095833333333335,9.3438,1.9125,77.60416666666667,0.4154458025717811,3.1646879863533792,3.1646879863533792,Blenheim,"NA",Marlborough
2022,7,0,19.5,8.2,14.3875,23.83164,2.1041666666666665,72.43333333333334,0.5106299828264562,6.817942351281192,6.817942351281192,Blenheim,"NA",Marlborough
2022,8,0,25,9.5,17.479166666666668,30.64608,2.0166666666666666,73.07083333333334,0.6596563070009511,8.921436072999287,8.921436072999287,Blenheim,"NA",Marlborough
2022,9,0,28.6,15.7,21.9,28.53252,2.8375,55.791666666666664,1.3418418228474625,10.26376032302485,10.26376032302485,Blenheim,"NA",Marlborough
2022,10,0,25.5,16.3,20.295833333333334,30.34836,2.1416666666666666,66.17083333333333,0.8710604061283257,9.441735240639513,9.441735240639513,Blenheim,"NA",Marlborough
2022,11,0,29,13.8,21.708333333333332,31.78584,2.404166666666667,66.59583333333333,1.04815824904829,10.327594609088349,10.327594609088349,Blenheim,"NA",Marlborough
2022,12,0,21,16.4,18.1375,21.0402,2.7916666666666665,83.6875,0.35211604180968564,6.456087547359056,6.456087547359056,Blenheim,"NA",Marlborough
2022,13,0,18.8,12.1,15.220833333333333,21.88836,2.4166666666666665,70.74583333333334,0.5282906148317804,6.635165686500506,6.635165686500506,Blenheim,"NA",Marlborough
2022,14,0,18.5,9.6,14.641666666666667,22.99968,2.5500000000000003,74.95416666666667,0.4577424163412908,6.791922567644191,6.791922567644191,Blenheim,"NA",Marlborough
2022,15,0,19,9.3,14.945833333333333,31.52088,2.6083333333333334,76.35833333333333,0.45314278240960604,8.881195346631985,8.881195346631985,Blenheim,"NA",Marlborough
2022,16,0,21.6,9,16.066666666666666,32.86224,2.808333333333333,73.04166666666667,0.5992010674073713,9.723372419703349,9.723372419703349,Blenheim,"NA",Marlborough
2022,17,0,23.3,10.6,17.1875,32.57172,2.4625,74.15833333333333,0.608160667536724,9.584124972858758,9.584124972858758,Blenheim,"NA",Marlborough
2022,18,0,21.5,12.6,17.416666666666668,31.89456,2.1333333333333333,76.37916666666666,0.5300744984707079,9.154476740866588,9.154476740866588,Blenheim,"NA",Marlborough
2022,19,0,30.7,12.3,21.9625,29.77344,2.875,63.025,1.2868450017925541,10.54827904326308,10.54827904326308,Blenheim,"NA",Marlborough
2022,20,5.3999999999999995,22.1,13.4,16.975,19.408320000000003,2.566666666666667,73.98333333333333,0.5174454007735703,6.201295173945689,0.8012951739456895,Blenheim,"NA",Marlborough
2022,21,0,21.7,9.7,15.9125,31.26924,2.9416666666666664,71.6125,0.6131644786710592,9.43407799797233,9.43407799797233,Blenheim,"NA",Marlborough
2022,22,0,28.7,11.8,19.829166666666666,31.7736,2.5416666666666665,58.93333333333334,1.188859020328552,10.461780689713157,10.461780689713157,Blenheim,"NA",Marlborough
2022,23,0,22.2,12.6,17.995833333333334,27.59724,2.4333333333333336,73.55416666666666,0.5910322754307501,8.383012793702365,8.383012793702365,Blenheim,"NA",Marlborough
2022,24,0,22.6,16.2,18.8375,25.74864,1.8083333333333333,73.09166666666667,0.6127223752770309,7.654805644061605,7.654805644061605,Blenheim,"NA",Marlborough
2022,25,0,24.3,14.9,19.9375,16.05636,2.129166666666667,71.09583333333333,0.7261182240749723,5.551297799653734,5.551297799653734,Blenheim,"NA",Marlborough
2022,26,7,27.4,17.5,22.079166666666666,26.51868,2.7333333333333334,71.95416666666667,0.8426102855853213,8.96844456405002,1.9684445640500208,Blenheim,"NA",Marlborough
2022,27,0.2,21.8,12.9,17.3375,31.86,2.15,59.4375,0.865531990227139,9.519934503877083,9.319934503877084,Blenheim,"NA",Marlborough
2022,28,0,18.8,11.9,15.270833333333334,26.937,2.0125,67.49583333333334,0.593844857171619,7.699033357979639,7.699033357979639,Blenheim,"NA",Marlborough
2022,29,0,27.9,10.6,18.958333333333332,30.9636,2.3583333333333334,64.65416666666667,1.00617033279153,9.799230560724897,9.799230560724897,Blenheim,"NA",Marlborough
2022,30,0,23.4,14.5,18.745833333333334,30.59928,2.7666666666666666,64.85416666666667,0.8214771366564195,9.781619044141308,9.781619044141308,Blenheim,"NA",Marlborough
2022,31,0,21.6,12.6,17.054166666666667,24.917759999999998,2.2875,79.32083333333334,0.45419683043629705,7.337043937684118,7.337043937684118,Blenheim,"NA",Marlborough
2022,32,0,28.6,13.2,20.6875,22.24944,2.35,68.32083333333334,0.9737943022638418,7.666812363727937,7.666812363727937,Blenheim,"NA",Marlborough
2022,33,0,23.5,20.7,22.241666666666667,6.93432,3.345833333333333,64.425,0.9590341160868104,4.422141737157881,4.422141737157881,Blenheim,"NA",Marlborough
2022,34,0,25.2,20.5,22.791666666666668,10.18728,2.6,70.01666666666667,0.8464585010053252,4.508167754591267,4.508167754591267,Blenheim,"NA",Marlborough
2022,35,5.4,25.5,19.4,22.1375,13.79916,2.0458333333333334,74.57083333333334,0.7189571629383295,4.946866750604277,-0.45313324939572297,Blenheim,"NA",Marlborough
2022,36,23.4,19.3,13.1,14.7375,5.17176,2.2666666666666666,91.9625,0.1339361249481332,1.6400672818825806,-21.75993271811742,Blenheim,"NA",Marlborough
2022,37,30,13.4,12,12.9,3.49596,1.8,90.3375,0.14493507012232693,1.157803562560268,-28.842196437439732,Blenheim,"NA",Marlborough
2022,38,0,16.5,13.4,14.6375,7.01604,2.0708333333333333,72.66666666666667,0.461728944786047,2.7472062791947627,2.7472062791947627,Blenheim,"NA",Marlborough
2022,39,0,20.1,13.4,16.454166666666666,10.45764,1.7,86.1125,0.28567405329907214,3.1695665258976917,3.1695665258976917,Blenheim,"NA",Marlborough
2022,40,4,20.2,14.2,17.279166666666665,10.78992,1.6208333333333333,89.91666666666667,0.21238174859761913,3.1639103454224204,-0.8360896545775796,Blenheim,"NA",Marlborough
2022,41,0.8,25.7,17.6,21.3375,8.59608,1.2708333333333333,86.95416666666667,0.3764672920569277,2.7889260896275756,1.9889260896275756,Blenheim,"NA",Marlborough
2022,42,0.2,23,16.7,19.708333333333332,10.9044,2.5125,85.9375,0.34412130765460497,3.7406475423398935,3.5406475423398933,Blenheim,"NA",Marlborough
2022,43,55.6,18.4,15.6,16.8875,3.69396,1.1833333333333333,96.00416666666666,0.07745800106241806,1.066312842510902,-54.5336871574891,Blenheim,"NA",Marlborough
2022,44,12.4,15.5,11.3,13.454166666666666,6.65676,2.2,78.125,0.33888972213475427,2.4547829173105917,-9.945217082689409,Blenheim,"NA",Marlborough
2022,45,0.6000000000000001,19.6,10.7,14.583333333333334,23.23692,1.6166666666666667,79.3,0.404025540497253,6.304250713345447,5.704250713345447,Blenheim,"NA",Marlborough
2022,46,0,20.6,13,16.379166666666666,24.40224,1.3916666666666666,80.12083333333334,0.4057121262750744,6.6816037222350575,6.6816037222350575,Blenheim,"NA",Marlborough
2022,47,0,21.4,10.9,16.666666666666668,24.51132,2.4791666666666665,79.125,0.4621111130619613,7.304424508660852,7.304424508660852,Blenheim,"NA",Marlborough
2022,48,0,21.2,13,16.9875,25.4466,1.6208333333333333,79.8,0.4416747533504243,7.13968030061055,7.13968030061055,Blenheim,"NA",Marlborough
2022,49,0,26.2,12.9,19.3875,27.72504,2.7583333333333333,65.35833333333333,0.9727690864916865,9.336417260122571,9.336417260122571,Blenheim,"NA",Marlborough
2022,50,0.2,24,16.5,20.420833333333334,15.49548,3.6708333333333334,63.891666666666666,0.8974221452538077,6.846366517915239,6.646366517915239,Blenheim,"NA",Marlborough
2022,51,20.8,18.9,13.3,15.429166666666667,21.32928,2.2625,82.6625,0.33201499875172713,6.086075765933387,-14.713924234066614,Blenheim,"NA",Marlborough
2022,52,0,20.2,9.9,15.1875,22.97304,1.5416666666666667,81.40416666666667,0.3803170395141961,6.245810115317741,6.245810115317741,Blenheim,"NA",Marlborough
2022,53,0,25.7,12.5,19.095833333333335,27.19584,2.595833333333333,70,0.8262244444389242,8.829995035176042,8.829995035176042,Blenheim,"NA",Marlborough
2022,54,0,20.2,14.2,16.816666666666666,23.16204,1.9166666666666667,70.2875,0.5995932653175738,6.876420130784154,6.876420130784154,Blenheim,"NA",Marlborough
2022,55,0,18.6,10.9,14.641666666666667,22.433759999999996,1.8541666666666667,71.16666666666667,0.5139435635444783,6.37165730332949,6.37165730332949,Blenheim,"NA",Marlborough
2022,56,0,19.4,9,14.25,26.98416,2.1875,72.39166666666667,0.5226061104517855,7.611028792603819,7.611028792603819,Blenheim,"NA",Marlborough
2022,57,0,21.5,9.4,15.366666666666667,24.600600000000004,2.35,75.20833333333333,0.5181767601776786,7.241222623709416,7.241222623709416,Blenheim,"NA",Marlborough
2022,58,0,17.8,8.6,13.4625,16.89696,1.6875,71.225,0.4726350286448405,4.83902508582945,4.83902508582945,Blenheim,"NA",Marlborough
2022,59,0,17,10.1,14.0625,18.66816,1.825,72.74166666666666,0.46150481951500055,5.3508037125500305,5.3508037125500305,Blenheim,"NA",Marlborough
2022,60,0.2,18.3,10.8,14.620833333333334,22.30632,1.6708333333333334,77.55833333333334,0.4068665647257296,6.113313885601178,5.913313885601178,Blenheim,"NA",Marlborough
2022,61,0,19.8,10.4,14.483333333333334,20.8674,1.7583333333333333,77.45,0.41636589147595554,5.809391966360048,5.809391966360048,Blenheim,"NA",Marlborough
2022,62,0,19,9.7,13.825,23.74272,1.7083333333333333,75.6125,0.4404626751657075,6.430787553388935,6.430787553388935,Blenheim,"NA",Marlborough
2022,63,0,21,9.6,15.125,21.11724,1.8041666666666667,79.3125,0.4407118362789251,5.977834809818257,5.977834809818257,Blenheim,"NA",Marlborough
2022,64,0,25.5,11.3,17.633333333333333,23.78772,1.6208333333333333,73.12083333333334,0.6746568443651869,6.987503080725129,6.987503080725129,Blenheim,"NA",Marlborough
2022,65,0,24.8,13.7,19.65,23.6412,4.345833333333333,63.34166666666667,0.9256413285634582,9.555814454204095,9.555814454204095,Blenheim,"NA",Marlborough
2022,66,0,24.8,11.7,17.908333333333335,20.03904,2.3625,69.52083333333333,0.7060757438857952,6.61256630930166,6.61256630930166,Blenheim,"NA",Marlborough
2022,67,0,21.6,12.4,17.433333333333334,22.329,1.8541666666666667,77.3125,0.49882466739413034,6.567438964454432,6.567438964454432,Blenheim,"NA",Marlborough
2022,68,0,24.2,13.7,19.029166666666665,22.829040000000003,2.745833333333333,73.30833333333334,0.6460391729077105,7.521531298348967,7.521531298348967,Blenheim,"NA",Marlborough
2022,69,0,19.9,14.1,16.791666666666668,13.34052,1.3125,86.72916666666667,0.271629229621164,3.785750269369748,3.785750269369748,Blenheim,"NA",Marlborough
2022,70,0,24.2,13.5,18.758333333333333,16.056,2.841666666666667,73.81666666666666,0.662741362497659,5.871157619116874,5.871157619116874,Blenheim,"NA",Marlborough
2022,71,0.4,25.6,15.3,19.733333333333334,18.78984,2.1458333333333335,69.41666666666667,0.736156577765075,6.275085328766344,5.875085328766343,Blenheim,"NA",Marlborough
2022,72,0,20.5,13.3,16.1125,22.02048,2.6416666666666666,68.1875,0.6155172846509457,7.02953266739064,7.02953266739064,Blenheim,"NA",Marlborough
2022,73,0,17.6,11.8,14.641666666666667,11.28672,1.7166666666666666,73.175,0.45598107726017034,3.5705519215316532,3.5705519215316532,Blenheim,"NA",Marlborough
2022,74,0,19.4,11,15.270833333333334,20.17224,2.0791666666666666,68.99166666666666,0.5746308837189673,6.104396176330417,6.104396176330417,Blenheim,"NA",Marlborough
2022,75,0,19,9.9,14.720833333333333,17.06472,2.15,72.23333333333333,0.48657814225712887,5.228141845886372,5.228141845886372,Blenheim,"NA",Marlborough
2022,76,0,18,9.6,13.420833333333333,13.31172,1.4291666666666667,67.02916666666667,0.5333598591669735,3.9373011903807407,3.9373011903807407,Blenheim,"NA",Marlborough
2022,77,0,16.6,7.3,11.6375,19.80036,1.9124999999999999,72.32916666666667,0.43315716259003495,5.429187221841847,5.429187221841847,Blenheim,"NA",Marlborough
2022,78,0,18,5,11.433333333333334,18.9216,1.8666666666666667,80.85,0.32191348134764114,5.006492182050781,5.006492182050781,Blenheim,"NA",Marlborough
2022,79,0,20.5,10,14.55,14.16528,1.55,81.39583333333333,0.3653945977406293,4.051902312096458,4.051902312096458,Blenheim,"NA",Marlborough
2022,80,6,18.4,11,14.825,4.4128799999999995,1.3083333333333333,88.6625,0.2054304509419148,1.399192812922276,-4.600807187077724,Blenheim,"NA",Marlborough
2022,81,4.4,22.5,14.9,17.808333333333334,13.97808,1.5333333333333332,89.63333333333333,0.240462646063835,4.03538987345458,-0.36461012654542024,Blenheim,"NA",Marlborough
2022,82,4.4,22,16.2,18.166666666666668,8.87436,1.325,90.6375,0.21487833608625556,2.63382044935801,-1.7661795506419904,Blenheim,"NA",Marlborough
2022,83,1.6,18.7,16.4,17.458333333333332,3.897,1.2541666666666667,93.825,0.1257884844510054,1.1921772645048119,-0.4078227354951882,Blenheim,"NA",Marlborough
2022,84,0,22.5,12.2,17.916666666666668,16.24176,1.9041666666666666,64.84583333333333,0.7793073270810056,5.445411662903179,5.445411662903179,Blenheim,"NA",Marlborough
2022,85,0,21.9,7.5,14.045833333333333,19.26864,1.6375,75.15416666666667,0.511735254394336,5.451360747627881,5.451360747627881,Blenheim,"NA",Marlborough
2022,86,0,20.3,8.7,13.725,15.74496,1.9833333333333334,84.02083333333333,0.3022061780336899,4.4528926989269495,4.4528926989269495,Blenheim,"NA",Marlborough
2022,87,0,18.1,12,14.4375,12.542760000000001,1.6875,81.52083333333333,0.3238066777938543,3.6528446041715465,3.6528446041715465,Blenheim,"NA",Marlborough
2022,88,0,18.8,8.1,14.375,15.548400000000001,1.5166666666666666,82.29166666666667,0.3160258968622902,4.299429595580707,4.299429595580707,Blenheim,"NA",Marlborough
2022,89,0,21.6,15.2,17.133333333333333,14.92272,1.3791666666666667,89.3125,0.23480472219593085,4.195339830774245,4.195339830774245,Blenheim,"NA",Marlborough
2022,90,0,22.3,14.3,17.458333333333332,16.7958,1.4833333333333334,85.16666666666667,0.33422092475543763,4.827628941213281,4.827628941213281,Blenheim,"NA",Marlborough
2022,91,0,21.4,12.9,16.2,11.797920000000001,1.7625,82,0.3632787739986652,3.6322748593306793,3.6322748593306793,Blenheim,"NA",Marlborough
2022,92,0,21,10,15.033333333333333,17.65584,1.6,82.87916666666666,0.3453070828849578,4.923308838578779,4.923308838578779,Blenheim,"NA",Marlborough
2022,93,0,23.1,11.6,16.804166666666667,17.54316,1.3791666666666667,84.29166666666667,0.3755716399333581,4.971405127890919,4.971405127890919,Blenheim,"NA",Marlborough
2022,94,0,23,9.6,15.958333333333334,17.42328,1.6583333333333334,80.89583333333333,0.44282193010489096,5.073292834575033,5.073292834575033,Blenheim,"NA",Marlborough
2022,95,0,24,11.4,17.570833333333333,11.643839999999997,2.5166666666666666,75.99583333333334,0.560020199947408,4.334396926231975,4.334396926231975,Blenheim,"NA",Marlborough
2022,96,0,23.1,13.9,19.008333333333333,6.73632,2.9208333333333334,70.7,0.6718502941414025,3.5596562239118503,3.5596562239118503,Blenheim,"NA",Marlborough
2022,97,0,17.6,8.6,13.141666666666666,17.00784,1.6083333333333334,70.0125,0.5010795298118339,4.836271085982547,4.836271085982547,Blenheim,"NA",Marlborough
2022,98,0,19.8,5.8,12.2,16.6158,2.05,72.16666666666667,0.49968235546634904,4.95636726896062,4.95636726896062,Blenheim,"NA",Marlborough
2022,99,0,17.3,5,10.575,14.59368,1.8291666666666666,81.82916666666667,0.284097477012809,3.9010741632987,3.9010741632987,Blenheim,"NA",Marlborough
2022,100,0,19,6.5,12.016666666666667,15.99696,2.2625,83.67916666666666,0.29682476085061427,4.495661576502224,4.495661576502224,Blenheim,"NA",Marlborough
2022,101,0,22,7,14.408333333333333,15.97896,2.9166666666666665,69.03333333333333,0.6650992639721631,5.839844210592999,5.839844210592999,Blenheim,"NA",Marlborough
2022,102,0,22.5,14.8,18.308333333333334,10.82628,4.125,61.8625,0.8392794571894474,5.950494199189274,5.950494199189274,Blenheim,"NA",Marlborough
2022,103,0.2,17,8.4,13.854166666666666,13.00176,2.3791666666666664,67.1125,0.5482429974019916,4.49979186131086,4.29979186131086,Blenheim,"NA",Marlborough
2022,104,0,17.1,3.6,9.291666666666666,15.5538,2.033333333333333,74.48333333333333,0.3742691728354559,4.3031233000834845,4.3031233000834845,Blenheim,"NA",Marlborough
2022,105,0,18.3,4,10.683333333333334,15.05268,1.9666666666666666,83.84583333333333,0.27240230825828365,4.037109473472723,4.037109473472723,Blenheim,"NA",Marlborough
2022,106,0,23.7,7.6,15.6625,15.9138,2.841666666666667,65.14583333333333,0.8218508430926189,6.150344097376454,6.150344097376454,Blenheim,"NA",Marlborough
2022,107,0,16.4,7.8,13.654166666666667,10.21068,2.0625,71.4375,0.46178614898244313,3.4851493727004916,3.4851493727004916,Blenheim,"NA",Marlborough
2022,108,0,18.6,5.7,10.720833333333333,14.43888,2.1,77.33333333333333,0.3764603667304316,4.180925218863764,4.180925218863764,Blenheim,"NA",Marlborough
2022,109,0,21.8,7.6,14.175,7.79724,1.9416666666666667,77.95833333333333,0.43245090855712925,2.80771285557656,2.80771285557656,Blenheim,"NA",Marlborough
2022,110,0,24.1,13.5,18.470833333333335,11.49624,1.6333333333333333,79.09583333333333,0.5083701042042948,3.766244524282743,3.766244524282743,Blenheim,"NA",Marlborough
2022,111,9,24.1,16.8,19.429166666666667,8.72388,2.066666666666667,82.22083333333333,0.4270753388916658,3.142045962817301,-5.857954037182699,Blenheim,"NA",Marlborough
2022,112,0.4,20.6,8.1,15.866666666666667,12.010679999999999,2.845833333333333,69.67083333333333,0.6015945971162029,4.706927185958784,4.306927185958783,Blenheim,"NA",Marlborough
2022,113,0,16.7,4.8,10.283333333333333,10.34676,1.9083333333333334,76.60833333333333,0.3542226338019318,3.135993744697724,3.135993744697724,Blenheim,"NA",Marlborough
2022,114,0,19.9,5.8,12.916666666666666,8.90208,2.575,70.32916666666667,0.506316120958631,3.5739461571123896,3.5739461571123896,Blenheim,"NA",Marlborough
2022,115,0,17.9,8.6,12.716666666666667,12.79728,0.975,80.26666666666667,0.3293896648048859,3.3501418949349606,3.3501418949349606,Blenheim,"NA",Marlborough
2022,116,0,21,5.6,12.216666666666667,13.27824,1.7916666666666667,79.64166666666667,0.3979599961486576,3.88441527028801,3.88441527028801,Blenheim,"NA",Marlborough
2022,117,0,17.6,6,11.366666666666667,10.14264,2.175,83.9875,0.25972915943342617,3.020305898298538,3.020305898298538,Blenheim,"NA",Marlborough
2022,118,0,16.4,11.3,13.208333333333334,10.95192,1.325,80.64583333333333,0.31275643019419735,3.0672823553860646,3.0672823553860646,Blenheim,"NA",Marlborough
2022,119,0,16,6,11.2375,9.31752,1.3083333333333333,82.975,0.26245696517094286,2.539863705824793,2.539863705824793,Blenheim,"NA",Marlborough
2022,120,0,20,4.2,11.341666666666667,12.609,2.2708333333333335,77.47916666666667,0.40935673394722255,3.9669599504352617,3.9669599504352617,Blenheim,"NA",Marlborough
2022,121,0,21,13,17.045833333333334,10.52352,3.5458333333333334,64.92916666666666,0.7114251960632991,5.099791349287256,5.099791349287256,Blenheim,"NA",Marlborough
2022,122,0,19.2,14.9,17.241666666666667,3.83112,2.225,75.54166666666667,0.4933100514460228,2.0820401902515844,2.0820401902515844,Blenheim,"NA",Marlborough
2022,123,0,21.6,10.7,15.4125,11.519640000000003,1.7833333333333332,81.42083333333333,0.38515350846066854,3.5760547299717853,3.5760547299717853,Blenheim,"NA",Marlborough
2022,124,0,17.8,8.8,13,6.904799999999998,1.6041666666666667,91.85416666666667,0.137619072637601,1.9229461967820047,1.9229461967820047,Blenheim,"NA",Marlborough
2022,125,0,22,8.9,14.829166666666666,11.46708,1.6208333333333333,82.12083333333334,0.3977723569101313,3.4896456377524228,3.4896456377524228,Blenheim,"NA",Marlborough
2022,126,0,21,8.3,12.916666666666666,11.24532,1.8875,81.5125,0.35236062814721475,3.411304364701543,3.411304364701543,Blenheim,"NA",Marlborough
2022,127,0,21.7,7,13.554166666666667,11.298240000000002,1.9791666666666667,79.0625,0.4159991948230075,3.6049789069269407,3.6049789069269407,Blenheim,"NA",Marlborough
2022,128,0,20.2,12.2,16.5625,8.66088,3.1666666666666665,67.19583333333333,0.6518970118081726,4.227489335825729,4.227489335825729,Blenheim,"NA",Marlborough
2022,129,5.6000000000000005,19.3,13.5,16.15,5.39748,1.7208333333333334,82.1875,0.34008624042623775,1.9814945144804643,-3.6185054855195364,Blenheim,"NA",Marlborough
2022,130,2.6,16.2,9.3,12.5,8.7948,1.8041666666666667,79.28750000000001,0.3111386431212062,2.722136878914019,0.1221368789140187,Blenheim,"NA",Marlborough
2022,131,0,15.1,3.3,7.7,10.52424,1.8,81.68333333333334,0.2518524027405537,2.811877622151518,2.811877622151518,Blenheim,"NA",Marlborough
2022,132,0,14.2,2.3,7.229166666666667,9.04932,2.033333333333333,84.725,0.20183294982725825,2.451259761071542,2.451259761071542,Blenheim,"NA",Marlborough
2022,133,0,17.3,1.8,8.575,10.6722,1.825,80.46666666666667,0.30265346080700567,2.9985736419167486,2.9985736419167486,Blenheim,"NA",Marlborough
2022,134,0,18.8,7.6,14.770833333333334,3.7548,2.658333333333333,65.6375,0.5955722699177712,2.6292899426299416,2.6292899426299416,Blenheim,"NA",Marlborough
2022,135,5.2,14.6,12.5,13.491666666666667,1.90152,1.0708333333333333,91.65,0.13064653534785392,0.6310250632173678,-4.568974936782633,Blenheim,"NA",Marlborough
2022,136,2.8,18.2,12.5,14.170833333333334,6.9714,1.1083333333333334,90.27916666666667,0.1729586012406075,1.9294769810647439,-0.870523018935256,Blenheim,"NA",Marlborough
2022,137,0,19.2,8.3,14.283333333333333,4.26852,2,79.42083333333333,0.36357971307659254,1.8600741049226799,1.8600741049226799,Blenheim,"NA",Marlborough
2022,138,0,21.6,7.8,13.4375,10.00404,1.9375,74.1625,0.5176852479139938,3.468276857992999,3.468276857992999,Blenheim,"NA",Marlborough
2022,139,4.4,19.8,10.8,15.295833333333333,5.08752,3.9499999999999997,70.70833333333333,0.5372752889535786,3.532372549558487,-0.8676274504415136,Blenheim,"NA",Marlborough
2022,140,4.8,12.1,6.7,10.129166666666666,4.82616,3.5541666666666667,73.575,0.3332038225140955,2.63520230223627,-2.16479769776373,Blenheim,"NA",Marlborough
2022,141,0,16.1,2.5,10.0625,9.718199999999998,5.170833333333333,60.958333333333336,0.5616921107653648,5.819526186174018,5.819526186174018,Blenheim,"NA",Marlborough
2022,142,0,17.7,3.8,11.3875,9.53208,3.775,60.545833333333334,0.6112144693821308,4.910359957987445,4.910359957987445,Blenheim,"NA",Marlborough
2022,143,0,16.4,3.8,9.3,9.45144,2.0166666666666666,68.84166666666667,0.4159646611897525,3.114531505994024,3.114531505994024,Blenheim,"NA",Marlborough
2022,144,0,15.9,2.4,7.1875,9.38448,2.1708333333333334,77.98333333333333,0.2883254054771313,2.805774147425555,2.805774147425555,Blenheim,"NA",Marlborough
2022,145,0,19,3.9,10.2375,9.28944,2.558333333333333,71.03333333333333,0.46002758551856093,3.523358536101784,3.523358536101784,Blenheim,"NA",Marlborough
2022,146,0.2,11,5.9,9,4.00896,1.3083333333333333,76.75,0.274816038326556,1.3520137552580314,1.1520137552580314,Blenheim,"NA",Marlborough
2022,147,0,14.7,1.6,6.345833333333333,8.9046,1.8375,82.80416666666667,0.22075960185717422,2.377053326426103,2.377053326426103,Blenheim,"NA",Marlborough
2022,148,0,17,2.4,8.4125,8.99316,2.1416666666666666,77.41666666666667,0.32217172928181004,2.8352760181676833,2.8352760181676833,Blenheim,"NA",Marlborough
2022,149,0,16.6,3.4,8.3375,8.301600000000002,1.775,76.20416666666667,0.31265856230665945,2.5018442489567247,2.5018442489567247,Blenheim,"NA",Marlborough
2022,150,8.6,11.3,5.5,8.925,1.4284799999999997,2.05,92.72083333333333,0.07797640538540099,0.5426083696503455,-8.057391630349654,Blenheim,"NA",Marlborough
2022,151,3.4000000000000004,20.2,9.5,13.920833333333333,7.83612,1.9833333333333334,84.44166666666666,0.302486888534416,2.5783323885726226,-0.8216676114273778,Blenheim,"NA",Marlborough
2022,152,14.200000000000001,17.9,11.7,14.741666666666667,5.932439999999999,2.65,78.775,0.37351083500454463,2.5540285140716326,-11.645971485928369,Blenheim,"NA",Marlborough
2022,153,6.8,14.8,9.6,12.166666666666666,2.33856,1.9166666666666665,87.49583333333334,0.18498958882111294,0.9966302318287247,-5.803369768171275,Blenheim,"NA",Marlborough
2022,154,1.6,13.5,6.4,9.279166666666667,4.06512,1.625,88.50833333333333,0.14623804856195505,1.2187102789107935,-0.38128972108920656,Blenheim,"NA",Marlborough
2022,155,0,14.2,2.7,6.833333333333333,8.79768,2.075,85.2125,0.18894598316439998,2.363953789504922,2.363953789504922,Blenheim,"NA",Marlborough
2022,156,0,10.6,2,6.258333333333333,4.05612,2.2083333333333335,86.02083333333333,0.14973865907721745,1.3247224138032558,1.3247224138032558,Blenheim,"NA",Marlborough
2022,157,0.2,18.2,9.2,13.341666666666667,8.30772,2.004166666666667,80.04166666666667,0.3429658358785456,2.769565122301168,2.5695651223011677,Blenheim,"NA",Marlborough
2022,158,1.8,17.2,8.7,12.170833333333334,4.71816,2.1291666666666664,82.55,0.2709286253557928,1.8121752052912574,0.012175205291257374,Blenheim,"NA",Marlborough
2022,159,14.4,16.3,8.1,11.366666666666667,4.9698,2.5416666666666665,85.48333333333333,0.2342502565946221,1.9017550063888633,-12.498244993611138,Blenheim,"NA",Marlborough
2022,160,6.2,14.9,7.4,10.191666666666666,5.840999999999999,2.3583333333333334,84.1125,0.21370412586842422,1.9724435275578136,-4.227556472442187,Blenheim,"NA",Marlborough
2022,161,9.2,14.6,9.7,12.145833333333334,8.38512,4.183333333333334,68.125,0.45993644769247366,4.2481322097797865,-4.951867790220213,Blenheim,"NA",Marlborough
2022,162,3.4,14.2,7.2,10.029166666666667,7.984440000000002,3.4916666666666667,75.15416666666667,0.333794890084554,3.291133994511518,-0.10886600548848202,Blenheim,"NA",Marlborough
2022,163,9.4,12.8,4.9,8.7625,2.4807600000000005,2.908333333333333,78.60416666666667,0.24576396725272504,1.5433011271329227,-7.856698872867078,Blenheim,"NA",Marlborough
2022,164,3.6,12,5.6,9.295833333333333,2.91888,4.166666666666667,69.11666666666667,0.37955173917319635,2.7872400710815315,-0.8127599289184686,Blenheim,"NA",Marlborough
2022,165,0,16.4,3.4,10.629166666666666,6.99048,4.091666666666667,63.74583333333334,0.5194808902386042,4.2291311881287585,4.2291311881287585,Blenheim,"NA",Marlborough
2022,166,0,16.1,8.4,11.929166666666667,7.82028,4.791666666666667,53.6625,0.6708629484584134,5.576240060659363,5.576240060659363,Blenheim,"NA",Marlborough
2022,167,0,15.8,3.3,10.1625,4.361400000000001,2.8666666666666667,65.27083333333333,0.46851812954079036,2.6952056297942795,2.6952056297942795,Blenheim,"NA",Marlborough
2022,168,0,11.4,5.7,9.766666666666666,2.98476,1.6125,79.68333333333334,0.2532779006031293,1.2079214553083226,1.2079214553083226,Blenheim,"NA",Marlborough
2022,169,2.2,11.6,4,7.770833333333333,3.0618,1.65,90.33333333333333,0.11560432523268846,0.9256638543927418,-1.2743361456072584,Blenheim,"NA",Marlborough
2022,170,0,12.6,2.8,7.1125,7.97004,1.5333333333333334,81.77083333333333,0.21427953473213035,2.1010265775283297,2.1010265775283297,Blenheim,"NA",Marlborough
2022,171,0.2,9.4,-0.1,5.1375,5.957999999999999,2.345833333333333,82.4125,0.18415919320450602,1.834021621050259,1.634021621050259,Blenheim,"NA",Marlborough
2022,172,0,11.7,0.2,4.358333333333333,8.0118,1.8166666666666667,80.90833333333333,0.20177959883585148,2.086479209536121,2.086479209536121,Blenheim,"NA",Marlborough
2022,173,0,12,0,4,7.2252,1.8583333333333334,85.61666666666666,0.1488816715437803,1.797611949844053,1.797611949844053,Blenheim,"NA",Marlborough
2022,174,0,12.4,0,4.15,7.7904,1.875,81.19583333333333,0.19593324446690846,2.0429966294888753,2.0429966294888753,Blenheim,"NA",Marlborough
2022,175,0,11.4,0.9,6.5,2.62728,1.9333333333333333,83.53333333333333,0.16594686876756307,1.0237109789001961,1.0237109789001961,Blenheim,"NA",Marlborough
2022,176,0,14.1,7.6,10,3.84084,1.575,94.125,0.07789841032704724,1.028938486543953,1.028938486543953,Blenheim,"NA",Marlborough
2022,177,0,16.9,5.4,9.4875,7.9254,2.0375,83.85416666666667,0.22603096484317703,2.348922645110002,2.348922645110002,Blenheim,"NA",Marlborough
2022,178,0,16.4,2.9,8.691666666666666,7.53552,2.3666666666666667,73.275,0.39516961722897825,2.8553592314236385,2.8553592314236385,Blenheim,"NA",Marlborough
2022,179,17,9.1,5.2,7.375,1.5685200000000001,1.0833333333333333,92.20416666666667,0.07698684777382815,0.4533263893402987,-16.546673610659703,Blenheim,"NA",Marlborough
2022,180,0.4,13.6,3.3,7.2125,8.55792,1.9125,86.20416666666667,0.18279066474967795,2.2660716090689244,1.8660716090689244,Blenheim,"NA",Marlborough
2022,181,0,15,1.9,7.820833333333334,6.83928,2.9916666666666667,73.97916666666667,0.35590925266740175,2.9192132357506524,2.9192132357506524,Blenheim,"NA",Marlborough
2022,182,0,12.8,5,8.733333333333333,8.03088,2.0791666666666666,69.40416666666667,0.3684064828672373,2.7310853103578676,2.7310853103578676,Blenheim,"NA",Marlborough
2022,183,0,14.2,2.8,6.8,7.90128,2.370833333333333,73.14583333333333,0.2942950202363626,2.610136565730367,2.610136565730367,Blenheim,"NA",Marlborough
2022,184,0,16.2,0.6,7.3375,8.31492,2.2958333333333334,74.09583333333333,0.347471424895578,2.825651370371097,2.825651370371097,Blenheim,"NA",Marlborough
2022,185,0,14.3,2,7.883333333333333,8.06688,2.1916666666666664,70.5625,0.34234945335591876,2.71584054012017,2.71584054012017,Blenheim,"NA",Marlborough
2022,186,0,13.8,5.9,9.379166666666666,3.3354,2.4791666666666665,68.56666666666666,0.38147930552643083,1.996722255524584,1.996722255524584,Blenheim,"NA",Marlborough
2022,187,0,12,3.6,7.245833333333334,4.4910000000000005,1.7125,82.725,0.19170813173088033,1.4080182203310458,1.4080182203310458,Blenheim,"NA",Marlborough
2022,188,0,9.8,1.3,5.3625,5.38092,1.7541666666666667,81.35416666666667,0.18618849480931512,1.5559858055268998,1.5559858055268998,Blenheim,"NA",Marlborough
2022,189,16.400000000000002,11.8,6.3,8.591666666666667,4.05,2.0208333333333335,94.15833333333333,0.06746876946979381,1.071936842790306,-15.328063157209696,Blenheim,"NA",Marlborough
2022,190,2.2,17.6,8.4,14.066666666666666,7.37352,4.770833333333333,64.2625,0.6076959397990995,4.976737252370538,2.7767372523705376,Blenheim,"NA",Marlborough
2022,191,0.6000000000000001,10,6.2,7.975,5.45724,1.8041666666666667,69.7125,0.33048624744634125,1.969983456073032,1.369983456073032,Blenheim,"NA",Marlborough
2022,192,5.6,8.8,6.2,7.625,1.63512,1.5083333333333333,80.2125,0.208684747879687,0.8046646945158191,-4.795335305484181,Blenheim,"NA",Marlborough
2022,193,67.8,12.1,9.3,10.691666666666666,1.68444,1.9916666666666667,95.875,0.053153449339905075,0.5295583528471923,-67.27044164715281,Blenheim,"NA",Marlborough
2022,194,0.2,17.6,9.4,12.883333333333333,8.64648,3.9166666666666665,68.09166666666667,0.5139971038657303,4.358903439504958,4.158903439504958,Blenheim,"NA",Marlborough
2022,195,0,13.2,3.5,8.7625,6.9516,1.8208333333333333,74.79583333333333,0.32020106329912146,2.268393546061471,2.268393546061471,Blenheim,"NA",Marlborough
2022,196,2.2,11.1,4.7,7.220833333333333,5.26932,1.5375,81.8875,0.19697142185277086,1.525275061813093,-0.6747249381869072,Blenheim,"NA",Marlborough
2022,197,0.2,11.3,1.3,5.4125,9.14184,1.675,82.90416666666667,0.18498746647993425,2.249772782110737,2.049772782110737,Blenheim,"NA",Marlborough
2022,198,0,14.3,0.4,6.9125,8.10864,3.05,71.56666666666666,0.3647793911775939,3.242655389652475,3.242655389652475,Blenheim,"NA",Marlborough
2022,199,0,14.8,10.9,13.408333333333333,3.23604,6.408333333333333,63.32083333333333,0.5719762586170706,4.99722943871685,4.99722943871685,Blenheim,"NA",Marlborough
2022,200,2.4,17.4,10.4,13.920833333333333,4.888079999999999,3.4291666666666667,74.025,0.4317021162376521,2.8668492474128313,0.4668492474128314,Blenheim,"NA",Marlborough
2022,201,1.4000000000000001,10.8,8.5,9.725,2.32452,1.1875,94.24583333333334,0.06939678205914766,0.6323140632108722,-0.7676859367891279,Blenheim,"NA",Marlborough
2022,202,10.6,12.3,4,8.554166666666667,3.3948,1.5041666666666667,76.74166666666666,0.27803818617566367,1.3047446958157358,-9.295255304184264,Blenheim,"NA",Marlborough
2022,203,0,12.6,0.3,5.320833333333333,9.77112,1.6708333333333334,77.025,0.24998990843189786,2.5129315866923405,2.5129315866923405,Blenheim,"NA",Marlborough
2022,204,0,9.9,1.8,4.9,5.859719999999999,1.7625,81.825,0.1777157565186081,1.6188289610993831,1.6188289610993831,Blenheim,"NA",Marlborough
2022,205,0,10.6,5,6.8375,5.72544,1.4958333333333333,80.11666666666666,0.21102376128329653,1.6258628567475113,1.6258628567475113,Blenheim,"NA",Marlborough
2022,206,18.4,9.8,5.4,7.9125,1.3301999999999998,1.975,89.80416666666666,0.10661260157860641,0.595421406236303,-17.804578593763697,Blenheim,"NA",Marlborough
2022,207,36.4,13.9,8,10.129166666666666,4.36536,1.6583333333333334,95.5375,0.061410160264775894,1.1221011910788126,-35.27789880892119,Blenheim,"NA",Marlborough
2022,208,1,13.5,8.2,11.029166666666667,4.56948,0.7208333333333333,95.25833333333333,0.06485101077153377,1.1123511579683245,0.11235115796832451,Blenheim,"NA",Marlborough
2022,209,3.4,15.5,7.8,10.2125,6.70608,1.5958333333333334,87.875,0.1742113984095413,1.8648703899276373,-1.5351296100723626,Blenheim,"NA",Marlborough
2022,210,0,16.3,3.8,9.541666666666666,10.06416,2.8833333333333333,75.04583333333333,0.37904238251824074,3.6116030755535777,3.6116030755535777,Blenheim,"NA",Marlborough
2022,211,38.4,9.7,3.5,6.708333333333333,2.10672,2.275,88.92916666666667,0.11245081936090331,0.8258341272704605,-37.57416587272954,Blenheim,"NA",Marlborough
2022,212,13.4,10.4,3.3,6.7875,5.2992,1.6625,86.31666666666666,0.14455411796735956,1.4398050136445704,-11.96019498635543,Blenheim,"NA",Marlborough
2022,213,0,14.9,1.3,7.241666666666666,10.98144,3.095833333333333,67.0875,0.4041502003766989,3.9875634840426804,3.9875634840426804,Blenheim,"NA",Marlborough
2022,214,0,16.6,9.4,12.983333333333334,9.2574,5.3625,60.166666666666664,0.6068651920851645,5.899054403683862,5.899054403683862,Blenheim,"NA",Marlborough
2022,215,1.4,17.7,10.4,13.804166666666667,10.94832,5.120833333333334,64.09166666666667,0.5967296352390757,6.001830722995169,4.601830722995169,Blenheim,"NA",Marlborough
2022,216,0,18.5,4,10.816666666666666,11.65824,3.058333333333333,58.75833333333333,0.6351425738116138,4.906086082476845,4.906086082476845,Blenheim,"NA",Marlborough
2022,217,0,15.2,3.3,10.645833333333334,7.39584,3.3375,62.21666666666667,0.5214052891290463,3.8170219673707257,3.8170219673707257,Blenheim,"NA",Marlborough
2022,218,8.6,16.6,13.4,14.770833333333334,2.98368,2.5083333333333333,81.04166666666667,0.32304250696044146,1.649005790812582,-6.950994209187417,Blenheim,"NA",Marlborough
2022,219,1.4,18.5,9.2,13.333333333333334,10.09728,2.7,72.90416666666667,0.46022121742030736,3.79680420329911,2.39680420329911,Blenheim,"NA",Marlborough
2022,220,1.4,9.5,6.1,7.375,3.07008,2.754166666666667,69.02083333333333,0.32044857357400164,1.9189227612255844,0.5189227612255845,Blenheim,"NA",Marlborough
2022,221,0,10.3,4.1,7.633333333333334,6.2316,2.9333333333333336,64.25416666666666,0.38075889209728275,2.864732699686682,2.864732699686682,Blenheim,"NA",Marlborough
2022,222,0,9.8,-1.4,3.5416666666666665,12.162240000000002,1.525,76.9625,0.21864697428797075,2.739775726633959,2.739775726633959,Blenheim,"NA",Marlborough
2022,223,0,11.5,-1.8,3.779166666666667,11.662920000000002,1.8583333333333334,78.19166666666666,0.22719115685393265,2.809655940810924,2.809655940810924,Blenheim,"NA",Marlborough
2022,224,0,11.2,-0.9,4.154166666666667,12.351240000000002,2.0791666666666666,78.87916666666666,0.21623416496056153,3.005590994148748,3.005590994148748,Blenheim,"NA",Marlborough
2022,225,0,12.3,0.5,5.5,12.4848,2.0458333333333334,75.99583333333334,0.26565711867164304,3.227006088692684,3.227006088692684,Blenheim,"NA",Marlborough
2022,226,0,15.5,0.5,6.6875,12.91716,2.3166666666666664,72,0.3464692594020355,3.719053589004821,3.719053589004821,Blenheim,"NA",Marlborough
2022,227,0,12.3,1.7,6.7875,6.46956,1.55,73.60833333333333,0.2808469860820155,1.9349872516700413,1.9349872516700413,Blenheim,"NA",Marlborough
2022,228,0,16.2,6.7,11.25,3.14064,1.7333333333333334,80.27083333333333,0.2913045382617768,1.3597131828356437,1.3597131828356437,Blenheim,"NA",Marlborough
2022,229,24.2,16.2,12.5,14.295833333333333,2.7432,1.5583333333333333,92.15,0.1274943298992271,0.9119469174287657,-23.288053082571235,Blenheim,"NA",Marlborough
2022,230,36.4,16.3,13,14.895833333333334,3.1316400000000004,1.4166666666666667,95.00833333333333,0.08512952409715863,0.9267298625077324,-35.473270137492264,Blenheim,"NA",Marlborough
2022,231,13.200000000000001,17.6,15.1,16.316666666666666,3.1046399999999994,2.2375,91.175,0.16778712913645466,1.2063741538510337,-11.993625846148968,Blenheim,"NA",Marlborough
2022,232,19.4,19.8,13.7,16.645833333333332,10.32696,2.3625,82.97916666666667,0.3468001861699822,3.4747996964811265,-15.925200303518873,Blenheim,"NA",Marlborough
2022,233,0.6000000000000001,17.2,12.2,14.104166666666666,5.65632,2.308333333333333,74.6,0.42340869823131155,2.4639116953660296,1.8639116953660295,Blenheim,"NA",Marlborough
2022,234,3,14,7.7,10.2125,4.79124,1.5583333333333333,85.3375,0.19344851915072214,1.4695288520711696,-1.5304711479288304,Blenheim,"NA",Marlborough
2022,235,0.2,14,8,10.641666666666667,12.224159999999998,1.1541666666666666,89.0625,0.15418740957989369,2.983694299185006,2.7836942991850058,Blenheim,"NA",Marlborough
2022,236,0,17.1,8.1,12.579166666666667,13.762800000000004,4.2625,61.125,0.6022918802985285,6.11666730636827,6.11666730636827,Blenheim,"NA",Marlborough
2022,237,2.1999999999999997,13.6,7.4,10.641666666666666,8.65656,1.5999999999999999,86.57916666666667,0.18005019354512047,2.324130105677765,0.12413010567776528,Blenheim,"NA",Marlborough
2022,238,0.2,14.1,7.6,11.0875,5.8266,2.1166666666666667,78.33333333333333,0.30545662758493813,2.139611734390893,1.939611734390893,Blenheim,"NA",Marlborough
2022,239,0,13.4,3.1,8.120833333333334,12.636,2.1166666666666667,85.27083333333333,0.18700843539744627,3.212851391813581,3.212851391813581,Blenheim,"NA",Marlborough
2022,240,0,12.4,7.9,9.65,7.7094,1.7375,77.47083333333333,0.2819884042154184,2.327942685081459,2.327942685081459,Blenheim,"NA",Marlborough
2022,241,0.2,12.1,6.2,8.908333333333333,10.85904,1.6208333333333333,78.02916666666667,0.267372406571743,2.8979298004270677,2.6979298004270675,Blenheim,"NA",Marlborough
2022,242,0,16.4,2.5,9.1375,15.59016,2.4166666666666665,69.6875,0.41618892331995216,4.612140681366551,4.612140681366551,Blenheim,"NA",Marlborough
2022,243,0,16.6,3.7,10.7125,12.8682,3.841666666666667,68.15833333333333,0.48830737294512044,5.180591449348194,5.180591449348194,Blenheim,"NA",Marlborough
2022,244,0,20.1,10.9,14.55,14.31288,3.2416666666666667,62.041666666666664,0.6673678287139586,5.700967977355789,5.700967977355789,Blenheim,"NA",Marlborough
2022,245,0,19,11,14.125,12.22308,3.745833333333333,64.41666666666667,0.5986387091603343,5.3569258891486955,5.3569258891486955,Blenheim,"NA",Marlborough
2022,246,0.2,19.3,11.4,14.979166666666668,13.96152,3.7125,64.7875,0.6399781145131964,5.866978738363369,5.666978738363369,Blenheim,"NA",Marlborough
2022,247,0,16.8,8.4,12.416666666666666,16.73712,5.279166666666667,46.55833333333333,0.8046656805495309,8.56943238000126,8.56943238000126,Blenheim,"NA",Marlborough
2022,248,0,10.3,5.9,7.633333333333334,5.15736,1.8291666666666666,79.47916666666667,0.21544076863881914,1.6411975895259816,1.6411975895259816,Blenheim,"NA",Marlborough
2022,249,0,11.5,1.9,5.9,17.29116,2.25,56.645833333333336,0.4339662548743975,4.716711998151912,4.716711998151912,Blenheim,"NA",Marlborough
2022,250,0,13.6,-1.4,5.420833333333333,17.68932,2.3541666666666665,68.1375,0.37159901797068295,4.650917951167703,4.650917951167703,Blenheim,"NA",Marlborough
2022,251,0,13,2.9,7.541666666666667,8.25588,2.0625,72.975,0.30499485946713917,2.5860483717007168,2.5860483717007168,Blenheim,"NA",Marlborough
2022,252,0,15,5.8,9.775,12.26664,1.9041666666666668,74.67083333333333,0.3293943432340848,3.475189491276049,3.475189491276049,Blenheim,"NA",Marlborough
2022,253,0.2,15.3,6.3,10.516666666666666,11.560319999999997,1.9291666666666667,80.15416666666667,0.27325737930462357,3.246927900679263,3.046927900679263,Blenheim,"NA",Marlborough
2022,254,9.8,16.3,9.2,11.466666666666667,14.8428,1.5791666666666666,85.44166666666666,0.22424456851152022,3.830312318858346,-5.969687681141655,Blenheim,"NA",Marlborough
2022,255,0.6000000000000001,14.9,9.1,11.875,8.93088,2.1791666666666667,82.45,0.26178906994306295,2.767064715072985,2.1670647150729847,Blenheim,"NA",Marlborough
2022,256,0.2,16.2,7.3,12.508333333333333,14.56092,4.666666666666667,56.3625,0.6548631696737516,6.83324319906972,6.63324319906972,Blenheim,"NA",Marlborough
2022,257,0,12.6,3.1,7.733333333333333,17.89524,2.1458333333333335,65.80416666666666,0.3945389746705812,4.788551750332918,4.788551750332918,Blenheim,"NA",Marlborough
2022,258,0,15.4,0.3,7.666666666666667,19.29384,2.1458333333333335,67.31666666666666,0.43610120402614394,5.158223113525268,5.158223113525268,Blenheim,"NA",Marlborough
2022,259,0,13.7,1.6,7.983333333333333,14.81904,2.2916666666666665,71.37083333333334,0.3306833794242582,4.101096239082843,4.101096239082843,Blenheim,"NA",Marlborough
2022,260,0,16.8,3.2,9.825,18.495,1.6625,75.07083333333334,0.3776426666303122,4.776688068303596,4.776688068303596,Blenheim,"NA",Marlborough
2022,261,0,18.4,4,11.020833333333334,17.99496,2.1708333333333334,70.625,0.48337884357528627,5.234467595207014,5.234467595207014,Blenheim,"NA",Marlborough
2022,262,1.4000000000000001,18.1,10.5,13.675,9.93888,2.3333333333333335,74.79583333333333,0.4023585061983412,3.4322582214568564,2.032258221456856,Blenheim,"NA",Marlborough
2022,263,0,19.3,7.3,13.258333333333333,17.59968,3.345833333333333,71.35416666666667,0.513041435561302,6.043730445753086,6.043730445753086,Blenheim,"NA",Marlborough
2022,264,0.2,14.8,9,11.779166666666667,8.19216,1.575,82.12916666666666,0.2576790405177841,2.3865357517358365,2.1865357517358364,Blenheim,"NA",Marlborough
2022,265,0,13.9,9,10.7125,12.852,1.925,79.44166666666666,0.27292993033369417,3.53871915265693,3.53871915265693,Blenheim,"NA",Marlborough
2022,266,8.2,13.2,7.4,10.075,3.52908,1.8458333333333334,85.50833333333333,0.1863164687423165,1.2501120629457576,-6.949887937054242,Blenheim,"NA",Marlborough
2022,267,0.2,16.4,8.4,12.383333333333333,17.03952,2.0083333333333333,87.075,0.21127812685256045,4.501343501864721,4.301343501864721,Blenheim,"NA",Marlborough
2022,268,0,15.2,9.6,11.770833333333334,17.56908,1.7875,80.51666666666667,0.2905940975869414,4.645800146721323,4.645800146721323,Blenheim,"NA",Marlborough
2022,269,0,15.6,8.5,11.166666666666666,19.368719999999996,1.9291666666666667,69.1625,0.43014772242028704,5.300999485320585,5.300999485320585,Blenheim,"NA",Marlborough
2022,270,0,19.4,7.4,13.129166666666666,16.83252,2.8125,67.52083333333333,0.580728969399821,5.717202119272514,5.717202119272514,Blenheim,"NA",Marlborough
2022,271,0.2,18.7,12.4,15.0875,13.1292,3.0833333333333335,67.53333333333333,0.5728908862974437,5.0479106439199875,4.847910643919987,Blenheim,"NA",Marlborough
2022,272,6,18.8,11.5,15.120833333333334,7.46424,1.8416666666666666,81.73333333333333,0.3335946886707526,2.515465801447292,-3.484534198552708,Blenheim,"NA",Marlborough
2022,273,11.4,10.4,7.3,8.983333333333334,7.81092,2.6791666666666667,84.28333333333333,0.17864111099979052,2.354479146387766,-9.045520853612235,Blenheim,"NA",Marlborough
2022,274,2.4,10,7.4,8.683333333333334,5.40324,2.9583333333333335,80.61666666666666,0.21692941589474143,2.061766486024881,-0.3382335139751187,Blenheim,"NA",Marlborough
2022,275,3.6,11.2,7.3,9,5.71896,1.6083333333333334,80.28333333333333,0.23147226055902692,1.7414559163016743,-1.8585440836983258,Blenheim,"NA",Marlborough
2022,276,0,12.6,5.7,9.633333333333333,9.31248,1.5625,81.04166666666667,0.24055747240407307,2.5288924972608697,2.5288924972608697,Blenheim,"NA",Marlborough
2022,277,0,16.3,3.3,11.045833333333334,22.46256,3.475,71.17083333333333,0.4461760047813155,6.878344590726703,6.878344590726703,Blenheim,"NA",Marlborough
2022,278,0,15.8,4.9,10.366666666666667,17.7822,4.270833333333333,61.19166666666667,0.5154731732807631,6.626231622479814,6.626231622479814,Blenheim,"NA",Marlborough
2022,279,0.4,12.5,1.6,6.658333333333333,23.903279999999995,2.154166666666667,55.729166666666664,0.5099071125379221,6.135648294559764,5.7356482945597635,Blenheim,"NA",Marlborough
2022,280,0,13.9,0.5,7.679166666666666,23.92668,2.525,62.325,0.45951182457499107,6.374830718562508,6.374830718562508,Blenheim,"NA",Marlborough
2022,281,0,19.7,3.3,11.375,24.767640000000004,2.783333333333333,61.65833333333333,0.6623243309869371,7.554807788397923,7.554807788397923,Blenheim,"NA",Marlborough
2022,282,0,19.3,8.6,14.1,24.43932,4.683333333333334,54.733333333333334,0.7851801267045192,9.5814934344222,9.5814934344222,Blenheim,"NA",Marlborough
2022,283,0,18.3,11.3,15.0625,21.90096,5.541666666666667,57.77916666666667,0.7463149442458938,9.525804741236891,9.525804741236891,Blenheim,"NA",Marlborough
2022,284,0,21.2,11.1,15.666666666666666,17.73648,3.0208333333333335,64.95416666666667,0.668739135472783,6.358677787217172,6.358677787217172,Blenheim,"NA",Marlborough
2022,285,0,15.1,9,11.695833333333333,16.9758,1.8375,71.44166666666666,0.41446722457762203,4.735231769097701,4.735231769097701,Blenheim,"NA",Marlborough
2022,286,0.4,13.3,6.3,10.2125,10.22328,2.029166666666667,76.5125,0.3036641122065668,3.0492615501988958,2.649261550198896,Blenheim,"NA",Marlborough
2022,287,0,13.2,6,9.183333333333334,12.59352,1.8083333333333333,75.60833333333333,0.3047581908991661,3.4241019068946423,3.4241019068946423,Blenheim,"NA",Marlborough
2022,288,0,14,8.3,10.654166666666667,14.23332,1.9333333333333333,72.7875,0.3612927238562673,4.020504253849344,4.020504253849344,Blenheim,"NA",Marlborough
2022,289,0,16.8,4.7,11.420833333333334,25.07832,2.2416666666666667,76.60833333333333,0.37787949188535036,6.647876175301438,6.647876175301438,Blenheim,"NA",Marlborough
2022,290,0,19.6,7,12.770833333333334,23.56632,2.5041666666666664,74.8625,0.4495766948980398,6.723921909380347,6.723921909380347,Blenheim,"NA",Marlborough
2022,291,0,21.5,8,14.208333333333334,20.3112,3.033333333333333,56.74166666666667,0.8343897405188272,7.341676077727754,7.341676077727754,Blenheim,"NA",Marlborough
2022,292,0,17.6,7.6,12.829166666666667,25.45632,2.816666666666667,62.75833333333333,0.6063978342788333,7.704365058259058,7.704365058259058,Blenheim,"NA",Marlborough
2022,293,0,22.2,8.8,15.866666666666667,25.52544,5.283333333333333,42.108333333333334,1.1368354843400275,11.78337697475983,11.78337697475983,Blenheim,"NA",Marlborough
2022,294,0,15.8,8.1,11.395833333333334,22.747319999999995,2.0625,58.916666666666664,0.5796339771666917,6.396824561824817,6.396824561824817,Blenheim,"NA",Marlborough
2022,295,0,14.7,5,10.425,26.34948,1.9291666666666667,70.225,0.4133890155649356,6.712894357655073,6.712894357655073,Blenheim,"NA",Marlborough
2022,296,0,24.4,7.4,15.6625,27.05796,2.9583333333333335,59.75,0.9042433521461399,9.02382558185546,9.02382558185546,Blenheim,"NA",Marlborough
2022,297,0,23.9,11.2,16.708333333333332,21.69828,4.016666666666667,46.38333333333333,1.0992344993779974,9.339887076280034,9.339887076280034,Blenheim,"NA",Marlborough
2022,298,0.2,11.2,5.7,9.516666666666667,7.9398,1.8541666666666667,71.66666666666667,0.34365141113937653,2.5548027062142116,2.3548027062142114,Blenheim,"NA",Marlborough
2022,299,0,22,4.4,14.2375,24.45156,3.970833333333333,63.2875,0.7905812612879636,8.986620038744187,8.986620038744187,Blenheim,"NA",Marlborough
2022,300,0,18.7,10.1,14.970833333333333,23.843159999999997,2.4625,67.025,0.584649420426965,7.213564161688379,7.213564161688379,Blenheim,"NA",Marlborough
2022,301,0.4,20.9,12.8,16.575,9.2592,2.033333333333333,76.75,0.4689984285839328,3.300059900579391,2.9000599005793912,Blenheim,"NA",Marlborough
2022,302,9.4,21.8,15.8,18.241666666666667,15.22044,2.375,83.75833333333334,0.3668392299148139,4.827550655804336,-4.572449344195665,Blenheim,"NA",Marlborough
2022,303,0,22.9,14.5,19.5625,24.88212,5.433333333333334,55.74166666666667,1.046561255275873,11.221877329555621,11.221877329555621,Blenheim,"NA",Marlborough
2022,304,0,23.4,10.4,17.045833333333334,27.66924,2.004166666666667,64.94583333333334,0.7786049952006753,8.262966852321238,8.262966852321238,Blenheim,"NA",Marlborough
2022,305,0,22.7,9.4,16.804166666666667,28.73736,3.9791666666666665,59.483333333333334,0.8652390096952697,10.289603545253003,10.289603545253003,Blenheim,"NA",Marlborough
2022,306,0,20.2,15.9,17.966666666666665,6.13476,4.7375,65.19583333333334,0.7164635402604581,4.815529913373468,4.815529913373468,Blenheim,"NA",Marlborough
2022,307,7.2,22.7,15.5,19.216666666666665,22.54644,5.483333333333333,59.84583333333333,0.940280824368054,10.296107049366174,3.096107049366174,Blenheim,"NA",Marlborough
2022,308,0,22.6,13.2,17.9875,29.00664,4.458333333333333,47.375,1.1548248292663288,11.668107041022079,11.668107041022079,Blenheim,"NA",Marlborough
2022,309,0,17.8,11.5,14.604166666666666,26.50392,3.4166666666666665,60.47083333333333,0.6706731112139447,8.665476556800778,8.665476556800778,Blenheim,"NA",Marlborough
2022,310,0,17,10.2,13.570833333333333,26.15184,2.341666666666667,72.1625,0.4545585403905921,7.317940890426049,7.317940890426049,Blenheim,"NA",Marlborough
2022,311,0,24.2,7.6,15.775,29.952,2.7375,64.3875,0.8290855763599014,9.364229743836503,9.364229743836503,Blenheim,"NA",Marlborough
2022,312,0,17.6,7.8,13.095833333333333,27.99864,2.845833333333333,79.59583333333333,0.34754434306989235,7.707991565456695,7.707991565456695,Blenheim,"NA",Marlborough
2022,313,0,21.4,8.1,14.860869565217392,28.022149565217386,2.6478260869565218,71.76521739130435,0.5800008141008446,8.300386546068632,8.300386546068632,Blenheim,"NA",Marlborough
2022,314,0,16.9,9.8,14.05,24.59808,3.0791666666666666,61.025,0.6376045085805873,7.859405193786278,7.859405193786278,Blenheim,"NA",Marlborough
2022,315,10.799999999999999,15.5,9.7,12.795833333333333,9.29628,2.183333333333333,72.61666666666667,0.41065282567002215,3.2155795087571493,-7.58442049124285,Blenheim,"NA",Marlborough
2022,316,0.6000000000000001,24.1,11.9,17.2125,24.45192,2.7708333333333335,76.04583333333333,0.5614603382897767,7.6715220427366155,7.071522042736616,Blenheim,"NA",Marlborough
2022,317,2.8,19.7,12.2,16.308333333333334,25.58196,1.975,80.475,0.388233993474335,7.197629148584871,4.397629148584871,Blenheim,"NA",Marlborough
2022,318,0,16.9,11,14.766666666666666,27.25092,3.0833333333333335,79.94166666666666,0.35018785374817996,7.821627835596453,7.821627835596453,Blenheim,"NA",Marlborough
2022,319,0,27.3,9.8,18.4875,30.75552,2.4375,62.4125,1.0222180243899965,9.800979261096863,9.800979261096863,Blenheim,"NA",Marlborough
2022,320,0,25.3,13,18.875,25.146000000000004,1.9875,56.5125,1.065247334179054,8.077228757810047,8.077228757810047,Blenheim,"NA",Marlborough
2022,321,0,20.9,13.6,17.3625,17.1522,1.7875,74.4625,0.5249640403798906,5.256137538802914,5.256137538802914,Blenheim,"NA",Marlborough
2022,322,19.8,22.4,14.5,17.5125,18.63036,1.5958333333333334,83.79583333333333,0.3687971642082384,5.377796367074205,-14.422203632925797,Blenheim,"NA",Marlborough
2022,323,10.8,21,14.9,17.404166666666665,17.62776,1.6416666666666666,81.04583333333333,0.4180046324581163,5.184821107138764,-5.615178892861237,Blenheim,"NA",Marlborough
2022,324,7.4,19.3,12.2,15.808333333333334,14.33736,1.4916666666666667,87.14166666666667,0.2504162519913448,4.007932718096026,-3.3920672819039748,Blenheim,"NA",Marlborough
2022,325,0.4,20.1,12.6,17.045833333333334,15.16896,2.529166666666667,76.7625,0.49023096963895696,5.071983881190528,4.671983881190528,Blenheim,"NA",Marlborough
2022,326,0,22.2,13.7,17.995833333333334,28.12752,3.775,54.9375,0.9880379130597088,10.32219872495767,10.32219872495767,Blenheim,"NA",Marlborough
2022,327,0.6000000000000001,22.5,12.9,17.2,29.94516,4.704166666666667,52.6125,1.0478684841902977,11.81985645664949,11.21985645664949,Blenheim,"NA",Marlborough
2022,328,1.2,19.4,10.8,14.141666666666667,19.70892,4.041666666666667,65.575,0.6002873313709706,7.2931755866150025,6.093175586615002,Blenheim,"NA",Marlborough
2022,329,0,19.1,6.7,14.0375,27.24552,2.8833333333333333,60.333333333333336,0.6972488153139956,8.457659729021227,8.457659729021227,Blenheim,"NA",Marlborough
2022,330,0,22,11.9,16.375,24.51096,4.354166666666667,52.84583333333333,0.9325524561798063,9.825582712326716,9.825582712326716,Blenheim,"NA",Marlborough
2022,331,6,17.9,12,14.358333333333334,13.86792,1.675,83.35833333333333,0.2926692417528335,3.9180065134549835,-2.0819934865450165,Blenheim,"NA",Marlborough
2022,332,1.2,21.1,10.6,15.141666666666667,31.671,2.283333333333333,72.9125,0.529843293912568,8.89101493716196,7.6910149371619605,Blenheim,"NA",Marlborough
2022,333,0,22,11.7,16.6,18.58464,3.5166666666666666,58.05833333333334,0.8329410551944785,7.379753755673091,7.379753755673091,Blenheim,"NA",Marlborough
2022,334,3.6,22.8,12.6,16.8625,22.735799999999998,2.2083333333333335,76.51666666666667,0.532065029125312,6.853303982314794,3.2533039823147942,Blenheim,"NA",Marlborough
2022,335,8.200000000000001,16.7,8.8,12.583333333333334,14.8806,2.091666666666667,87.17083333333333,0.21406049011311135,4.040145738125155,-4.159854261874846,Blenheim,"NA",Marlborough
2022,336,0.2,15.8,7.8,11.941666666666666,16.16292,1.8125,80.80833333333334,0.29451543518767825,4.355152993279598,4.155152993279597,Blenheim,"NA",Marlborough
2022,337,0,15.5,9.3,12.170833333333334,18.14436,1.9208333333333334,77.81666666666666,0.33451212837458755,4.934821976666385,4.934821976666385,Blenheim,"NA",Marlborough
2022,338,0,22.4,8,15.604166666666666,31.95252,2.158333333333333,75.17916666666667,0.5409675525163617,8.960992399722755,8.960992399722755,Blenheim,"NA",Marlborough
2022,339,0,19.4,12.1,16.058333333333334,32.03172,2.504166666666667,76.34583333333333,0.4582099196890605,9.10549471671451,9.10549471671451,Blenheim,"NA",Marlborough
2022,340,0,23.4,11.6,17.191666666666666,32.14152,2.7875,62.5625,0.8343096240445903,10.061505356760248,10.061505356760248,Blenheim,"NA",Marlborough
2022,341,0,14.1,10.6,12.675,11.25108,2.0875,71.80416666666666,0.419549909397058,3.6303646140823442,3.6303646140823442,Blenheim,"NA",Marlborough
2022,342,0,20.2,8.1,14.983333333333334,28.55952,2.279166666666667,61.5375,0.7228240432185433,8.418330090059824,8.418330090059824,Blenheim,"NA",Marlborough
2022,343,13.6,17.4,12.5,15.1625,8.70192,0.9875,84.4875,0.26497362465825364,2.4433074028535096,-11.15669259714649,Blenheim,"NA",Marlborough
2022,344,0,24.1,14.3,18.670833333333334,19.37016,2.8833333333333333,71.775,0.6946000719650143,6.8031404614329505,6.8031404614329505,Blenheim,"NA",Marlborough
2022,345,0,23.8,10.4,17.9,33.61212,2.775,61.8375,0.9236267290652865,10.615833530092141,10.615833530092141,Blenheim,"NA",Marlborough
2022,346,0,23.4,11.2,18.008333333333333,32.9832,2.375,71.99166666666666,0.6582565386248035,9.797116641191877,9.797116641191877,Blenheim,"NA",Marlborough
2022,347,0,23.7,10.7,18.104166666666668,33.1614,1.8333333333333333,71.60416666666667,0.6939867935298447,9.534823049537913,9.534823049537913,Blenheim,"NA",Marlborough
2022,348,0,26.1,16.3,20.5,27.91368,2.35,65.425,0.8668159572483611,8.984237488986569,8.984237488986569,Blenheim,"NA",Marlborough
2022,349,9,20.1,16.7,18.079166666666666,13.261319999999996,1.5458333333333334,89.82916666666667,0.21698585438670936,3.8387320558451505,-5.161267944154849,Blenheim,"NA",Marlborough
2022,350,0.2,27.4,16.8,21.354166666666668,26.8938,2.625,74.82083333333334,0.7523380857058883,8.822969333420225,8.622969333420226,Blenheim,"NA",Marlborough
2022,351,0.4,22.3,16,19.295833333333334,10.34244,1.5708333333333333,74.84166666666667,0.5882967564360382,3.547086423668641,3.147086423668641,Blenheim,"NA",Marlborough
2022,352,3,21.3,15,17.070833333333333,16.78356,1.825,86.05,0.2920070886132882,4.859982518511921,1.859982518511921,Blenheim,"NA",Marlborough
2022,353,1,19.4,14.5,16.258333333333333,20.32308,2.495833333333333,82.84166666666667,0.3400340665481052,6.004076417497458,5.004076417497458,Blenheim,"NA",Marlborough
2022,354,8.4,17.9,12.3,14.9625,11.64528,1.5875000000000001,90.0125,0.17365103122131853,3.211267728912042,-5.188732271087958,Blenheim,"NA",Marlborough
2022,355,2.2,18.4,11.4,14.575,19.22292,1.65,77.52083333333333,0.408594035880436,5.363787477858916,3.163787477858916,Blenheim,"NA",Marlborough
2022,356,2.6,17.9,12,14.8125,11.90232,1.7,77.66250000000001,0.3839525665286149,3.608977832027528,1.008977832027528,Blenheim,"NA",Marlborough
2022,357,0.8,20,11.3,16.1125,16.50672,1.7041666666666666,86.1375,0.2867927559475131,4.679948064952651,3.879948064952651,Blenheim,"NA",Marlborough
2022,358,0.4,20.2,13.7,16.741666666666667,21.6018,1.9458333333333333,89.25833333333333,0.22591032309947365,6.0108435771571305,5.61084357715713,Blenheim,"NA",Marlborough
2022,359,0,21.8,11.1,16.8875,29.35872,2.058333333333333,83.7875,0.37389264947627576,8.229707613589149,8.229707613589149,Blenheim,"NA",Marlborough
2022,360,0,22.6,12.6,17.7375,33.13188,2.375,80.4125,0.46196796806153334,9.545992654232816,9.545992654232816,Blenheim,"NA",Marlborough
2022,361,0,20.2,11.6,16.45,27.44532,2.8958333333333335,83,0.3564800239836787,7.9907067226079995,7.9907067226079995,Blenheim,"NA",Marlborough
2022,362,0,20.7,15.7,17.970833333333335,28.23228,2.404166666666667,82.10416666666667,0.3920202316872025,8.231290078967822,8.231290078967822,Blenheim,"NA",Marlborough
2022,363,0,30.6,13.6,22.770833333333332,33.81588,2.675,59.2,1.4244453185242185,11.583393424993792,11.583393424993792,Blenheim,"NA",Marlborough
2022,364,0,22.4,13.6,17.320833333333333,24.719040000000003,2.3583333333333334,70.875,0.6203311043330842,7.603032607186648,7.603032607186648,Blenheim,"NA",Marlborough
2022,365,0,19.7,10.7,15.1,33.76332,2.8333333333333335,66.59166666666667,0.626043740922648,9.890927850393831,9.890927850393831,Blenheim,"NA",Marlborough
2023,1,0,19.2,8,14.375,27.86724,2.2708333333333335,72.22916666666667,0.5243008653694698,7.883480255156458,7.883480255156458,Blenheim,"NA",Marlborough
2023,2,0,20,12.5,16.208333333333332,20.30508,1.8833333333333333,72.79583333333333,0.5256249830228441,6.016578175410417,6.016578175410417,Blenheim,"NA",Marlborough
2023,3,0,24.1,12.6,18.716666666666665,31.06476,1.9791666666666667,70.22083333333333,0.7549503887533046,9.233493309775636,9.233493309775636,Blenheim,"NA",Marlborough
2023,4,0,24.2,13.7,18.820833333333333,20.39436,1.7333333333333334,70.41666666666667,0.7117529780614673,6.333878627057932,6.333878627057932,Blenheim,"NA",Marlborough
2023,5,5.8,23,16.4,18.725,13.70376,1.2208333333333332,85.35416666666667,0.3418269503766636,4.0184362008524674,-1.7815637991475324,Blenheim,"NA",Marlborough
2023,6,10.6,23.6,17,19.608333333333334,16.7616,1.5708333333333333,87.4875,0.3144942575079303,4.971844305318271,-5.628155694681729,Blenheim,"NA",Marlborough
2023,7,21.400000000000002,22.1,15.7,18.416666666666668,7.81488,1.3375,81.2375,0.3979806319071574,2.5580983795126735,-18.841901620487327,Blenheim,"NA",Marlborough
2023,8,0,18.6,13.4,15.795833333333333,20.22012,2.575,64.2375,0.6596595825260465,6.621860795588514,6.621860795588514,Blenheim,"NA",Marlborough
2023,9,0,20.4,11.4,16.4,29.58264,2.1625,67.86666666666666,0.6361238197036136,8.607006686023947,8.607006686023947,Blenheim,"NA",Marlborough
2023,10,1.2000000000000002,20.4,14.7,17.520833333333332,12.93156,1.4916666666666667,73.7625,0.537686111943806,4.058850793627057,2.858850793627057,Blenheim,"NA",Marlborough
2023,11,4.4,19,15.2,16.691666666666666,10.257840000000002,3.1791666666666667,78.9,0.4193053659032106,3.9688160557758736,-0.43118394422412676,Blenheim,"NA",Marlborough
2023,12,0,21.4,11.8,17.1,29.67552,1.9791666666666667,68.3125,0.6704600004618052,8.624845038538629,8.624845038538629,Blenheim,"NA",Marlborough
2023,13,0,17.7,11.3,15.408333333333333,12.93372,1.825,73.05,0.49504793762247845,4.10678028325042,4.10678028325042,Blenheim,"NA",Marlborough
2023,14,0,18.7,11.5,15.466666666666667,22.59972,2.1208333333333336,73.29583333333333,0.5057043756671504,6.620009178580793,6.620009178580793,Blenheim,"NA",Marlborough
2023,15,0,20,12,16.1,30.10104,2.0708333333333333,72.00416666666666,0.5673153215559912,8.555966950210728,8.555966950210728,Blenheim,"NA",Marlborough
2023,16,0,26.8,10.7,18.716666666666665,32.0724,2.058333333333333,72.175,0.7532216800928865,9.54196523756118,9.54196523756118,Blenheim,"NA",Marlborough
2023,17,0,24,14.4,19.3125,30.65904,2.091666666666667,77.42083333333333,0.5598677300988939,9.079209787338652,9.079209787338652,Blenheim,"NA",Marlborough
2023,18,0,23.4,13.4,18.35,26.51472,1.7958333333333334,75.775,0.5725958129779479,7.759133527946833,7.759133527946833,Blenheim,"NA",Marlborough
2023,19,0,22.6,10.8,17.108333333333334,29.1546,2.3291666666666666,78.56666666666666,0.49171617264767165,8.482192866619027,8.482192866619027,Blenheim,"NA",Marlborough
2023,20,0,29.5,12.8,21.583333333333332,28.92564,3.004166666666667,59.05833333333334,1.3457848787333213,10.535985512590225,10.535985512590225,Blenheim,"NA",Marlborough
2023,21,0,22.2,13,18.175,18.38448,2.4875,68.19583333333334,0.6946600370363456,6.275767555968632,6.275767555968632,Blenheim,"NA",Marlborough
2023,22,0,26.5,10.4,18.216666666666665,28.84716,2.154166666666667,64.27083333333333,0.9432802955376809,8.96062340798634,8.96062340798634,Blenheim,"NA",Marlborough
2023,23,0,17.9,13.6,16.179166666666667,11.0646,1.9791666666666667,71.35416666666667,0.5348842120922775,3.8220721101375794,3.8220721101375794,Blenheim,"NA",Marlborough
2023,24,0,20.5,13.1,16.883333333333333,29.4138,2.2375,70.72083333333333,0.6079315138900461,8.630134510384257,8.630134510384257,Blenheim,"NA",Marlborough
2023,25,0,24.2,11.6,18.358333333333334,22.422599999999996,1.8583333333333334,69.09166666666667,0.7493793593303579,6.938351133235855,6.938351133235855,Blenheim,"NA",Marlborough
2023,26,0,27.3,13.4,20.958333333333332,29.01312,2.7083333333333335,61.483333333333334,1.0954442962969848,9.884741334345408,9.884741334345408,Blenheim,"NA",Marlborough
2023,27,0,23.1,15,18.708333333333332,10.22976,1.8625,73.71666666666667,0.5962537852080132,3.6810259472051055,3.6810259472051055,Blenheim,"NA",Marlborough
2023,28,1.4,20.4,14.7,17.833333333333332,15.2262,3.158333333333333,67.8375,0.6807060681893342,5.897501524704675,4.497501524704676,Blenheim,"NA",Marlborough
2023,29,8.6,23.8,14.5,18.641666666666666,13.59576,1.325,88.7125,0.28299342472961575,3.9691747334787673,-4.630825266521232,Blenheim,"NA",Marlborough
2023,30,7,25.6,19.3,21.875,17.9838,1.8333333333333333,80.025,0.5695139502505626,5.792011873238496,-1.2079881267615038,Blenheim,"NA",Marlborough
2023,31,0,21,17.1,18.629166666666666,14.202,1.525,90.29583333333333,0.21426957263470903,4.112009550587159,4.112009550587159,Blenheim,"NA",Marlborough
2023,32,0,28.6,16.3,21.854166666666668,21.93084,2.033333333333333,69.375,0.9622660364693174,7.367780400067296,7.367780400067296,Blenheim,"NA",Marlborough
