Site,Variety,Date,pruning,Severity,year,doy,doy.july1st,season,previous.season,sev1,sev2,sev3,sev23,first_sev1,end_sev1,first_sev23,end_sev23,tmean_sev1,tmin_sev1,tmax_sev1,rh_sev1,wetness_sev1,WD_sev1,rain_sev1,tmean_sev23,tmin_sev23,tmax_sev23,rh_sev23,wetness_sev23,WD_sev23,rain_sev23
Booker,Sauvignon blanc,2005-04-04T00:00:00Z,2-cane,0.0873845192499302,2005,94,278,2004-2005,2003-2004,9.896756598638898,1.2505553710237698,2.214880705035901,3.465436076059671,2004-11-30T00:00:00Z,2005-01-31T00:00:00Z,2005-02-19T00:00:00Z,2005-04-04T00:00:00Z,15.499215320910974,9.803571428571429,20.49968253968254,74.89077984817115,22.373265700483092,4.968253968253968,135.683,15.975961352657006,10.207666666666666,21.574,79.23085990338164,28.470144927536232,6.2444444444444445,62.143
Booker,Sauvignon blanc,2005-04-12T00:00:00Z,4-cane,0.17065651158516726,2005,102,286,2004-2005,2003-2004,9.896756598638898,1.6506328205256382,2.295739094752742,3.9463719152783803,2004-11-30T00:00:00Z,2005-01-31T00:00:00Z,2005-02-19T00:00:00Z,2005-04-12T00:00:00Z,15.499215320910974,9.803571428571429,20.49968253968254,74.89077984817115,22.373265700483092,4.968253968253968,135.683,15.524137817883512,9.72722641509434,21.31433962264151,79.55361771944217,28.653014766201807,6.30188679245283,64.508
Booker,Sauvignon blanc,2006-03-15T00:00:00Z,2-cane,0.03632824856692091,2006,74,258,2005-2006,2004-2005,5.143003587021749,0.23417421686319845,0.28051629566113884,0.5146905125243373,2005-11-25T00:00:00Z,2006-01-13T00:00:00Z,2006-02-05T00:00:00Z,2006-03-15T00:00:00Z,17.166908695652175,11.47176,22.3038,71.98948695652174,15.124305217391305,2.96,45.6,16.208209587513934,9.402923076923077,22.415641025641026,71.69405797101449,16.056945373467112,3.1025641025641026,33.6
Booker,Sauvignon blanc,2008-03-20T00:00:00Z,2-cane,0.05627209528245181,2008,80,264,2007-2008,2006-2007,6.724527105315914,0.7501780916407644,0.5226337356055322,1.2728118272462965,2007-12-04T00:00:00Z,2008-01-21T00:00:00Z,2008-02-10T00:00:00Z,2008-03-20T00:00:00Z,17.77609228039042,11.710571428571429,23.059183673469388,77.55707187222716,18.19860780834073,3.857142857142857,72.8,17.140039130434783,11.39165,22.74625,79.92177173913043,18.08760652173913,3.775,51.199999999999996
Booker,Sauvignon blanc,2008-04-04T00:00:00Z,4-cane,0.07744099075140759,2008,95,279,2007-2008,2006-2007,6.724527105315914,1.5711693966730222,1.2452440567142862,2.8164134533873084,2007-12-04T00:00:00Z,2008-01-21T00:00:00Z,2008-02-10T00:00:00Z,2008-04-04T00:00:00Z,17.77609228039042,11.710571428571429,23.059183673469388,77.55707187222716,18.19860780834073,3.857142857142857,72.8,16.850555731225295,11.125854545454546,22.444545454545455,81.3508932806324,21.16307351778656,4.6909090909090905,77.6
Booker,Sauvignon blanc,2009-04-02T00:00:00Z,2-cane,0.14474393898311264,2009,92,276,2008-2009,2007-2008,9.672725416501338,1.4196692976794871,3.55906361319427,4.978732910873758,2008-12-03T00:00:00Z,2009-01-21T00:00:00Z,2009-02-12T00:00:00Z,2009-04-02T00:00:00Z,16.94652608695652,10.39672,22.398,80.30488695652174,25.557664347826087,5.68,111.8,15.056935652173912,9.03756,20.812,83.60333913043478,27.740348695652173,6.12,124.8
Booker,Sauvignon blanc,2009-04-08T00:00:00Z,4-cane,0.13968517032835606,2009,98,282,2008-2009,2007-2008,9.672725416501338,1.6844805193732066,3.6332498568262586,5.317730376199465,2008-12-03T00:00:00Z,2009-01-21T00:00:00Z,2009-02-12T00:00:00Z,2009-04-08T00:00:00Z,16.94652608695652,10.39672,22.398,80.30488695652174,25.557664347826087,5.68,111.8,14.987774068322981,8.950678571428572,20.68875,83.0564751552795,26.971875776397514,5.910714285714286,131
Booker,Sauvignon blanc,2010-04-08T00:00:00Z,2-cane,0.04886574914744037,2010,98,282,2009-2010,2008-2009,3.6265105369932424,0.8481001754325977,0.01251001787349604,0.8606101933060938,2009-12-06T00:00:00Z,2010-01-24T00:00:00Z,2010-02-15T00:00:00Z,2010-04-08T00:00:00Z,17.53750695652174,11.29968,23.2666,64.43139130434783,15.759264347826088,3.26,57.2,16.114694011484822,9.392471698113207,22.401132075471697,66.58785069729286,18.505936013125513,3.641509433962264,55.4
Booker,Sauvignon blanc,2010-04-08T00:00:00Z,4-cane,0.03074172142817073,2010,98,282,2009-2010,2008-2009,3.6265105369932424,0.8481001754325977,0.01251001787349604,0.8606101933060938,2009-12-06T00:00:00Z,2010-01-24T00:00:00Z,2010-02-15T00:00:00Z,2010-04-08T00:00:00Z,17.53750695652174,11.29968,23.2666,64.43139130434783,15.759264347826088,3.26,57.2,16.114694011484822,9.392471698113207,22.401132075471697,66.58785069729286,18.505936013125513,3.641509433962264,55.4
Booker,Sauvignon blanc,2011-03-30T00:00:00Z,2-cane,0.03238438478379128,2011,89,273,2010-2011,2009-2010,5.744278048951281,1.5616270273919,0.07824977283249457,1.6398768002243944,2010-11-29T00:00:00Z,2011-01-13T00:00:00Z,2011-02-07T00:00:00Z,2011-03-30T00:00:00Z,17.554152173913042,12.055934782608695,22.485652173913042,67.99918714555766,21.120246691871454,4.304347826086956,150.4,16.24199414715719,9.74051923076923,22.392692307692307,70.32861204013378,25.395183946488295,5.4423076923076925,46.4
Booker,Sauvignon blanc,2011-03-30T00:00:00Z,4-cane,0.017806513984871302,2011,89,273,2010-2011,2009-2010,5.744278048951281,1.5616270273919,0.07824977283249457,1.6398768002243944,2010-11-29T00:00:00Z,2011-01-13T00:00:00Z,2011-02-07T00:00:00Z,2011-03-30T00:00:00Z,17.554152173913042,12.055934782608695,22.485652173913042,67.99918714555766,21.120246691871454,4.304347826086956,150.4,16.24199414715719,9.74051923076923,22.392692307692307,70.32861204013378,25.395183946488295,5.4423076923076925,46.4
Booker,Sauvignon blanc,2012-04-14T00:00:00Z,2-cane,0.042997120134700306,2012,105,289,2011-2012,2010-2011,7.288373201834206,0.5723220717142147,0.6043550876236746,1.1766771593378893,2011-12-07T00:00:00Z,2012-01-29T00:00:00Z,2012-02-24T00:00:00Z,2012-04-14T00:00:00Z,16.226995974235106,10.888240740740741,21.031296296296297,72.52238325281803,21.98888727858293,4.277777777777778,105.4,14.061007672634272,8.150764705882352,19.54980392156863,73.54452685421995,23.358082693947143,4.509803921568627,69.2
Booker,Sauvignon blanc,2012-04-14T00:00:00Z,4-cane,0.01274249328342964,2012,105,289,2011-2012,2010-2011,7.288373201834206,0.5723220717142147,0.6043550876236746,1.1766771593378893,2011-12-07T00:00:00Z,2012-01-29T00:00:00Z,2012-02-24T00:00:00Z,2012-04-14T00:00:00Z,16.226995974235106,10.888240740740741,21.031296296296297,72.52238325281803,21.98888727858293,4.277777777777778,105.4,14.061007672634272,8.150764705882352,19.54980392156863,73.54452685421995,23.358082693947143,4.509803921568627,69.2
Booker,Sauvignon blanc,2013-03-27T00:00:00Z,2-cane,0.00283375314861461,2013,86,270,2012-2013,2011-2012,4.2526077915707265,1.1299626258849478,0.47212792437985546,1.6020905502648033,2012-12-05T00:00:00Z,2013-01-18T00:00:00Z,2013-02-10T00:00:00Z,2013-03-27T00:00:00Z,17.705188405797102,11.52351111111111,23.238888888888887,66.03216425120773,24.740399033816423,5.111111111111111,100.6,16.197316635160682,9.38004347826087,22.471086956521738,71.99241965973535,31.38952741020794,6.6521739130434785,26.6
Booker,Sauvignon blanc,2013-03-27T00:00:00Z,4-cane,0.0038479859757794563,2013,86,270,2012-2013,2011-2012,4.2526077915707265,1.1299626258849478,0.47212792437985546,1.6020905502648033,2012-12-05T00:00:00Z,2013-01-18T00:00:00Z,2013-02-10T00:00:00Z,2013-03-27T00:00:00Z,17.705188405797102,11.52351111111111,23.238888888888887,66.03216425120773,24.740399033816423,5.111111111111111,100.6,16.197316635160682,9.38004347826087,22.471086956521738,71.99241965973535,31.38952741020794,6.6521739130434785,26.6
Booker,Sauvignon blanc,2014-04-03T00:00:00Z,2-cane,0.032128650150827984,2014,93,277,2013-2014,2012-2013,5.531885296255602,1.489523001210942,0.35202715661998923,1.8415501578309312,2013-11-24T00:00:00Z,2014-01-09T00:00:00Z,2014-01-31T00:00:00Z,2014-04-03T00:00:00Z,17.471247918593896,11.888,22.714255319148936,66.0558926919519,21.33119056429232,4.25531914893617,95.39999999999999,16.113738440303656,9.476507936507936,22.287619047619046,70.60578329882678,25.18703381642512,5.158730158730159,48.6
Booker,Sauvignon blanc,2014-04-03T00:00:00Z,4-cane,0.00839409691714139,2014,93,277,2013-2014,2012-2013,5.531885296255602,1.489523001210942,0.35202715661998923,1.8415501578309312,2013-11-24T00:00:00Z,2014-01-09T00:00:00Z,2014-01-31T00:00:00Z,2014-04-03T00:00:00Z,17.471247918593896,11.888,22.714255319148936,66.0558926919519,21.33119056429232,4.25531914893617,95.39999999999999,16.113738440303656,9.476507936507936,22.287619047619046,70.60578329882678,25.18703381642512,5.158730158730159,48.6
Booker,Sauvignon blanc,2015-03-27T00:00:00Z,2-cane,0.04457470814346816,2015,86,270,2014-2015,2013-2014,5.059735150874122,1.1106749344102798,0.7090491514269237,1.8197240858372035,2014-11-30T00:00:00Z,2015-01-17T00:00:00Z,2015-02-05T00:00:00Z,2015-03-27T00:00:00Z,17.21854392191659,11.00904081632653,22.840204081632653,68.5640017746229,18.995812777284826,4.040816326530612,49.4,16.435651321398126,9.68478431372549,22.73450980392157,70.36955669224211,28.014645353793693,6.078431372549019,62.6
Booker,Sauvignon blanc,2015-03-27T00:00:00Z,4-cane,0.019598303790503264,2015,86,270,2014-2015,2013-2014,5.059735150874122,1.1106749344102798,0.7090491514269237,1.8197240858372035,2014-11-30T00:00:00Z,2015-01-17T00:00:00Z,2015-02-05T00:00:00Z,2015-03-27T00:00:00Z,17.21854392191659,11.00904081632653,22.840204081632653,68.5640017746229,18.995812777284826,4.040816326530612,49.4,16.435651321398126,9.68478431372549,22.73450980392157,70.36955669224211,28.014645353793693,6.078431372549019,62.6
Booker,Sauvignon blanc,2016-04-01T00:00:00Z,2-cane,0.07532978769867893,2016,92,276,2015-2016,2014-2015,5.793905752415516,0.8349670001063488,0.3679621751441576,1.2029291752505062,2015-12-05T00:00:00Z,2016-01-23T00:00:00Z,2016-02-12T00:00:00Z,2016-04-01T00:00:00Z,16.93129912347826,10.2484996,22.9891392,67.39153517391304,17.404602067731304,3.54,95.3156,17.75531622347826,11.37027134,23.8690242,71.54260621739131,17.79233220226261,3.62,87.883383
Booker,Sauvignon blanc,2016-04-01T00:00:00Z,4-cane,0.044292632100660694,2016,92,276,2015-2016,2014-2015,5.793905752415516,0.8349670001063488,0.3679621751441576,1.2029291752505062,2015-12-05T00:00:00Z,2016-01-23T00:00:00Z,2016-02-12T00:00:00Z,2016-04-01T00:00:00Z,16.93129912347826,10.2484996,22.9891392,67.39153517391304,17.404602067731304,3.54,95.3156,17.75531622347826,11.37027134,23.8690242,71.54260621739131,17.79233220226261,3.62,87.883383
Booker,Sauvignon blanc,2017-03-30T00:00:00Z,2-cane,0.02859556908542624,2017,89,273,2016-2017,2015-2016,4.324644556069322,2.3946052852669357,3.0196009751433786,5.414206260410314,2016-12-02T00:00:00Z,2017-01-22T00:00:00Z,2017-02-12T00:00:00Z,2017-03-30T00:00:00Z,16.755992401337792,10.751704865384616,22.113622692307693,67.97196900501672,15.925901772120401,3.1153846153846154,67.4454,16.727858703977798,10.89042389361702,22.45980680851064,79.76135766882516,31.791314438663274,6.914893617021277,78.036003
Booker,Sauvignon blanc,2017-03-30T00:00:00Z,4-cane,0.04158654038383376,2017,89,273,2016-2017,2015-2016,4.324644556069322,2.3946052852669357,3.0196009751433786,5.414206260410314,2016-12-02T00:00:00Z,2017-01-22T00:00:00Z,2017-02-12T00:00:00Z,2017-03-30T00:00:00Z,16.755992401337792,10.751704865384616,22.113622692307693,67.97196900501672,15.925901772120401,3.1153846153846154,67.4454,16.727858703977798,10.89042389361702,22.45980680851064,79.76135766882516,31.791314438663274,6.914893617021277,78.036003
Booker,Sauvignon blanc,2018-03-23T00:00:00Z,2-cane,0.37901567297853667,2018,82,266,2017-2018,2016-2017,5.558307208940969,1.7855403730786392,3.5386495045673008,5.3241898776459395,2017-11-25T00:00:00Z,2018-01-09T00:00:00Z,2018-01-25T00:00:00Z,2018-03-23T00:00:00Z,18.79364695274102,12.138567739130435,24.860891739130434,72.54482120982986,19.971829931087903,4.043478260869565,76.032606,18.026160927286355,12.202601844827587,23.4257,77.65224742128936,24.137998051352323,5.275862068965517,242.907034
Booker,Sauvignon blanc,2019-03-27T00:00:00Z,2-cane,0.07377997762466894,2019,86,270,2018-2019,2017-2018,8.939160185119999,1.503469382752387,0.7364463572616414,2.2399157400140286,2018-11-24T00:00:00Z,2019-01-11T00:00:00Z,2019-01-29T00:00:00Z,2019-03-27T00:00:00Z,18.006181526386953,12.94491259378037,22.944053673469387,77.5543217256095,25.063617776725188,5.183673469387755,89.47199400000001,18.55737757946027,11.860279862068966,24.80842120689655,70.89950095952024,19.45754608010195,4.0344827586206895,83.32079
Booker,Sauvignon blanc,2020-03-22T00:00:00Z,2-cane,0.03372733287457311,2020,82,266,2019-2020,2018-2019,6.93423309581223,0.9770252808287889,0.023017157743121026,1.00004243857191,2019-11-28T00:00:00Z,2020-01-18T00:00:00Z,2020-02-08T00:00:00Z,2020-03-22T00:00:00Z,16.365527878762542,10.194349384615384,21.646395000000002,72.38736392976588,20.35773295229933,4.230769230769231,111.7701131,17.26517292737154,10.432902386363637,23.733057272727272,72.13935527766799,18.705881693138835,3.590909090909091,17.7592181
Booker,Sauvignon blanc,2021-03-19T00:00:00Z,2-cane,0.004338394793926247,2021,78,262,2020-2021,2019-2020,7.0715122251441835,0.785073028647445,0.567216544700848,1.352289573348293,2020-11-22T00:00:00Z,2021-01-13T00:00:00Z,2021-02-03T00:00:00Z,2021-03-19T00:00:00Z,16.481101699753896,10.372069075471698,21.9106679245283,73.94718334700575,20.81618115466612,4.3584905660377355,68.145006,16.854275350724638,9.844000444444445,23.464467777777777,71.02129573913044,20.88627490647826,4.488888888888889,17.9025
Booker,Sauvignon blanc,2022-03-30T00:00:00Z,2-cane,0.9393894710006757,2022,89,273,2021-2022,2020-2021,6.977481436345522,2.8253701059867615,4.238848693728793,7.064218799715554,2021-11-22T00:00:00Z,2021-12-31T00:00:00Z,2022-01-25T00:00:00Z,2022-03-30T00:00:00Z,17.931954892391303,12.7855629,23.1365465,76.85391930434783,24.45463960256739,5.075,80.657508000000007,16.66024549431438,11.224871753846154,22.007593692307694,81.56844783946488,31.18247105844816,6.8,170.201457
McKean,Sauvignon blanc,2016-04-12T00:00:00Z,3-cane,0.739475535255607,2016,103,287,2015-2016,2014-2015,6.823773259793673,2.7424457715799866,3.336580451891011,6.079026223470998,2015-12-11T00:00:00Z,2016-01-28T00:00:00Z,2016-02-15T00:00:00Z,2016-04-12T00:00:00Z,17.053696290816326,10.607327632653062,24.093220816326532,67.2610737414966,22.591483440662415,4.959183673469388,156.3999657,16.393470531609196,10.849719103448276,22.897890862068966,73.82751858477012,30.27072521260345,6.862068965517241,314.400134
Oyster Bay,Sauvignon blanc,2005-04-01T00:00:00Z,2-cane,0,2005,91,275,2004-2005,2003-2004,6.058087127733671,1.407907588274287,0.4717712732868435,1.8796788615611304,2004-11-27T00:00:00Z,2005-01-24T00:00:00Z,2005-02-13T00:00:00Z,2005-04-01T00:00:00Z,15.620420197740113,9.710502824858757,21.24864406779661,64.06746939736347,20.386723655121592,4.1525423728813555,168.8,16.555345052083332,10.140239583333333,22.717604166666668,68.24559027777778,23.96258605072464,4.979166666666667,98.4
Oyster Bay,Sauvignon blanc,2005-04-11T00:00:00Z,4-cane,0.06182318142263878,2005,101,285,2004-2005,2003-2004,6.058087127733671,1.705972845720601,0.4732443294011643,2.179217175121765,2004-11-27T00:00:00Z,2005-01-24T00:00:00Z,2005-02-13T00:00:00Z,2005-04-11T00:00:00Z,15.620420197740113,9.710502824858757,21.24864406779661,64.06746939736347,20.386723655121592,4.1525423728813555,168.8,16.070843151340995,9.832149425287357,22.389051724137932,68.64445522030651,24.616116191904048,4.913793103448276,99.2
Oyster Bay,Sauvignon blanc,2008-03-19T00:00:00Z,2-cane,0.007129237081761622,2008,79,263,2007-2008,2006-2007,5.120716513630354,0.6863654720004987,0.013117824820135234,0.6994832968206339,2007-12-02T00:00:00Z,2008-01-16T00:00:00Z,2008-02-03T00:00:00Z,2008-03-19T00:00:00Z,17.714707528180355,10.748927536231884,23.612173913043478,64.93653784219002,22.85964719023887,4.5,96.8,16.979496376811593,10.439271739130435,23.679565217391303,66.70457427536232,27.484879962192817,5.956521739130435,87.8
Oyster Bay,Sauvignon blanc,2008-04-04T00:00:00Z,4-cane,0.06643076502544791,2008,95,279,2007-2008,2006-2007,5.120716513630354,1.6366473591545936,0.2835042027726508,1.9201515619272445,2007-12-02T00:00:00Z,2008-01-16T00:00:00Z,2008-02-03T00:00:00Z,2008-04-04T00:00:00Z,17.714707528180355,10.748927536231884,23.612173913043478,64.93653784219002,22.85964719023887,4.5,96.8,16.81420127688172,10.358693548387096,23.51241935483871,68.04159274193549,30.62605750350631,6.774193548387097,120.39999999999999
Oyster Bay,Sauvignon blanc,2009-04-02T00:00:00Z,2-cane,0.04201496215472534,2009,92,276,2008-2009,2007-2008,7.613037470042275,1.7333258808194716,0.7270997431277423,2.4604256239472138,2008-11-29T00:00:00Z,2009-01-15T00:00:00Z,2009-02-05T00:00:00Z,2009-04-02T00:00:00Z,17.069062789351854,10.809930555555555,23.187708333333333,65.7688744212963,25.562422101449275,5.5,141.8,15.788553728070175,9.674122807017543,22.22245614035088,69.08536915204678,29.013051106025934,6.0701754385964914,140.8
Oyster Bay,Sauvignon blanc,2009-04-02T00:00:00Z,4-cane,0.04199513628737917,2009,92,276,2008-2009,2007-2008,7.613037470042275,1.7333258808194716,0.7270997431277423,2.4604256239472138,2008-11-29T00:00:00Z,2009-01-15T00:00:00Z,2009-02-05T00:00:00Z,2009-04-02T00:00:00Z,17.069062789351854,10.809930555555555,23.187708333333333,65.7688744212963,25.562422101449275,5.5,141.8,15.788553728070175,9.674122807017543,22.22245614035088,69.08536915204678,29.013051106025934,6.0701754385964914,140.8
Oyster Bay,Sauvignon blanc,2010-04-16T00:00:00Z,2-cane,0.07166645968999939,2010,106,290,2009-2010,2008-2009,2.2034266758806713,0.9906897296930962,0.06018031954834378,1.05087004924144,2009-12-03T00:00:00Z,2010-01-16T00:00:00Z,2010-02-06T00:00:00Z,2010-04-16T00:00:00Z,17.387624691358024,10.408651851851852,24.038074074074075,58.8171037037037,16.51556231884058,3,49.6,16.40517242063492,9.158169047619047,23.784357142857143,63.07462896825397,22.08471739130435,4.428571428571429,67.4
Oyster Bay,Sauvignon blanc,2010-04-16T00:00:00Z,4-cane,0.0681327246844498,2010,106,290,2009-2010,2008-2009,2.2034266758806713,0.9906897296930962,0.06018031954834378,1.05087004924144,2009-12-03T00:00:00Z,2010-01-16T00:00:00Z,2010-02-06T00:00:00Z,2010-04-16T00:00:00Z,17.387624691358024,10.408651851851852,24.038074074074075,58.8171037037037,16.51556231884058,3,49.6,16.40517242063492,9.158169047619047,23.784357142857143,63.07462896825397,22.08471739130435,4.428571428571429,67.4
Oyster Bay,Sauvignon blanc,2011-04-04T00:00:00Z,2-cane,0.08192501610659159,2011,94,278,2010-2011,2009-2010,5.294641427141192,2.1157230888023753,0.061560493687258036,2.177283582489633,2010-11-27T00:00:00Z,2011-01-09T00:00:00Z,2011-01-31T00:00:00Z,2011-04-04T00:00:00Z,18.16641856060606,11.681318181818181,24.150303030303032,65.16625315656566,23.812574110671935,4.704545454545454,167.6,16.638292643229168,9.4598984375,23.756875,67.69189561631944,33.72156929347826,7.5,67
Oyster Bay,Sauvignon blanc,2011-04-04T00:00:00Z,4-cane,0.058493126758904994,2011,94,278,2010-2011,2009-2010,5.294641427141192,2.1157230888023753,0.061560493687258036,2.177283582489633,2010-11-27T00:00:00Z,2011-01-09T00:00:00Z,2011-01-31T00:00:00Z,2011-04-04T00:00:00Z,18.16641856060606,11.681318181818181,24.150303030303032,65.16625315656566,23.812574110671935,4.704545454545454,167.6,16.638292643229168,9.4598984375,23.756875,67.69189561631944,33.72156929347826,7.5,67
Oyster Bay,Sauvignon blanc,2012-04-17T00:00:00Z,2-cane,0.013118334583048018,2012,108,292,2011-2012,2010-2011,8.426453725826088,1.5291044497553494,0.26186510023644044,1.79096954999179,2011-12-04T00:00:00Z,2012-01-25T00:00:00Z,2012-02-17T00:00:00Z,2012-04-17T00:00:00Z,16.378134696016772,10.750276729559749,21.58327044025157,69.28507861635221,32.340058244462675,6.867924528301887,155.6,14.400695810564663,8.131204918032786,20.994754098360655,69.79772199453552,34.84195866001426,7.770491803278689,137
Oyster Bay,Sauvignon blanc,2012-04-17T00:00:00Z,4-cane,0.004214278455650238,2012,108,292,2011-2012,2010-2011,8.426453725826088,1.5291044497553494,0.26186510023644044,1.79096954999179,2011-12-04T00:00:00Z,2012-01-25T00:00:00Z,2012-02-17T00:00:00Z,2012-04-17T00:00:00Z,16.378134696016772,10.750276729559749,21.58327044025157,69.28507861635221,32.340058244462675,6.867924528301887,155.6,14.400695810564663,8.131204918032786,20.994754098360655,69.79772199453552,34.84195866001426,7.770491803278689,137
Oyster Bay,Sauvignon blanc,2013-04-10T00:00:00Z,2-cane,0.025179978653866862,2013,100,284,2012-2013,2011-2012,3.822414139817814,2.389854306377003,0.9212709675636677,3.3111252739406702,2012-12-02T00:00:00Z,2013-01-14T00:00:00Z,2013-02-04T00:00:00Z,2013-04-10T00:00:00Z,17.947758522727273,11.05289393939394,24.487272727272728,65.25404356060606,20.52369466403162,3.6363636363636362,81,15.669039562289562,8.924916666666666,22.790454545454544,73.94460016835016,36.16534782608696,7.96969696969697,106.6
Oyster Bay,Sauvignon blanc,2013-04-10T00:00:00Z,4-cane,0.01648881016896259,2013,100,284,2012-2013,2011-2012,3.822414139817814,2.389854306377003,0.9212709675636677,3.3111252739406702,2012-12-02T00:00:00Z,2013-01-14T00:00:00Z,2013-02-04T00:00:00Z,2013-04-10T00:00:00Z,17.947758522727273,11.05289393939394,24.487272727272728,65.25404356060606,20.52369466403162,3.6363636363636362,81,15.669039562289562,8.924916666666666,22.790454545454544,73.94460016835016,36.16534782608696,7.96969696969697,106.6
Oyster Bay,Sauvignon blanc,2014-03-31T00:00:00Z,2-cane,0.02245208297538005,2014,90,274,2013-2014,2012-2013,6.5572548137682825,1.4133923527076917,0.6477337203162111,2.0611260730239027,2013-11-24T00:00:00Z,2014-01-09T00:00:00Z,2014-01-30T00:00:00Z,2014-03-31T00:00:00Z,17.22723936170213,10.904340425531915,23.25631205673759,67.45291371158392,24.00050046253469,5.1063829787234045,131.2,16.02847654826958,8.564204918032788,23.32311475409836,71.10889571948998,28.27636849607983,5.885245901639344,83.6
Oyster Bay,Sauvignon blanc,2014-03-31T00:00:00Z,4-cane,0.00495086041832686,2014,90,274,2013-2014,2012-2013,6.5572548137682825,1.4133923527076917,0.6477337203162111,2.0611260730239027,2013-11-24T00:00:00Z,2014-01-09T00:00:00Z,2014-01-30T00:00:00Z,2014-03-31T00:00:00Z,17.22723936170213,10.904340425531915,23.25631205673759,67.45291371158392,24.00050046253469,5.1063829787234045,131.2,16.02847654826958,8.564204918032788,23.32311475409836,71.10889571948998,28.27636849607983,5.885245901639344,83.6
Oyster Bay,Sauvignon blanc,2015-03-20T00:00:00Z,2-cane,0.009475436236244335,2015,79,263,2014-2015,2013-2014,6.351420320894203,1.3187040958284693,0.632364608124867,1.9510687039533363,2014-11-30T00:00:00Z,2015-01-15T00:00:00Z,2015-02-04T00:00:00Z,2015-03-20T00:00:00Z,16.917385933806145,10.243191489361703,23.63390070921986,70.0625561465721,25.473842738205366,5.25531914893617,36.199999999999996,16.49832962962963,9.041655555555556,24.073333333333334,69.71144444444444,33.198536231884056,7.355555555555555,80.4
Oyster Bay,Sauvignon blanc,2015-03-20T00:00:00Z,4-cane,8.169934640522876e-4,2015,79,263,2014-2015,2013-2014,6.351420320894203,1.3187040958284693,0.632364608124867,1.9510687039533363,2014-11-30T00:00:00Z,2015-01-15T00:00:00Z,2015-02-04T00:00:00Z,2015-03-20T00:00:00Z,16.917385933806145,10.243191489361703,23.63390070921986,70.0625561465721,25.473842738205366,5.25531914893617,36.199999999999996,16.49832962962963,9.041655555555556,24.073333333333334,69.71144444444444,33.198536231884056,7.355555555555555,80.4
Oyster Bay,Sauvignon blanc,2016-03-30T00:00:00Z,2-cane,0.02236310915323971,2016,90,274,2015-2016,2014-2015,6.435519612127158,1.2161293352633706,0.4314807241205974,1.647610059383968,2015-12-05T00:00:00Z,2016-01-22T00:00:00Z,2016-02-11T00:00:00Z,2016-03-30T00:00:00Z,16.647673469387755,9.325557823129252,23.310816326530613,66.60248299319728,24.0242892635315,4.877551020408164,137.6,17.634468537414964,10.19276530612245,24.40061224489796,70.02802721088436,28.260759538598048,6.1020408163265305,134
Oyster Bay,Sauvignon blanc,2016-03-30T00:00:00Z,4-cane,0.01813972534435634,2016,90,274,2015-2016,2014-2015,6.435519612127158,1.2161293352633706,0.4314807241205974,1.647610059383968,2015-12-05T00:00:00Z,2016-01-22T00:00:00Z,2016-02-11T00:00:00Z,2016-03-30T00:00:00Z,16.647673469387755,9.325557823129252,23.310816326530613,66.60248299319728,24.0242892635315,4.877551020408164,137.6,17.634468537414964,10.19276530612245,24.40061224489796,70.02802721088436,28.260759538598048,6.1020408163265305,134
Oyster Bay,Sauvignon blanc,2017-04-01T00:00:00Z,2-cane,0.005304072540558433,2017,91,275,2016-2017,2015-2016,4.654100284127524,2.374942820471304,2.6433355387233557,5.018278359194659,2016-11-30T00:00:00Z,2017-01-18T00:00:00Z,2017-02-07T00:00:00Z,2017-04-01T00:00:00Z,16.86254027777778,10.220566666666667,23.226666666666667,64.514775,19.42826956521739,3.72,56.2,16.26167399691358,9.67812037037037,22.745185185185186,75.89123070987654,35.48753220611916,7.814814814814815,59.6
Oyster Bay,Sauvignon blanc,2017-04-01T00:00:00Z,4-cane,9.472171413639928e-4,2017,91,275,2016-2017,2015-2016,4.654100284127524,2.374942820471304,2.6433355387233557,5.018278359194659,2016-11-30T00:00:00Z,2017-01-18T00:00:00Z,2017-02-07T00:00:00Z,2017-04-01T00:00:00Z,16.86254027777778,10.220566666666667,23.226666666666667,64.514775,19.42826956521739,3.72,56.2,16.26167399691358,9.67812037037037,22.745185185185186,75.89123070987654,35.48753220611916,7.814814814814815,59.6
Oyster Bay,Sauvignon blanc,2018-04-02T00:00:00Z,2-cane,0.21657606819167344,2018,92,276,2017-2018,2016-2017,6.732020022571507,2.4308794851605198,3.2289242339249267,5.659803719085446,2017-11-27T00:00:00Z,2018-01-09T00:00:00Z,2018-01-27T00:00:00Z,2018-04-02T00:00:00Z,18.40538825757576,11.05703787878788,25.362954545454546,69.40291982323232,28.447886363636364,6,126.80000000000001,17.207166351010102,10.620166666666666,23.725151515151516,74.30618055555556,31.622922924901186,7.121212121212121,383.8
Oyster Bay,Sauvignon blanc,2019-03-19T00:00:00Z,2-cane,0.026849642004773272,2019,78,262,2018-2019,2017-2018,9.866459839293666,1.0620156296933456,0.4935770793722154,1.555592709065561,2018-11-24T00:00:00Z,2019-01-12T00:00:00Z,2019-01-30T00:00:00Z,2019-03-19T00:00:00Z,17.504349166666668,11.65496,22.9684,74.56482777777778,27.600173913043477,5.96,143.4,18.05732284580499,9.743010204081633,25.588571428571427,66.69474348072562,28.712658385093167,6.061224489795919,61.400000000000006
Oyster Bay,Sauvignon blanc,2020-03-21T00:00:00Z,2-cane,0,2020,81,265,2019-2020,2018-2019,6.984062774789113,1.0960626303703074,0.046289901874690696,1.142352532244998,2019-11-29T00:00:00Z,2020-01-16T00:00:00Z,2020-02-07T00:00:00Z,2020-03-21T00:00:00Z,16.197922052154194,9.73029931972789,22.19469387755102,68.50910714285715,26.0960479148181,5.3061224489795915,147,16.685238636363636,9.007170454545454,24.420909090909092,69.42671401515152,28.06437648221344,5.568181818181818,18.8
Oyster Bay,Sauvignon blanc,2021-03-18T00:00:00Z,2-cane,0.00993816254416961,2021,77,261,2020-2021,2019-2020,7.041548205558688,0.7532570272773693,0.43840480060982,1.1916618278871893,2020-11-23T00:00:00Z,2021-01-13T00:00:00Z,2021-02-04T00:00:00Z,2021-03-18T00:00:00Z,16.308860576923077,10.022019230769232,22.487692307692306,69.29985576923077,24.19950641025641,5.25,97.8,16.472161821705427,9.537627906976745,23.7553488372093,69.03811046511628,26.907084302325583,6.325581395348837,44
Oyster Bay,Sauvignon blanc,2022-03-21T00:00:00Z,2-cane,0.05785155133052044,2022,80,264,2021-2022,2020-2021,6.509581135423634,2.1803478058398693,2.1549574921421337,4.3353052979820035,2021-11-23T00:00:00Z,2021-12-31T00:00:00Z,2022-01-26T00:00:00Z,2022-03-21T00:00:00Z,17.643899572649573,12.275128205128205,23.344615384615384,72.14179487179487,24.36251175213675,5.3076923076923075,129.2,16.355252272727274,10.892836363636365,22.280545454545454,76.67613636363636,37.74975303030303,8.436363636363636,231.2
Rarangi,Sauvignon blanc,2015-03-26T00:00:00Z,3-cane,0.017997045619008875,2015,85,269,2014-2015,2013-2014,6.4941667110532055,1.4384243931651748,1.5923385397601515,3.0307629329253265,2014-11-27T00:00:00Z,2015-01-12T00:00:00Z,2015-01-30T00:00:00Z,2015-03-26T00:00:00Z,16.87982309800129,11.624531914893616,22.221489361702126,76.31749234364926,19.682928268578475,4.0638297872340425,38.2,16.90626711309524,11.510946428571428,22.539285714285715,81.3816443452381,20.54848511904762,4.125,58.5
Rarangi,Sauvignon blanc,2017-03-31T00:00:00Z,3-cane,0.19122082746434943,2017,90,274,2016-2017,2015-2016,4.7207317833952995,2.459382442383691,1.1729569542582536,3.6323393966419446,2016-11-25T00:00:00Z,2017-01-15T00:00:00Z,2017-02-03T00:00:00Z,2017-03-31T00:00:00Z,16.87608173076923,11.968461538461538,21.759615384615383,60.50488782051282,21.423902243589744,4.673076923076923,30.8,16.670906432748538,11.985964912280702,21.59298245614035,71.85526315789474,34.54533625730994,8.578947368421053,102.4
Seaview,Sauvignon blanc,2005-04-18T00:00:00Z,2-cane,0.020857385083069335,2005,108,292,2004-2005,2003-2004,0,0.22447542772548187,0.03935319499779195,0.2638286227232738,Inf,-Inf,2005-04-06T00:00:00Z,2005-04-18T00:00:00Z,NA,NA,NA,NA,NA,NA,0,12.56357517024887,8.192649981900452,17.613062533936652,75.66600916666667,30.187734432234432,5.230769230769231,1.5
Seaview,Sauvignon blanc,2005-04-29T00:00:00Z,4-cane,0.0402986373994656,2005,119,303,2004-2005,2003-2004,0,0.49786454756827275,0.04072126992025768,0.5385858174885304,Inf,-Inf,2005-04-06T00:00:00Z,2005-04-29T00:00:00Z,NA,NA,NA,NA,NA,NA,0,11.70254418944036,6.9019770735294115,16.85749220588235,74.28540774305556,24.754389136904763,4.541666666666667,23.2
Seaview,Sauvignon blanc,2006-04-06T00:00:00Z,4-cane,0.02993962488496883,2006,96,280,2005-2006,2004-2005,7.03162102728924,2.1540457475556822,1.0216977557547975,3.1757435033104797,2005-11-24T00:00:00Z,2006-01-15T00:00:00Z,2006-02-08T00:00:00Z,2006-04-06T00:00:00Z,16.859970125786162,12.327132075471699,21.15132075471698,68.08596698113207,21.10690172955975,4.509433962264151,47.8,15.707772270114942,10.525344827586206,20.522241379310344,70.7986709770115,29.97696408045977,6.672413793103448,34
Seaview,Sauvignon blanc,2008-04-09T00:00:00Z,4-cane,0.018113243573979077,2008,100,284,2007-2008,2006-2007,5.347468200589524,1.4655782151716905,0.5184317631276122,1.9840099782993028,2007-12-05T00:00:00Z,2008-01-24T00:00:00Z,2008-02-17T00:00:00Z,2008-04-09T00:00:00Z,17.244424836601308,12.907078431372549,21.15450980392157,68.69058006535948,19.043062908496733,4.098039215686274,81.8,16.413637578616353,11.845433962264151,20.977924528301887,71.98964622641509,25.2297963836478,5.886792452830188,42.9
Seaview,Sauvignon blanc,2009-04-09T00:00:00Z,2-cane,0.16604308958158698,2009,99,283,2008-2009,2007-2008,6.533531620364102,1.180825196176502,0.41634985605004693,1.5971750522265487,2008-11-30T00:00:00Z,2009-01-20T00:00:00Z,2009-02-15T00:00:00Z,2009-04-09T00:00:00Z,16.557391025641024,11.747846153846154,20.854423076923077,67.19392628205128,23.184318910256412,5.211538461538462,70.3,15.077260802469135,10.24412962962963,19.61148148148148,69.16375771604939,27.734034722222223,6.611111111111111,81.8
Seaview,Sauvignon blanc,2009-04-16T00:00:00Z,4-cane,0.14621662910390507,2009,106,290,2008-2009,2007-2008,6.533531620364102,1.3690000551774093,0.41634985605004693,1.7853499112274562,2008-11-30T00:00:00Z,2009-01-20T00:00:00Z,2009-02-15T00:00:00Z,2009-04-16T00:00:00Z,16.557391025641024,11.747846153846154,20.854423076923077,67.19392628205128,23.184318910256412,5.211538461538462,70.3,14.843338114754099,9.913295081967213,19.49737704918033,69.0974112021858,27.519849726775956,6.590163934426229,81.8
Seaview,Sauvignon blanc,2010-04-09T00:00:00Z,2-cane,0.00803754936663131,2010,99,283,2009-2010,2008-2009,5.311194659527133,0.5756206025783622,0.011594304676812444,0.5872149072551747,2009-12-07T00:00:00Z,2010-01-29T00:00:00Z,2010-02-23T00:00:00Z,2010-04-09T00:00:00Z,16.777273919753085,12.065555555555555,21.378888888888888,65.57121141975308,19.76469135802469,4.2592592592592595,44.7,15.837327898550724,10.613152173913043,20.936304347826088,63.75086050724638,21.510180253623187,4.956521739130435,40
Seaview,Sauvignon blanc,2010-04-09T00:00:00Z,4-cane,0.020218847761689876,2010,99,283,2009-2010,2008-2009,5.311194659527133,0.5756206025783622,0.011594304676812444,0.5872149072551747,2009-12-07T00:00:00Z,2010-01-29T00:00:00Z,2010-02-23T00:00:00Z,2010-04-09T00:00:00Z,16.777273919753085,12.065555555555555,21.378888888888888,65.57121141975308,19.76469135802469,4.2592592592592595,44.7,15.837327898550724,10.613152173913043,20.936304347826088,63.75086050724638,21.510180253623187,4.956521739130435,40
Seaview,Sauvignon blanc,2011-04-08T00:00:00Z,2-cane,0.01965886977448518,2011,98,282,2010-2011,2009-2010,4.039990107769599,1.1482238085937782,0.1492573524155073,1.2974811610092853,2010-12-04T00:00:00Z,2011-01-21T00:00:00Z,2011-02-13T00:00:00Z,2011-04-08T00:00:00Z,17.508562925170068,13.370204081632654,21.27734693877551,66.77877551020408,17.85056632653061,3.4081632653061225,91.3,15.46091590909091,10.328127272727272,20.128545454545456,69.85051515151515,26.38019696969697,6,54.2
Seaview,Sauvignon blanc,2011-04-08T00:00:00Z,4-cane,0.01601659814760636,2011,98,282,2010-2011,2009-2010,4.039990107769599,1.1482238085937782,0.1492573524155073,1.2974811610092853,2010-12-04T00:00:00Z,2011-01-21T00:00:00Z,2011-02-13T00:00:00Z,2011-04-08T00:00:00Z,17.508562925170068,13.370204081632654,21.27734693877551,66.77877551020408,17.85056632653061,3.4081632653061225,91.3,15.46091590909091,10.328127272727272,20.128545454545456,69.85051515151515,26.38019696969697,6,54.2
Seaview,Sauvignon blanc,2012-04-26T00:00:00Z,2-cane,0.00175561797752809,2012,117,301,2011-2012,2010-2011,8.614535939217268,0.9279336692569308,0.29485679746813837,1.222790466725069,2011-12-05T00:00:00Z,2012-02-02T00:00:00Z,2012-03-01T00:00:00Z,2012-04-26T00:00:00Z,15.826195138888888,11.8818,19.438666666666666,70.69202777777778,24.4382375,5.416666666666667,157.92000000000002,13.795402777777777,9.508122807017545,18.23719298245614,72.75824561403509,25.65049926900585,6.175438596491228,138.12
Seaview,Sauvignon blanc,2012-04-26T00:00:00Z,4-cane,0.0030397936624907886,2012,117,301,2011-2012,2010-2011,8.614535939217268,0.9279336692569308,0.29485679746813837,1.222790466725069,2011-12-05T00:00:00Z,2012-02-02T00:00:00Z,2012-03-01T00:00:00Z,2012-04-26T00:00:00Z,15.826195138888888,11.8818,19.438666666666666,70.69202777777778,24.4382375,5.416666666666667,157.92000000000002,13.795402777777777,9.508122807017545,18.23719298245614,72.75824561403509,25.65049926900585,6.175438596491228,138.12
Seaview,Sauvignon blanc,2013-04-10T00:00:00Z,2-cane,0.0064942468052233675,2013,100,284,2012-2013,2011-2012,3.954215000099156,1.0351684036241628,0.4189800825425525,1.4541484861667153,2012-12-08T00:00:00Z,2013-01-21T00:00:00Z,2013-02-17T00:00:00Z,2013-04-10T00:00:00Z,17.306228703703702,12.511177777777778,21.82288888888889,65.74597222222222,20.11777222222222,4.111111111111111,94.08,15.37652751572327,10.579754716981132,20.006415094339623,71.98294025157233,29.475705974842768,6.90566037735849,46.2
Seaview,Sauvignon blanc,2013-04-10T00:00:00Z,4-cane,0.0024257125530624626,2013,100,284,2012-2013,2011-2012,3.954215000099156,1.0351684036241628,0.4189800825425525,1.4541484861667153,2012-12-08T00:00:00Z,2013-01-21T00:00:00Z,2013-02-17T00:00:00Z,2013-04-10T00:00:00Z,17.306228703703702,12.511177777777778,21.82288888888889,65.74597222222222,20.11777222222222,4.111111111111111,94.08,15.37652751572327,10.579754716981132,20.006415094339623,71.98294025157233,29.475705974842768,6.90566037735849,46.2
Seaview,Sauvignon blanc,2014-04-12T00:00:00Z,2-cane,0.1927481910047559,2014,102,286,2013-2014,2012-2013,7.5951563791786985,2.0566046154075375,1.7201597579106356,3.7767643733181733,2013-11-25T00:00:00Z,2014-01-12T00:00:00Z,2014-02-08T00:00:00Z,2014-04-12T00:00:00Z,16.922187925170068,12.562102040816326,21.096530612244898,65.95462585034014,26.874033163265306,5.979591836734694,137.4,15.499395182291666,10.77603125,20.07875,72.05701822916667,32.469947265625,7.421875,89.39999999999999
Seaview,Sauvignon blanc,2014-04-12T00:00:00Z,4-cane,0.15871052027733953,2014,102,286,2013-2014,2012-2013,7.5951563791786985,2.0566046154075375,1.7201597579106356,3.7767643733181733,2013-11-25T00:00:00Z,2014-01-12T00:00:00Z,2014-02-08T00:00:00Z,2014-04-12T00:00:00Z,16.922187925170068,12.562102040816326,21.096530612244898,65.95462585034014,26.874033163265306,5.979591836734694,137.4,15.499395182291666,10.77603125,20.07875,72.05701822916667,32.469947265625,7.421875,89.39999999999999
Seaview,Sauvignon blanc,2015-04-02T00:00:00Z,2-cane,0.04258788708716986,2015,92,276,2014-2015,2013-2014,6.303809984879933,1.2834337977509422,0.30347955812542016,1.5869133558763624,2014-12-01T00:00:00Z,2015-01-22T00:00:00Z,2015-02-12T00:00:00Z,2015-04-02T00:00:00Z,16.584363993710692,11.816584905660378,20.85245283018868,65.32459905660377,24.680247641509435,5.415094339622642,34.32,16.212178333333334,11.4907,20.925,67.98099166666667,29.6433625,7.02,12.24
Seaview,Sauvignon blanc,2015-04-02T00:00:00Z,4-cane,0.020821600197652213,2015,92,276,2014-2015,2013-2014,6.303809984879933,1.2834337977509422,0.30347955812542016,1.5869133558763624,2014-12-01T00:00:00Z,2015-01-22T00:00:00Z,2015-02-12T00:00:00Z,2015-04-02T00:00:00Z,16.584363993710692,11.816584905660378,20.85245283018868,65.32459905660377,24.680247641509435,5.415094339622642,34.32,16.212178333333334,11.4907,20.925,67.98099166666667,29.6433625,7.02,12.24
Seaview,Sauvignon blanc,2016-04-15T00:00:00Z,2-cane,0.14161790115669082,2016,106,290,2015-2016,2014-2015,9.514078771877632,1.513598457777507,0.663965714835032,2.1775641726125388,2015-12-04T00:00:00Z,2016-01-29T00:00:00Z,2016-02-18T00:00:00Z,2016-04-15T00:00:00Z,16.083293505374957,11.190122631578948,20.571396099071208,69.3644880869453,27.822909239674708,6.175438596491228,74.999998,16.65226653448276,11.888367482758621,21.304278275862067,73.5135838433908,23.492948054576868,5,72.599993
Seaview,Sauvignon blanc,2016-04-15T00:00:00Z,4-cane,0.06480468838956403,2016,106,290,2015-2016,2014-2015,9.514078771877632,1.513598457777507,0.663965714835032,2.1775641726125388,2015-12-04T00:00:00Z,2016-01-29T00:00:00Z,2016-02-18T00:00:00Z,2016-04-15T00:00:00Z,16.083293505374957,11.190122631578948,20.571396099071208,69.3644880869453,27.822909239674708,6.175438596491228,74.999998,16.65226653448276,11.888367482758621,21.304278275862067,73.5135838433908,23.492948054576868,5,72.599993
Seaview,Sauvignon blanc,2018-03-31T00:00:00Z,2-cane,0.4680801809600289,2018,90,274,2017-2018,2016-2017,9.536656680000824,1.6957043667006289,3.25401777702032,4.949722143720948,2017-11-27T00:00:00Z,2018-01-15T00:00:00Z,2018-02-03T00:00:00Z,2018-03-31T00:00:00Z,17.6637047125,13.09495454,21.7908528,78.08712393333333,26.019293789701667,5.86,123.799982,17.15733140643275,12.814382403508771,21.550442280701755,77.22171843567251,25.847387753466375,5.543859649122807,185.79997600000002
Seaview,Sauvignon blanc,2020-03-24T00:00:00Z,2-cane,0.09494108431060835,2020,84,268,2019-2020,2018-2019,8.822618965900062,0.4955245883618274,0.01420491298262075,0.5097295013444482,2019-11-26T00:00:00Z,2020-01-23T00:00:00Z,2020-02-13T00:00:00Z,2020-03-24T00:00:00Z,15.965036766949153,11.245620966101695,20.031490847457626,75.02073240112995,21.439489890579804,4.5423728813559325,84.199992,16.66237188109756,11.636686024390244,21.229077073170732,74.03934675813008,19.057867884242885,3.682926829268293,11.8
Seaview,Sauvignon blanc,2021-03-23T00:00:00Z,2-cane,0.053326142792614425,2021,82,266,2020-2021,2019-2020,7.7885191317854146,0.764301361889708,0.6400261400327396,1.4043275019224477,2020-11-16T00:00:00Z,2021-01-16T00:00:00Z,2021-02-08T00:00:00Z,2021-03-23T00:00:00Z,15.799310107526882,11.114729564516129,19.90990758064516,75.93572585349462,21.74517141093078,4.32258064516129,61.1999996,16.20984038068182,11.287363659090909,20.939737954545453,73.30787148674243,20.981870586678976,4.5227272727272725,29.999997
Seaview,Sauvignon blanc,2022-03-31T00:00:00Z,2-cane,0.8489952426750311,2022,90,274,2021-2022,2020-2021,7.961973582188591,2.002395731720989,4.471067124926919,6.473462856647909,2021-11-25T00:00:00Z,2022-01-10T00:00:00Z,2022-02-03T00:00:00Z,2022-03-31T00:00:00Z,17.454379151595745,13.301807617021277,21.752378085106383,78.73776651595745,24.4664103704078,5.212765957446808,89.49998640000001,16.00458658625731,12.348281140350878,19.61027649122807,82.42436863304094,31.656282064997075,7.105263157894737,177.4999677
Squire,Sauvignon blanc,2005-04-14T00:00:00Z,2-cane,0.06881635963728792,2005,104,288,2004-2005,2003-2004,6.061829379233455,1.399695406433294,0.8290696904299777,2.2287650968632717,2004-11-27T00:00:00Z,2005-01-25T00:00:00Z,2005-02-15T00:00:00Z,2005-04-14T00:00:00Z,15.531048611111112,10.05025,20.87066666666667,66.7268888888889,16.286985416666667,3.4166666666666665,134.56,10.788400423728813,-108.64362711864406,21.83864406779661,71.9597951977401,22.635859463276837,5.305084745762712,48.693999999999996
Squire,Sauvignon blanc,2005-04-19T00:00:00Z,4-cane,0.029447014727013,2005,109,293,2004-2005,2003-2004,6.061829379233455,1.5393400242518256,0.8290696904299777,2.3684097146818033,2004-11-27T00:00:00Z,2005-01-25T00:00:00Z,2005-02-15T00:00:00Z,2005-04-19T00:00:00Z,15.531048611111112,10.05025,20.87066666666667,66.7268888888889,16.286985416666667,3.4166666666666665,134.56,10.856847005208333,-99.801625,21.63328125,72.45681640625,23.784934244791668,5.609375,48.693999999999996
Squire,Sauvignon blanc,2008-03-22T00:00:00Z,2-cane,9.86842105263158e-4,2008,82,266,2007-2008,2006-2007,6.1798653904074206,0.8836834005217898,0.08684172247022187,0.9705251229920118,2007-12-02T00:00:00Z,2008-01-16T00:00:00Z,2008-02-03T00:00:00Z,2008-03-22T00:00:00Z,17.81715579710145,12.435978260869565,22.97695652173913,69.60716485507247,19.702092391304348,4.586956521739131,71.4,17.397011054421768,11.76438775510204,23.31408163265306,71.03382653061225,23.16897193877551,5.510204081632653,55.2
Squire,Sauvignon blanc,2009-04-03T00:00:00Z,4-cane,0.09417383477999858,2009,93,277,2008-2009,2007-2008,8.337873599142196,2.3097620889599746,1.3889496739941842,3.698711762954159,2008-11-25T00:00:00Z,2009-01-14T00:00:00Z,2009-02-04T00:00:00Z,2009-04-03T00:00:00Z,17.141972222222222,11.307098039215687,22.473529411764705,70.87115196078432,21.58413725490196,5.0588235294117645,101.4,15.853765536723163,10.308610169491525,21.630338983050848,75.10970338983051,27.07531638418079,6.796610169491525,122.4
Squire,Sauvignon blanc,2009-04-06T00:00:00Z,2-cane,0.1482165571907003,2009,96,280,2008-2009,2007-2008,8.337873599142196,2.3686178891955567,1.3889496739941842,3.757567563189741,2008-11-25T00:00:00Z,2009-01-14T00:00:00Z,2009-02-04T00:00:00Z,2009-04-06T00:00:00Z,17.141972222222222,11.307098039215687,22.473529411764705,70.87115196078432,21.58413725490196,5.0588235294117645,101.4,15.849620967741936,10.277709677419354,21.585483870967742,74.61083333333333,26.355747311827958,6.612903225806452,122.4
Squire,Sauvignon blanc,2010-03-31T00:00:00Z,2-cane,0.009178080508615467,2010,90,274,2009-2010,2008-2009,3.200507102110243,0.9746764716456174,0.21863050243865284,1.1933069740842701,2009-12-02T00:00:00Z,2010-01-17T00:00:00Z,2010-02-07T00:00:00Z,2010-03-31T00:00:00Z,17.257367907801417,11.390127659574468,22.885744680851065,63.25215425531915,14.675372340425533,3.297872340425532,42.800000000000004,17.250639937106918,10.838037735849056,23.68754716981132,66.78915880503145,20.55189858490566,4.679245283018868,43.800000000000004
Squire,Sauvignon blanc,2010-03-31T00:00:00Z,4-cane,0.001522751701898961,2010,90,274,2009-2010,2008-2009,3.200507102110243,0.9746764716456174,0.21863050243865284,1.1933069740842701,2009-12-02T00:00:00Z,2010-01-17T00:00:00Z,2010-02-07T00:00:00Z,2010-03-31T00:00:00Z,17.257367907801417,11.390127659574468,22.885744680851065,63.25215425531915,14.675372340425533,3.297872340425532,42.800000000000004,17.250639937106918,10.838037735849056,23.68754716981132,66.78915880503145,20.55189858490566,4.679245283018868,43.800000000000004
Squire,Sauvignon blanc,2011-03-25T00:00:00Z,2-cane,0.01498710935534053,2011,84,268,2010-2011,2009-2010,5.822878363800266,1.622025294246942,0.10720333726761413,1.7292286315145562,2010-11-28T00:00:00Z,2011-01-11T00:00:00Z,2011-02-04T00:00:00Z,2011-03-25T00:00:00Z,17.880312037037037,12.760466666666666,22.70911111111111,68.95275925925925,20.182766666666666,4.622222222222222,153,16.998904166666666,11.07312,22.9136,71.34848333333333,25.87419583333333,6.28,53.8
Squire,Sauvignon blanc,2011-03-25T00:00:00Z,4-cane,0.001163137147048038,2011,84,268,2010-2011,2009-2010,5.822878363800266,1.622025294246942,0.10720333726761413,1.7292286315145562,2010-11-28T00:00:00Z,2011-01-11T00:00:00Z,2011-02-04T00:00:00Z,2011-03-25T00:00:00Z,17.880312037037037,12.760466666666666,22.70911111111111,68.95275925925925,20.182766666666666,4.622222222222222,153,16.998904166666666,11.07312,22.9136,71.34848333333333,25.87419583333333,6.28,53.8
Squire,Sauvignon blanc,2012-04-10T00:00:00Z,2-cane,0.021183016955330383,2012,101,285,2011-2012,2010-2011,8.701509386198177,0.678426807749699,0.18005655724352082,0.8584833649932199,2011-12-05T00:00:00Z,2012-01-27T00:00:00Z,2012-02-22T00:00:00Z,2012-04-10T00:00:00Z,16.15220061728395,11.049351851851851,20.767592592592592,72.16674382716049,25.393623456790124,6,122.2,14.550400510204081,9.14695918367347,19.87061224489796,72.6135799319728,23.653156462585034,5.673469387755102,88.4
Squire,Sauvignon blanc,2012-04-10T00:00:00Z,4-cane,0.011062023880311727,2012,101,285,2011-2012,2010-2011,8.701509386198177,0.678426807749699,0.18005655724352082,0.8584833649932199,2011-12-05T00:00:00Z,2012-01-27T00:00:00Z,2012-02-22T00:00:00Z,2012-04-10T00:00:00Z,16.15220061728395,11.049351851851851,20.767592592592592,72.16674382716049,25.393623456790124,6,122.2,14.550400510204081,9.14695918367347,19.87061224489796,72.6135799319728,23.653156462585034,5.673469387755102,88.4
Squire,Sauvignon blanc,2013-04-01T00:00:00Z,2-cane,0.0044712706372451415,2013,91,275,2012-2013,2011-2012,4.271113818990218,1.44516525118045,0.4006296770663856,1.8457949282468358,2012-12-02T00:00:00Z,2013-01-15T00:00:00Z,2013-02-06T00:00:00Z,2013-04-01T00:00:00Z,17.932978703703704,12.291177777777778,23.356222222222222,65.7089537037037,19.664205555555554,4.355555555555555,125.9,16.197459848484847,9.911618181818183,22.334545454545456,72.5661893939394,28.593864393939395,6.709090909090909,42.6
Squire,Sauvignon blanc,2013-04-01T00:00:00Z,4-cane,0.011559726848663474,2013,91,275,2012-2013,2011-2012,4.271113818990218,1.44516525118045,0.4006296770663856,1.8457949282468358,2012-12-02T00:00:00Z,2013-01-15T00:00:00Z,2013-02-06T00:00:00Z,2013-04-01T00:00:00Z,17.932978703703704,12.291177777777778,23.356222222222222,65.7089537037037,19.664205555555554,4.355555555555555,125.9,16.197459848484847,9.911618181818183,22.334545454545456,72.5661893939394,28.593864393939395,6.709090909090909,42.6
Squire,Sauvignon blanc,2014-03-28T00:00:00Z,2-cane,0.01636635557356724,2014,87,271,2013-2014,2012-2013,6.675580856322233,1.1159240210506733,0.47598281398672326,1.5919068350373966,2013-11-23T00:00:00Z,2014-01-09T00:00:00Z,2014-01-31T00:00:00Z,2014-03-28T00:00:00Z,17.33409982638889,11.9816875,22.39875,67.17110243055555,22.26776388888889,5.125,112.60000000000001,15.987022660818713,9.745473684210527,21.820877192982458,70.84331871345029,26.65406505847953,5.87719298245614,50
Squire,Sauvignon blanc,2014-03-28T00:00:00Z,4-cane,0.011721147608578786,2014,87,271,2013-2014,2012-2013,6.675580856322233,1.1159240210506733,0.47598281398672326,1.5919068350373966,2013-11-23T00:00:00Z,2014-01-09T00:00:00Z,2014-01-31T00:00:00Z,2014-03-28T00:00:00Z,17.33409982638889,11.9816875,22.39875,67.17110243055555,22.26776388888889,5.125,112.60000000000001,15.987022660818713,9.745473684210527,21.820877192982458,70.84331871345029,26.65406505847953,5.87719298245614,50
Squire,Sauvignon blanc,2015-03-25T00:00:00Z,2-cane,0.07566039129234699,2015,84,268,2014-2015,2013-2014,5.816383833001516,1.4791044899026562,1.093895807782456,2.573000297685112,2014-11-27T00:00:00Z,2015-01-14T00:00:00Z,2015-02-03T00:00:00Z,2015-03-25T00:00:00Z,16.80493537414966,10.873163265306122,22.68,68.15558673469388,21.30364455782313,4.612244897959184,43.900000000000006,16.513006535947714,9.951450980392156,23.07294117647059,70.13206699346405,30.877075980392156,7.235294117647059,61.9
Squire,Sauvignon blanc,2015-03-25T00:00:00Z,4-cane,0.030582309675218362,2015,84,268,2014-2015,2013-2014,5.816383833001516,1.4791044899026562,1.093895807782456,2.573000297685112,2014-11-27T00:00:00Z,2015-01-14T00:00:00Z,2015-02-03T00:00:00Z,2015-03-25T00:00:00Z,16.80493537414966,10.873163265306122,22.68,68.15558673469388,21.30364455782313,4.612244897959184,43.900000000000006,16.513006535947714,9.951450980392156,23.07294117647059,70.13206699346405,30.877075980392156,7.235294117647059,61.9
Squire,Sauvignon blanc,2016-04-05T00:00:00Z,2-cane,0.17138915358692108,2016,96,280,2015-2016,2014-2015,6.977255614216612,1.2288444960475644,0.760465069428338,1.9893095654759023,2015-12-04T00:00:00Z,2016-01-22T00:00:00Z,2016-02-10T00:00:00Z,2016-04-05T00:00:00Z,16.779067676574073,10.761725479999999,22.492857577777777,67.08225492962963,21.896807109639603,4.8,98.8999833,17.699646354910715,12.173532803571428,23.28515375,71.39696219494047,25.894098212790922,6.125,103.8999757
Squire,Sauvignon blanc,2016-04-05T00:00:00Z,4-cane,0.09669469252792602,2016,96,280,2015-2016,2014-2015,6.977255614216612,1.2288444960475644,0.760465069428338,1.9893095654759023,2015-12-04T00:00:00Z,2016-01-22T00:00:00Z,2016-02-10T00:00:00Z,2016-04-05T00:00:00Z,16.779067676574073,10.761725479999999,22.492857577777777,67.08225492962963,21.896807109639603,4.8,98.8999833,17.699646354910715,12.173532803571428,23.28515375,71.39696219494047,25.894098212790922,6.125,103.8999757
Squire,Sauvignon blanc,2017-04-01T00:00:00Z,2-cane,0.11342346873796136,2017,91,275,2016-2017,2015-2016,5.427813875470948,4.06004616700142,4.410574723922352,8.470620890923772,2016-11-29T00:00:00Z,2017-01-19T00:00:00Z,2017-02-07T00:00:00Z,2017-04-01T00:00:00Z,17.06748198076923,11.46449125,22.391635961538462,65.56461771634615,20.09591170158734,4.384615384615385,37.499997300000004,16.313928258487653,10.935156333333333,21.63071037037037,79.21315404320988,39.31282002871914,9.666666666666666,104.3999794
Squire,Sauvignon blanc,2017-04-01T00:00:00Z,4-cane,0.09795044071266829,2017,91,275,2016-2017,2015-2016,5.427813875470948,4.06004616700142,4.410574723922352,8.470620890923772,2016-11-29T00:00:00Z,2017-01-19T00:00:00Z,2017-02-07T00:00:00Z,2017-04-01T00:00:00Z,17.06748198076923,11.46449125,22.391635961538462,65.56461771634615,20.09591170158734,4.384615384615385,37.499997300000004,16.313928258487653,10.935156333333333,21.63071037037037,79.21315404320988,39.31282002871914,9.666666666666666,104.3999794
Squire,Sauvignon blanc,2018-03-15T00:00:00Z,2-cane,0.20149063839232081,2018,74,258,2017-2018,2016-2017,7.169177177499727,1.7045797385907806,2.0278433503879896,3.73242308897877,2017-11-21T00:00:00Z,2018-01-09T00:00:00Z,2018-01-24T00:00:00Z,2018-03-15T00:00:00Z,18.438242194166666,12.06641352,24.4232132,71.7213396,23.624490219729168,5.72,86.3249753,18.36951083986928,13.000771803921568,23.622394117647058,75.88216133986928,28.450256735330065,6.764705882352941,268.7583686
Squire,Sauvignon blanc,2019-03-20T00:00:00Z,2-cane,0.05731283829469419,2019,79,263,2018-2019,2017-2018,11.797119494520834,1.2734667986776003,0.5573927882900075,1.8308595869676076,2018-11-22T00:00:00Z,2019-01-10T00:00:00Z,2019-01-28T00:00:00Z,2019-03-20T00:00:00Z,17.6287958175,13.02008668,22.2850142,77.64988890833334,29.171509350455832,7.36,133.9104165,18.499948206730767,12.090599346153846,24.76447326923077,69.7223448798077,23.703422567122594,5.538461538461538,62.3968139
Squire,Sauvignon blanc,2020-03-19T00:00:00Z,2-cane,0.017275830527240015,2020,79,263,2019-2020,2018-2019,8.14839251364801,1.0460424349700554,0.015513408973554781,1.0615558439436104,2019-11-25T00:00:00Z,2020-01-13T00:00:00Z,2020-02-06T00:00:00Z,2020-03-19T00:00:00Z,16.747308179166666,11.09436712,21.9087094,69.90804435,24.36538687572,5.8,144.8525315,17.08432669476744,10.564484953488371,23.3084488372093,71.39037485465116,24.817702595418606,5.093023255813954,11.675225900000001
Squire,Sauvignon blanc,2022-03-18T00:00:00Z,2-cane,0.16797279564353512,2022,77,261,2021-2022,2020-2021,6.787659703584804,1.9411495492876514,2.4654292620134672,4.406578811301118,2021-11-22T00:00:00Z,2021-12-31T00:00:00Z,2022-01-23T00:00:00Z,2022-03-18T00:00:00Z,17.886818733333335,13.11693885,22.84489325,74.91531138541667,24.620421196639583,5.125,123.320248,17.00420763409091,11.973079018181819,21.72506109090909,78.04741215909091,31.039703844051516,7.072727272727272,224.8035228
Villa,Sauvignon blanc,2005-04-21T00:00:00Z,2-cane,0.1106861532322569,2005,111,295,2004-2005,2003-2004,6.8110151102417404,2.389115601030261,1.3012299805023038,3.6903455815325645,2004-11-25T00:00:00Z,2005-01-24T00:00:00Z,2005-02-13T00:00:00Z,2005-04-21T00:00:00Z,15.33567281420765,10.36088524590164,20.294098360655738,70.6988456284153,19.192974726775958,4.032786885245901,124.2,15.496392156862745,10.617764705882353,20.944558823529412,75.03371462789661,22.733955046791444,4.911764705882353,88.9
Villa,Sauvignon blanc,2005-04-26T00:00:00Z,4-cane,0.11780747191418166,2005,116,300,2004-2005,2003-2004,6.8110151102417404,2.5042671059369614,1.301230251343206,3.8054973572801676,2004-11-25T00:00:00Z,2005-01-24T00:00:00Z,2005-02-13T00:00:00Z,2005-04-26T00:00:00Z,15.33567281420765,10.36088524590164,20.294098360655738,70.6988456284153,19.192974726775958,4.032786885245901,124.2,15.022403538812785,10.040356164383562,20.55890410958904,74.93044079493566,23.167038605230385,4.958904109589041,90.7
Villa,Sauvignon blanc,2006-03-30T00:00:00Z,4-cane,0.012715927061440988,2006,89,273,2005-2006,2004-2005,5.888202330552671,1.22916428292832,1.2166912620745984,2.4458555450029182,2005-11-20T00:00:00Z,2006-01-09T00:00:00Z,2006-01-28T00:00:00Z,2006-03-30T00:00:00Z,16.939870915032678,11.839745098039216,21.83392156862745,68.6154656862745,15.632075980392157,3.0392156862745097,49,16.35075134408602,11.126354838709677,21.81935483870968,73.29704301075269,15.850415322580645,3.338709677419355,68.7
Villa,Sauvignon blanc,2008-04-03T00:00:00Z,2-cane,0.017348793504492404,2008,94,278,2007-2008,2006-2007,6.378386149869184,1.2992894346113817,0.2924150341570727,1.5917044687684543,2007-12-02T00:00:00Z,2008-01-17T00:00:00Z,2008-02-04T00:00:00Z,2008-04-03T00:00:00Z,17.51402659574468,12.30136170212766,22.775957446808512,71.69215425531915,19.815664893617022,4.212765957446808,124.89999999999999,16.825546527777778,11.588966666666666,22.35033333333333,73.79656666666666,23.221974305555555,4.783333333333333,150.2
Villa,Sauvignon blanc,2009-04-23T00:00:00Z,2-cane,0.12952389706245898,2009,113,297,2008-2009,2007-2008,8.306758978042494,2.6579868431669382,2.1704472221929287,4.8284340653598665,2008-11-25T00:00:00Z,2009-01-14T00:00:00Z,2009-02-04T00:00:00Z,2009-04-23T00:00:00Z,16.99342320261438,11.721960784313726,21.926470588235293,79.15880718954249,17.757980392156863,3.6470588235294117,43.3,15.041830696202531,9.999367088607595,20.596835443037975,80.6593776371308,25.26770094936709,5.291139240506329,105.4
Villa,Sauvignon blanc,2009-04-23T00:00:00Z,4-cane,0.04426675727585763,2009,113,297,2008-2009,2007-2008,8.306758978042494,2.6579868431669382,2.1704472221929287,4.8284340653598665,2008-11-25T00:00:00Z,2009-01-14T00:00:00Z,2009-02-04T00:00:00Z,2009-04-23T00:00:00Z,16.99342320261438,11.721960784313726,21.926470588235293,79.15880718954249,17.757980392156863,3.6470588235294117,43.3,15.041830696202531,9.999367088607595,20.596835443037975,80.6593776371308,25.26770094936709,5.291139240506329,105.4
Villa,Sauvignon blanc,2011-04-11T00:00:00Z,2-cane,0.07255392477783101,2011,101,285,2010-2011,2009-2010,5.105423267226311,2.07649017062743,1.104273685019995,3.180763855647425,2010-11-27T00:00:00Z,2011-01-09T00:00:00Z,2011-02-01T00:00:00Z,2011-04-11T00:00:00Z,17.98284090909091,13.17909090909091,22.724090909090908,70.21844696969697,15.25233712121212,3.1818181818181817,122.1,16.22074345238095,10.6997,21.972142857142856,74.581231292517,22.72219523809524,4.642857142857143,58.6
Villa,Sauvignon blanc,2011-04-11T00:00:00Z,4-cane,0.033719567015178184,2011,101,285,2010-2011,2009-2010,5.105423267226311,2.07649017062743,1.104273685019995,3.180763855647425,2010-11-27T00:00:00Z,2011-01-09T00:00:00Z,2011-02-01T00:00:00Z,2011-04-11T00:00:00Z,17.98284090909091,13.17909090909091,22.724090909090908,70.21844696969697,15.25233712121212,3.1818181818181817,122.1,16.22074345238095,10.6997,21.972142857142856,74.581231292517,22.72219523809524,4.642857142857143,58.6
Villa,Sauvignon blanc,2012-04-30T00:00:00Z,2-cane,0.034646429105571655,2012,121,305,2011-2012,2010-2011,8.167109557393793,2.1655880086656607,0.6373251389676948,2.8029131476333555,2011-12-03T00:00:00Z,2012-01-22T00:00:00Z,2012-02-15T00:00:00Z,2012-04-30T00:00:00Z,16.518271241830064,12.237960784313726,20.68098039215686,73.33815359477124,24.711712418300653,5.450980392156863,125.39999999999999,14.427134320175439,9.465973684210526,19.826973684210525,74.54041118421053,22.929794407894736,4.802631578947368,131.20000000000002
Villa,Sauvignon blanc,2012-04-30T00:00:00Z,4-cane,0.0155949972285839,2012,121,305,2011-2012,2010-2011,8.167109557393793,2.1655880086656607,0.6373251389676948,2.8029131476333555,2011-12-03T00:00:00Z,2012-01-22T00:00:00Z,2012-02-15T00:00:00Z,2012-04-30T00:00:00Z,16.518271241830064,12.237960784313726,20.68098039215686,73.33815359477124,24.711712418300653,5.450980392156863,125.39999999999999,14.427134320175439,9.465973684210526,19.826973684210525,74.54041118421053,22.929794407894736,4.802631578947368,131.20000000000002
Villa,Sauvignon blanc,2013-03-31T00:00:00Z,2-cane,0,2013,90,274,2012-2013,2011-2012,4.321715365530216,1.7899606691740468,0.2878591820858826,2.0778198512599295,2012-11-26T00:00:00Z,2013-01-03T00:00:00Z,2013-01-30T00:00:00Z,2013-03-31T00:00:00Z,17.63763888888889,12.547435897435898,22.884358974358975,70.20737179487179,16.542125,3.5384615384615383,63.27,16.811230812220565,11.262901639344262,22.581639344262296,75.95074391455539,22.56007899738655,4.524590163934426,45.7
Villa,Sauvignon blanc,2013-03-31T00:00:00Z,4-cane,0,2013,90,274,2012-2013,2011-2012,4.321715365530216,1.7899606691740468,0.2878591820858826,2.0778198512599295,2012-11-26T00:00:00Z,2013-01-03T00:00:00Z,2013-01-30T00:00:00Z,2013-03-31T00:00:00Z,17.63763888888889,12.547435897435898,22.884358974358975,70.20737179487179,16.542125,3.5384615384615383,63.27,16.811230812220565,11.262901639344262,22.581639344262296,75.95074391455539,22.56007899738655,4.524590163934426,45.7
Villa,Sauvignon blanc,2014-04-11T00:00:00Z,2-cane,0.09349219024409973,2014,101,285,2013-2014,2012-2013,7.368931227070842,2.5411734648761306,4.006142763684959,6.5473162285610895,2013-11-19T00:00:00Z,2014-01-09T00:00:00Z,2014-01-25T00:00:00Z,2014-04-11T00:00:00Z,17.471294757326007,12.869576923076924,22.326346153846153,74.93676619433198,20.63444471153846,4.5,111.1,15.96454279811098,11.007714285714286,21.16883116883117,81.39300075195368,24.1262775974026,5.194805194805195,43.300000000000004
Villa,Sauvignon blanc,2014-04-11T00:00:00Z,4-cane,0.06885567334124312,2014,101,285,2013-2014,2012-2013,7.368931227070842,2.5411734648761306,4.006142763684959,6.5473162285610895,2013-11-19T00:00:00Z,2014-01-09T00:00:00Z,2014-01-25T00:00:00Z,2014-04-11T00:00:00Z,17.471294757326007,12.869576923076924,22.326346153846153,74.93676619433198,20.63444471153846,4.5,111.1,15.96454279811098,11.007714285714286,21.16883116883117,81.39300075195368,24.1262775974026,5.194805194805195,43.300000000000004
