Oyster Bay - OYB,,,,Data missing from 2003 - day 163 1000 to 176 1000,,,,,,,,,,,,,,,,,,,
,,,,Data missing from 2007 -  day 229 to day 257,,,,,,,,,,,,,,,,,,,
,,,,,,,,,,,,,,,,,,,,,,,
"Max temp, mean rh, rainfall, total solar, windrun and PET and average Daily Temp have been backdated to previous day",,,,,,,,,,,,,,,,,,,,,,,
,,,,,,,,,,,,,,,,,,,,,,,
Column Headings applicable to the daily data output ID 9,,,,,,,,,,Wrong,,PET calculated from hourly radiation so has been correct,,,,,,,,,,,
1,2,3,4,5,6,7,8,9,10,11,12,13,,,,,,,,,,,
ID,Year,Day,Hour,Max,Min,Mean,Total,Min,Min,Total Solar,Total,Total,Average Daily,GDD,Date,7 Day,7 Day,GDD,Rain,GDD,,,
,,,,Temp,Temp,RH,Rain,Grass Temp,Soil Temp,Energy,Wind Run,PET,Temp,>10,,GDD Tot,Rain Tot,1-Sep,1-Sep,1-Jul,,,
,,,,°C,°C,%,mm,°C,°C,mj/m2/day,km,mm,°C,,,,,,,,,,
9,2018,1,900,25.1,14.78,62.49,0,13.29,19.43,20.67,55.81,3.33,19.94,9.94,1/01/2018,,,#REF!,#REF!,,,,
9,2018,2,900,28.34,14.53,59.04,0,13.18,19.95,23.11,58.2,4.077,21.435,11.435,2/01/2018,,,#REF!,#REF!,,,,
9,2018,3,900,29.61,13.51,62.92,0,10.92,20.36,28.43,79.9,5.42,21.56,11.56,3/01/2018,,,#REF!,#REF!,,,,
9,2018,4,900,29.75,13.61,95.5,55.4,11.45,20.67,16.66,58.86,3.221,21.68,11.68,4/01/2018,,,#REF!,#REF!,,,,
9,2018,5,900,24.52,15.98,39.52,1.8,13.87,20.63,17.1,99.5,3.182,20.25,10.25,5/01/2018,,,#REF!,#REF!,,,,
9,2018,6,900,25.46,17.55,73.3,11.2,13.07,19.81,17.9,74.8,3.229,21.505,11.505,6/01/2018,,,#REF!,#REF!,,,,
9,2018,7,900,23.18,9.9,58.49,0.2,8.8,19.79,25.25,59.97,4.044,16.54,6.54,7/01/2018,,,#REF!,#REF!,,,,
9,2018,8,900,27.56,11.15,68.12,0,9.74,20.33,26.99,69.63,4.912,19.355,9.355,8/01/2018,,,#REF!,#REF!,,,,
9,2018,9,900,29.77,11.83,74.1,0,10.19,20.76,14.41,38.29,2.736,20.8,10.8,9/01/2018,,,#REF!,#REF!,,,,
9,2018,10,900,24.26,18.11,96,20.2,14.5,20.02,6.78,78.4,1.139,21.185,11.185,10/01/2018,,,#REF!,#REF!,,,,
9,2018,11,900,19.27,13.71,88.8,2.4,12.63,19.62,8.47,69.77,1.363,16.49,6.49,11/01/2018,,,#REF!,#REF!,,,,
9,2018,12,900,17.42,13.21,93.3,17.2,12.27,18.91,7.44,66.92,1.132,15.315,5.315,12/01/2018,,,#REF!,#REF!,,,,
9,2018,13,900,25.55,13.4,69.38,0.4,12.1,18.9,16.71,31.41,2.698,19.475,9.475,13/01/2018,,,#REF!,#REF!,,,,
9,2018,14,900,29.71,13.48,73.1,0,10.81,19.31,26.52,69.49,5.114,21.595,11.595,14/01/2018,,,#REF!,#REF!,,,,
9,2018,15,900,30.36,15.53,69.64,0,12.89,20.67,24.51,41.29,4.622,22.945,12.945,15/01/2018,,,#REF!,#REF!,,,,
9,2018,16,900,28.92,13.73,62.25,0,11.91,21.16,17.37,33.75,3.164,21.325,11.325,16/01/2018,,,#REF!,#REF!,,,,
9,2018,17,900,23.05,17.34,83.1,28.6,14.54,20.58,8.95,17.91,1.486,20.195,10.195,17/01/2018,,,#REF!,#REF!,,,,
9,2018,18,900,27.21,16.87,63.98,0,15.24,20.6,23.85,67.66,4.159,22.04,12.04,18/01/2018,,,#REF!,#REF!,,,,
9,2018,19,900,26.64,14.54,56.5,0,12.59,21.16,27.87,75,4.561,20.59,10.59,19/01/2018,,,#REF!,#REF!,,,,
9,2018,20,900,31.88,15.02,61.76,0,13.21,21.53,27.31,55.86,5.375,23.45,13.45,20/01/2018,,,#REF!,#REF!,,,,
9,2018,21,900,26.59,16.11,78.3,0,14.35,22.24,22.59,61.23,3.884,21.35,11.35,21/01/2018,,,#REF!,#REF!,,,,
9,2018,22,900,28.66,17.36,62.69,0.4,15.92,21.83,14.58,12.48,2.528,23.01,13.01,22/01/2018,,,#REF!,#REF!,,,,
9,2018,23,900,27.83,14.51,60.72,0,12.87,21.82,26.81,52.89,4.749,21.17,11.17,23/01/2018,,,#REF!,#REF!,,,,
9,2018,24,900,30.42,12.2,69.15,0,11.09,21.85,27.02,46.26,5.182,21.31,11.31,24/01/2018,,,#REF!,#REF!,,,,
9,2018,25,900,29.88,14.16,83.2,0,12.82,22.06,23.06,53.59,4.263,22.02,12.02,25/01/2018,,,#REF!,#REF!,,,,
9,2018,26,900,25.28,18.57,66.08,0,17.01,22.18,19.16,86.6,3.234,21.925,11.925,26/01/2018,,,#REF!,#REF!,,,,
9,2018,27,900,27.79,14.93,93.1,0,13.84,21.9,22.06,43.6,4.017,21.36,11.36,27/01/2018,,,#REF!,#REF!,,,,
9,2018,28,900,25.65,11.83,77,0,11.36,21.89,21.87,59.72,3.715,18.74,8.74,28/01/2018,,,#REF!,#REF!,,,,
9,2018,29,900,28.72,17.83,60.37,0,16.75,22.31,24.89,28.9,4.344,23.275,13.275,29/01/2018,,,#REF!,#REF!,,,,
9,2018,30,900,33.99,15.24,55.57,0,13.07,22.3,25.69,79.1,5.522,24.615,14.615,30/01/2018,,,#REF!,#REF!,,,,
9,2018,31,900,27.25,14.33,93,17.4,12.68,22.21,11.53,136.3,2.602,20.79,10.79,31/01/2018,,,#REF!,#REF!,,,,
9,2018,32,900,25.88,18.79,52.67,8.2,16.11,21.92,23.93,155.3,3.652,22.335,12.335,1/02/2018,,,#REF!,#REF!,,,,
9,2018,33,900,22.56,15.48,77.2,2.8,11.79,20.4,13.74,77.9,2.106,19.02,9.02,2/02/2018,,,#REF!,#REF!,,,,
9,2018,34,900,20.15,9.44,66.02,0,7.85,19.95,16.71,74.1,2.654,14.795,4.795,3/02/2018,,,#REF!,#REF!,,,,
9,2018,35,900,22.89,12.12,52.39,0,11.22,19.94,25.21,130.9,4.231,17.505,7.505,4/02/2018,,,#REF!,#REF!,,,,
9,2018,36,900,25.75,14.7,52.77,0,11.19,19.97,23.76,126.5,4.647,20.225,10.225,5/02/2018,,,#REF!,#REF!,,,,
9,2018,37,900,23.55,12.14,69.97,0,9.47,19.54,16.65,85.6,2.742,17.845,7.845,6/02/2018,,,#REF!,#REF!,,,,
9,2018,38,900,21.02,12.02,64.24,0,10.93,18.89,21.47,68.17,3.417,16.52,6.52,7/02/2018,,,#REF!,#REF!,,,,
9,2018,39,900,21.75,6.906,71.7,0,5.525,18.89,22.8,59.42,3.69,14.328,4.328,8/02/2018,,,#REF!,#REF!,8 Brix Oyster Bay CH,,,
9,2018,40,900,26.72,7.07,78.3,0,5.597,18.62,24.01,41.88,4.302,16.895,6.895,9/02/2018,,,#REF!,#REF!,8 Brix Oyster Bay SB,,,
9,2018,41,900,22.44,10.86,96.2,22.2,8.79,18.61,9.64,5.393,1.655,16.65,6.65,10/02/2018,,,#REF!,#REF!,,,,
9,2018,42,900,25.8,16.61,77.9,79,14.7,19.18,5.727,12.53,0.919,21.205,11.205,11/02/2018,,,#REF!,#REF!,,,,
9,2018,43,900,29.57,16.6,54.83,0,12.85,19.66,24.87,87.4,4.902,23.085,13.085,12/02/2018,,,#REF!,#REF!,,,,
9,2018,44,900,31.67,12.48,65.86,0,9.42,19.66,24.25,45.9,4.76,22.075,12.075,13/02/2018,,,#REF!,#REF!,,,,
9,2018,45,900,25.46,15.42,67.04,0,13,19.94,15.12,68.48,2.453,20.44,10.44,14/02/2018,,,#REF!,#REF!,,,,
9,2018,46,900,27.52,13.31,56.49,0,10.77,20.24,20.89,82.1,3.954,20.415,10.415,15/02/2018,,,#REF!,#REF!,,,,
9,2018,47,900,30.8,12.34,60.03,0,9.49,20,24.31,125.9,5.027,21.57,11.57,16/02/2018,,,#REF!,#REF!,,,,
9,2018,48,900,27.85,14.43,54.3,0,10.74,19.98,22.52,104.5,4.202,21.14,11.14,17/02/2018,,,#REF!,#REF!,,,,
9,2018,49,900,31.74,11.86,56.73,0,9.05,20.34,23.78,138.8,4.98,21.8,11.8,18/02/2018,,,#REF!,#REF!,,,,
9,2018,50,900,27.44,16.97,96.3,27.6,12.25,20.31,13.98,73.3,2.826,22.205,12.205,19/02/2018,,,#REF!,#REF!,,,,
9,2018,51,900,20.14,15.44,57.07,91.6,13.38,20.3,5.058,61.02,0.708,17.79,7.79,20/02/2018,,,#REF!,#REF!,,,,
9,2018,52,900,22.29,13.3,85.5,27.8,10.64,18.76,14.49,71.2,2.528,17.795,7.795,21/02/2018,,,#REF!,#REF!,,,,
9,2018,53,900,20.37,9.67,73,0,8.14,17.84,20.75,51.63,3.151,15.02,5.02,22/02/2018,,,#REF!,#REF!,,,,
9,2018,54,900,24.45,8.39,71.8,0,5.597,17.81,23.16,49.17,3.85,16.42,6.42,23/02/2018,,,#REF!,#REF!,,,,
9,2018,55,900,25.74,9.5,49.93,0,7.52,17.9,22.44,63.1,3.91,17.62,7.62,24/02/2018,,,#REF!,#REF!,,,,
9,2018,56,900,25.46,11.43,95.7,16.4,8.38,18.34,21.07,153.4,4.017,18.445,8.445,25/02/2018,,,#REF!,#REF!,,,,
9,2018,57,900,20.48,12.52,95.2,6,10.74,18.48,13.46,63.57,1.842,16.5,6.5,26/02/2018,,,#REF!,#REF!,,,,
9,2018,58,900,17.79,6.805,93.5,8.4,4.613,17.51,9.25,37.32,1.437,12.2975,2.2975,27/02/2018,,,#REF!,#REF!,,,,
9,2018,59,900,21.6,11.52,86.2,0.2,9.76,17.46,9.83,11.98,1.479,16.56,6.56,28/02/2018,,,#REF!,#REF!,,,,
9,2018,60,900,27.61,13.15,83.3,0,10.24,17.45,15.52,11.8,2.626,20.38,10.38,1/03/2018,,,#REF!,#REF!,,,,
9,2018,61,900,25.1,15.93,74.1,1,13.28,18.07,9.87,13.14,1.621,20.515,10.515,2/03/2018,,,#REF!,#REF!,,,,
9,2018,62,900,28.51,15.68,75.6,0,12.41,18.75,19.45,29.43,3.381,22.095,12.095,3/03/2018,,,#REF!,#REF!,,,,
9,2018,63,900,26.84,13.27,70.9,0,10.72,18.98,15.25,33.98,2.609,20.055,10.055,4/03/2018,,,#REF!,#REF!,,,,
9,2018,64,900,27.77,13.78,96.8,0,11.24,19.04,16.59,39.5,2.94,20.775,10.775,5/03/2018,,,#REF!,#REF!,,,,
9,2018,65,900,22.38,10.93,89.9,1.8,8.88,19.08,10.76,80.9,1.663,16.655,6.655,6/03/2018,,,#REF!,#REF!,,,,
9,2018,66,900,16.05,12.18,71.1,1.8,10.09,18.89,5.162,93.2,0.907,14.115,4.115,7/03/2018,,,#REF!,#REF!,,,,
9,2018,67,900,21.28,12.25,73.6,0,8.59,17.93,15.81,82.4,2.381,16.765,6.765,8/03/2018,,,#REF!,#REF!,,,,
9,2018,68,900,22.63,7.69,87.6,0,5.297,17.41,16.55,72.9,2.763,15.16,5.16,9/03/2018,,,#REF!,#REF!,,,,
9,2018,69,900,20.02,4.411,75.9,0,2.216,16.58,20.16,39.56,2.984,12.2155,2.2155,10/03/2018,,,#REF!,#REF!,,,,
9,2018,70,900,21.58,4.737,76.6,0,2.667,16,20.8,34.75,3.172,13.1585,3.1585,11/03/2018,,,#REF!,#REF!,,,,
9,2018,71,900,26.89,7.45,52.32,0,4.762,15.96,16.97,44.76,2.887,17.17,7.17,12/03/2018,,,#REF!,#REF!,,,,
9,2018,72,900,27.58,8.87,58.55,0,5.718,16.15,17.06,88.4,3.329,18.225,8.225,13/03/2018,,,#REF!,#REF!,,,,
9,2018,73,900,25.89,6.155,57.65,0,3.311,16.25,20.45,78.1,3.468,16.0225,6.0225,14/03/2018,,,#REF!,#REF!,,,,
9,2018,74,900,26.17,12.62,67.57,0,7.71,16.2,17.81,111.3,3.365,19.395,9.395,15/03/2018,,,#REF!,#REF!,,,,
9,2018,75,900,27.94,15.19,74,0,10.34,16.78,14.62,140.2,2.655,21.565,11.565,16/03/2018,,,#REF!,#REF!,,,,
9,2018,76,900,17.74,11.25,66.71,0,9.44,17.2,10.51,57.64,1.61,14.495,4.495,17/03/2018,,,#REF!,#REF!,,,,
9,2018,77,900,23.57,6.415,74.4,0,3.341,16.36,19.13,39.45,2.967,14.9925,4.9925,18/03/2018,,,#REF!,#REF!,,,,
9,2018,78,900,25.65,8.55,63.05,0,5.451,16.32,18.44,52.18,3.16,17.1,7.1,19/03/2018,,,#REF!,#REF!,,,,
9,2018,79,900,25.72,8.3,72.7,0,5.403,16.4,16.44,69.13,2.927,17.01,7.01,20/03/2018,,,#REF!,#REF!,,,,
9,2018,80,900,27.62,9.89,96.1,27.2,5.912,16.38,16.68,92.2,3.073,18.755,8.755,21/03/2018,,,#REF!,#REF!,,,,
9,2018,81,900,13.2,12.35,96,22.4,10.28,16.55,4.391,46.82,0.565,12.775,2.775,22/03/2018,,,#REF!,#REF!,,,,
9,2018,82,900,13.73,9.77,96.6,17.8,8.22,16.16,3.551,0.115,0.707,11.75,1.75,23/03/2018,,,#REF!,#REF!,,,,
9,2018,83,900,20.02,10.59,84.5,4.2,9.7,15.95,9.49,15.89,1.35,15.305,5.305,24/03/2018,,,#REF!,#REF!,,,,
9,2018,84,900,22.21,8.25,63.77,0,5.23,15.72,13.32,51.54,2.114,15.23,5.23,25/03/2018,,,#REF!,#REF!,,,,
9,2018,85,900,25.4,9.27,78.5,0,5.244,15.67,17.46,75.2,3.057,17.335,7.335,26/03/2018,,,#REF!,#REF!,,,,
9,2018,86,900,26.37,10.13,78.7,4.4,6.669,15.64,13,85.7,2.468,18.25,8.25,27/03/2018,,,#REF!,#REF!,,,,
9,2018,87,900,25.77,13.39,84.9,0,9.78,15.85,16.8,26.68,2.755,19.58,9.58,28/03/2018,,,#REF!,#REF!,,,,
9,2018,88,900,23.43,8.04,82.5,0,5.473,16.32,13.96,37.28,2.093,15.735,5.735,29/03/2018,,,#REF!,#REF!,,,,
9,2018,89,900,22.89,6.929,54.56,0,4.395,15.59,17.16,43.7,2.622,14.9095,4.9095,30/03/2018,,,#REF!,#REF!,,,,
9,2018,90,900,24.55,9.67,68.51,0,5.661,15.53,14.83,108.4,2.526,17.11,7.11,31/03/2018,,,#REF!,#REF!,21.5 Brix Oyster Bay CH,,,
9,2018,91,900,22.03,6.913,55.4,0,3.826,15.68,17.72,29.1,2.609,14.4715,4.4715,1/04/2018,,,#REF!,#REF!,,,,
9,2018,92,900,23.34,4.975,65.56,0,1.382,14.89,14.05,72.9,2.313,14.1575,4.1575,2/04/2018,,,#REF!,#REF!,,,,
9,2018,93,900,25.35,14.72,48.5,0,9.29,14.88,10.01,79.6,1.809,20.035,10.035,3/04/2018,,,#REF!,#REF!,,,,
9,2018,94,900,24.77,14.29,74.7,0,9.38,15.76,13.22,212.4,2.838,19.53,9.53,4/04/2018,,,#REF!,#REF!,,,,
9,2018,95,900,20.7,12.05,90.3,0,6.867,15.8,14.98,45.54,2.111,16.375,6.375,5/04/2018,,,#REF!,#REF!,,,,
9,2018,96,900,27.81,5.089,74.8,0,1.816,15.04,16.15,88.5,2.758,16.4495,6.4495,6/04/2018,,,#REF!,#REF!,,,,
9,2018,97,900,25.23,11.41,90.9,0,7.68,14.95,12.85,85.4,2.12,18.32,8.32,7/04/2018,,,#REF!,#REF!,,,,
9,2018,98,900,20.67,9.24,89.1,0,6.586,15.45,8.74,64.23,1.555,14.955,4.955,8/04/2018,,,#REF!,#REF!,,,,
9,2018,99,900,17.87,8.41,89.7,32.2,5.659,15.14,9.96,69.84,1.453,13.14,3.14,9/04/2018,,,#REF!,#REF!,,,,
9,2018,100,900,10.55,6.792,53.17,0,4.94,14.66,3.401,58.34,0.531,8.671,0,10/04/2018,,,#REF!,#REF!,21.5 Brix Oyster Bay SB,,,
9,2018,101,900,15.45,1.99,67.6,0,-0.801,12.99,13.01,79.2,1.793,8.72,0,11/04/2018,,,#REF!,#REF!,,,,
9,2018,102,900,18.25,0.087,64.78,0,-2.456,12.08,8.96,59.4,1.183,9.1685,0,12/04/2018,,,#REF!,#REF!,,,,
9,2018,103,900,17.92,5.21,94.8,0,1.352,11.98,10.18,39.8,1.557,11.565,1.565,13/04/2018,,,#REF!,#REF!,,,,
9,2018,104,900,13.25,8.3,83.8,0,6.337,12.27,4.964,19.2,0.735,10.775,0.775,14/04/2018,,,#REF!,#REF!,,,,
9,2018,105,900,19.34,2.923,84.5,26.2,-0.131,12.52,10.82,19.6,1.517,11.1315,1.1315,15/04/2018,,,#REF!,#REF!,,,,
9,2018,106,900,21.63,10.65,73,1.2,8.46,12.49,10.62,84.7,1.698,16.14,6.14,16/04/2018,,,#REF!,#REF!,,,,
9,2018,107,900,22.83,6.591,65.77,0,2.452,13.03,9.81,63.16,1.592,14.7105,4.7105,17/04/2018,,,#REF!,#REF!,,,,
9,2018,108,900,17.82,5.883,73.7,0,1.738,12.79,12.14,71.6,1.943,11.8515,1.8515,18/04/2018,,,#REF!,#REF!,,,,
9,2018,109,900,21.37,0.997,60.03,0,-2.145,11.67,12.86,165.7,2.218,11.1835,1.1835,19/04/2018,,,#REF!,#REF!,,,,
9,2018,110,900,21.48,12.38,58.49,0,6.864,11.59,9.46,45.21,1.615,16.93,6.93,20/04/2018,,,#REF!,#REF!,,,,
9,2018,111,900,23.39,6.782,82.9,0,2.111,12.58,13.21,85.7,2.352,15.086,5.086,21/04/2018,,,#REF!,#REF!,,,,
9,2018,112,900,17.7,4.884,88.2,0,1.524,12.64,13.31,28.37,1.734,11.292,1.292,22/04/2018,,,#REF!,#REF!,,,,
9,2018,113,900,19.94,1.789,85.3,0,-0.872,11.86,13.31,32.58,1.756,10.8645,0.8645,23/04/2018,,,#REF!,#REF!,,,,
9,2018,114,900,19.98,2.03,75.1,0,-1.206,11.46,12.66,60.73,1.907,11.005,1.005,24/04/2018,,,#REF!,#REF!,,,,
9,2018,115,900,20.47,3.628,88.6,0,-0.419,11.35,12.52,29.97,1.757,12.049,2.049,25/04/2018,,,#REF!,#REF!,,,,
9,2018,116,900,21.29,2.448,85.8,0,-0.665,11.16,12.19,32.59,1.669,11.869,1.869,26/04/2018,,,#REF!,#REF!,,,,
9,2018,117,900,19.68,3.456,85.9,0,0.628,11.08,8.27,40.46,1.306,11.568,1.568,27/04/2018,,,#REF!,#REF!,,,,
9,2018,118,900,15.69,9.95,96.7,31.6,6.026,11.12,3.591,8.65,0.529,12.82,2.82,28/04/2018,,,#REF!,#REF!,,,,
9,2018,119,900,15.9,12.18,96.8,5.4,9.64,12.08,3.723,8.43,0.524,14.04,4.04,29/04/2018,,,#REF!,#REF!,,,,
9,2018,120,900,14.05,11.22,95.8,0.2,8.58,12.71,2.654,25.62,0.343,12.635,2.635,30/04/2018,,,#REF!,#REF!,,,,
9,2018,121,900,15.76,9.6,93.4,0,6.758,13.01,6.565,24.86,0.883,12.68,2.68,1/05/2018,,,,,,,,
9,2018,122,900,15.63,6.748,85.5,0,3.121,12.81,8.87,61.64,1.107,11.189,1.189,2/05/2018,,,,,,,,
9,2018,123,900,18.6,3.197,96.6,0,0.121,12.16,11.29,36.36,1.434,10.8985,0.8985,3/05/2018,,,,,,,,
9,2018,124,900,17.75,4.213,85.3,0,1.437,11.66,8.69,35.06,1.083,10.9815,0.9815,4/05/2018,,,,,,,,
9,2018,125,900,17.77,4.555,71.9,14.4,0.715,11.47,6.048,103,0.967,11.1625,1.1625,5/05/2018,,,,,,,,
9,2018,126,900,20.11,11,69.64,0,6.128,11.44,11.41,144,1.892,15.555,5.555,6/05/2018,,,,,,,,
9,2018,127,900,18.92,4.31,58.86,0,-0.426,11.87,10.9,298.3,2.153,11.615,1.615,7/05/2018,,,,,,,,
9,2018,128,900,21.64,11.36,56.5,0,6.039,11.72,9.77,188.3,1.804,16.5,6.5,8/05/2018,,,,,,,,
9,2018,129,900,23.38,11.81,80.6,0,5.085,12.1,10.42,85.5,1.819,17.595,7.595,9/05/2018,,,,,,,,
9,2018,130,900,18.56,6.252,89.4,0.6,2.527,12.11,5.249,35.31,0.843,12.406,2.406,10/05/2018,,,,,,,,
9,2018,131,900,17.51,9.24,82,1.4,4.83,12.06,3.284,75.2,0.487,13.375,3.375,11/05/2018,,,,,,,,
9,2018,132,900,15.16,9.67,94.2,28.4,3.094,12.23,2.829,128.1,0.534,12.415,2.415,12/05/2018,,,,,,,,
9,2018,133,900,14.24,7.25,91,2.6,4.936,11.83,5.502,61.85,0.592,10.745,0.745,13/05/2018,,,,,,,,
9,2018,134,900,16.8,5.622,96.2,2.2,1.709,11.3,6.728,18.53,0.836,11.211,1.211,14/05/2018,,,,,,,,
9,2018,135,900,13.02,9.16,96.4,23.8,7.74,11.28,2.204,16.77,0.266,11.09,1.09,15/05/2018,,,,,,,,
9,2018,136,900,13.91,10.72,87.8,27,7.06,11.99,2.828,38.83,0.349,12.315,2.315,16/05/2018,,,,,,,,
9,2018,137,900,15.15,2.897,78.5,0,-1.168,11.48,8.33,114.6,1.133,9.0235,0,17/05/2018,,,,,,,,
9,2018,138,900,18.3,5.494,93.1,12.6,-0.417,11,7.95,76.3,1.122,11.897,1.897,18/05/2018,,,,,,,,
9,2018,139,900,19.62,7.23,60.79,0.2,2.813,10.97,8.96,174.6,1.378,13.425,3.425,19/05/2018,,,,,,,,
9,2018,140,900,17.72,7.59,60.7,1,1.016,10.95,7.75,294.5,1.538,12.655,2.655,20/05/2018,,,,,,,,
9,2018,141,900,16.33,9.85,77,0,4.427,10.85,8.3,183.6,1.451,13.09,3.09,21/05/2018,,,,,,,,
9,2018,142,900,15.97,4.284,90.9,16.4,-0.112,10.4,5.302,109,0.915,10.127,0.127,22/05/2018,,,,,,,,
9,2018,143,900,14.29,3.05,76.3,0.2,-1.017,10.35,7.86,103,0.962,8.67,0,23/05/2018,,,,,,,,
9,2018,144,900,13.6,1.121,87.7,2.8,-2.126,9.46,6.758,151.5,0.919,7.3605,0,24/05/2018,,,,,,,,
9,2018,145,900,14.48,2.54,89.1,0,-1.586,9.27,8.33,97.1,0.948,8.51,0,25/05/2018,,,,,,,,
9,2018,146,900,14.21,-1.376,89.8,0.2,-3.518,8.43,7.82,89.4,0.946,6.417,0,26/05/2018,,,,,,,,
9,2018,147,900,14.71,3.211,91.6,1.6,-2.35,8.29,6.535,60.04,0.911,8.9605,0,27/05/2018,,,,,,,,
9,2018,148,900,12.35,-0.625,88.7,0.2,-3.984,8,8.92,73.3,1.116,5.8625,0,28/05/2018,,,,,,,,
9,2018,149,900,12.03,-1.995,89.8,0,-4.54,7.32,8.65,88.6,0.943,5.0175,0,29/05/2018,,,,,,,,
9,2018,150,900,11.96,-1.175,90.8,0,-3.745,6.928,8.53,99,0.851,5.3925,0,30/05/2018,,,,,,,,
9,2018,151,900,12.84,0.644,87.2,0,-2.764,6.812,6.623,60.4,0.724,6.742,0,31/05/2018,,,,,,,,
9,2018,152,900,14.41,2.399,83.6,0.2,-0.324,6.918,6.441,134.4,0.751,8.4045,0,1/06/2018,,,,,,,,
9,2018,153,900,12.1,3.076,88.3,0.4,-0.662,7.49,3.501,87.5,0.402,7.588,0,2/06/2018,,,,,,,,
9,2018,154,900,12.07,4.402,95.3,1.6,0.891,7.52,2.236,70.5,0.288,8.236,0,3/06/2018,,,,,,,,
9,2018,155,900,12.15,7.01,95.4,5.4,4.843,7.91,1.938,54.11,0.211,9.58,0,4/06/2018,,,,,,,,
9,2018,156,900,15.48,4.75,90.3,0.2,1.426,8.68,6.854,52.14,0.773,10.115,0.115,5/06/2018,,,,,,,,
9,2018,157,900,10.79,2.01,85.8,0,-2.057,8.45,4.201,55.52,0.526,6.4,0,6/06/2018,,,,,,,,
9,2018,158,900,12.55,-1.296,96.9,0.8,-3.781,7.38,4.97,38.5,0.45,5.627,0,7/06/2018,,,,,,,,
9,2018,159,900,13.09,-0.842,77.2,0.2,-3.209,6.906,8.38,91.7,0.841,6.124,0,8/06/2018,,,,,,,,
9,2018,160,900,15.94,-0.069,85.6,0,-2.801,6.718,6.835,134.2,1.044,7.9355,0,9/06/2018,,,,,,,,
9,2018,161,900,18.03,3.389,92.9,0,-1.424,6.691,6.886,36.5,0.819,10.7095,0.7095,10/06/2018,,,,,,,,
9,2018,162,900,13.74,3.69,64.78,0,-0.672,7.47,3.389,354.7,1.125,8.715,0,11/06/2018,,,,,,,,
9,2018,163,900,11.7,6.518,88.8,5,4.055,7.71,1.458,135.4,0.366,9.109,0,12/06/2018,,,,,,,,
9,2018,164,900,12.36,9.33,96.6,14,6.116,8.38,2.261,63.72,0.283,10.845,0.845,13/06/2018,,,,,,,,
9,2018,165,900,16.6,4.109,95.7,0.2,0.224,8.8,7.71,90.2,0.885,10.3545,0.3545,14/06/2018,,,,,,,,
9,2018,166,900,18.24,2.996,95.6,0,0.219,8.57,5.746,64.04,0.599,10.618,0.618,15/06/2018,,,,,,,,
9,2018,167,900,17.52,2.882,82.5,1.6,-0.978,8.39,5.831,108.7,0.8,10.201,0.201,16/06/2018,,,,,,,,
9,2018,168,900,17.02,6.202,87.8,0,1.623,8.29,6.371,167.3,1.134,11.611,1.611,17/06/2018,,,,,,,,
9,2018,169,900,7.62,2.389,95.5,20.8,-1.038,8.69,1.261,44.74,0.134,5.0045,0,18/06/2018,,,,,,,,
9,2018,170,900,14.1,3.329,96.9,0.2,1.234,8.31,7.61,102.8,0.895,8.7145,0,19/06/2018,,,,,,,,
9,2018,171,900,9.67,-0.859,96.3,0.2,-2.652,7.58,4.441,126.4,0.459,4.4055,0,20/06/2018,,,,,,,,
9,2018,172,900,10.56,-0.866,87.3,0,-3.409,7.26,5.876,109.4,0.579,4.847,0,21/06/2018,,,,,,,,
9,2018,173,900,11.58,-0.658,91.3,0,-3.66,6.745,8.01,98.4,0.735,5.461,0,22/06/2018,,,,,,,,
9,2018,174,900,13.91,-2.404,77,0,-4.692,5.938,7.91,79.5,0.738,5.753,0,23/06/2018,,,,,,,,
9,2018,175,900,15.41,0.306,80.5,0,-3.583,5.811,5.75,239.1,1.161,7.858,0,24/06/2018,,,,,,,,
9,2018,176,900,12.32,3.891,77.8,0,-2.244,6.155,7.23,187.8,1.053,8.1055,0,25/06/2018,,,,,,,,
9,2018,177,900,11.56,2.416,78.3,0,-3.322,6.463,6.426,207.1,1.105,6.988,0,26/06/2018,,,,,,,,
9,2018,178,900,14.34,-0.463,77.9,0,-4.215,5.694,7.76,174.5,0.899,6.9385,0,27/06/2018,,,,,,,,
9,2018,179,900,14.29,1.497,85.6,0,-3.129,5.591,7.54,133.7,0.869,7.8935,0,28/06/2018,,,,,,,,
9,2018,180,900,14.55,-0.517,86.7,0,-3.953,5.618,7.94,132.9,0.846,7.0165,0,29/06/2018,,,,,,,,
9,2018,181,900,14.29,-1.225,86.2,0,-4.049,5.297,7.66,92,0.786,6.5325,0,30/06/2018,,,,,,,,
9,2018,182,900,10.11,0.208,77.9,9.6,-3.276,5.192,2.347,105.6,0.284,5.159,0,1/07/2018,,,,,,,,
9,2018,183,900,14.41,5.33,97.5,0.6,-1.197,5.332,5.745,46.68,0.658,9.87,0,2/07/2018,,,,,,,,
9,2018,184,900,13.23,-0.18,88.9,0.2,-2.603,6.046,8.37,115.3,0.841,6.525,0,3/07/2018,,,,,,,,
9,2018,185,900,13.63,-2.172,85.4,0.2,-4.47,5.382,7.72,93.9,0.798,5.729,0,4/07/2018,,,,,,,,
9,2018,186,900,12.39,-0.023,84.6,0,-3.713,5.145,6.207,66.37,0.617,6.1835,0,5/07/2018,,,,,,,,
9,2018,187,900,16.3,-0.143,70.6,0,-3.226,5.079,7.4,153,0.939,8.0785,0,6/07/2018,,,,,,,,
9,2018,188,900,15.71,4.931,95.9,20.6,-2.443,5.197,3.453,146.3,0.493,10.3205,0.3205,7/07/2018,,,,,,,,
9,2018,189,900,15.64,6.973,88.2,56.6,1.675,6.424,0.798,117.2,0.226,11.3065,1.3065,8/07/2018,,,,,,,,
9,2018,190,900,13.82,7.58,89.5,0.2,2.91,7.18,4.305,162.4,0.714,10.7,0.7,9/07/2018,,,,,,,,
9,2018,191,900,14.01,1.594,80,0,-2.375,7.49,8.3,130.5,0.925,7.802,0,10/07/2018,,,,,,,,
9,2018,192,900,14.2,0.628,77.9,0,-3.143,6.589,8.09,236.9,1.042,7.414,0,11/07/2018,,,,,,,,
9,2018,193,900,10.64,3.359,87.8,0,-1.042,6.435,4.41,95.9,0.548,6.9995,0,12/07/2018,,,,,,,,
9,2018,194,900,14.5,1.785,86.2,0,-2.416,6.747,8.57,166.4,1.188,8.1425,0,13/07/2018,,,,,,,,
9,2018,195,900,15.82,1.054,89.3,0,-2.8,6.412,6.385,92.1,0.677,8.437,0,14/07/2018,,,,,,,,
9,2018,196,900,10.64,2.243,96.1,15,-2.082,6.341,3.307,77.3,0.389,6.4415,0,15/07/2018,,,,,,,,
9,2018,197,900,16.99,4.469,70.1,0,2.696,6.476,7.73,117.3,0.858,10.7295,0.7295,16/07/2018,,,,,,,,
9,2018,198,900,16.71,5.099,78.9,0,0.034,7.27,8.83,207.8,1.401,10.9045,0.9045,17/07/2018,,,,,,,,
9,2018,199,900,15.8,2.191,77.2,0,-2.223,7.08,8.85,127.3,1.041,8.9955,0,18/07/2018,,,,,,,,
9,2018,200,900,14.59,1.45,86.3,0,-2.514,6.569,5.058,101.6,0.654,8.02,0,19/07/2018,,,,,,,,
9,2018,201,900,17.45,1.842,75.1,0,-2.413,6.333,8.91,138.3,1.14,9.646,0,20/07/2018,,,,,,,,
9,2018,202,900,14.14,4.817,87.8,13.4,-2.865,6.257,2.94,141.8,0.447,9.4785,0,21/07/2018,,,,,,,,
9,2018,203,900,15.36,4.554,83.4,0,-0.217,6.616,7.43,129.5,1.039,9.957,0,22/07/2018,,,,,,,,
9,2018,204,900,10.23,1.735,92.1,9,-2.583,6.891,3.945,37.81,0.464,5.9825,0,23/07/2018,,,,,,,,
9,2018,205,900,9.61,4.786,95.2,0,-0.163,6.771,5.22,37.05,0.543,7.198,0,24/07/2018,,,,,,,,
9,2018,206,900,12.03,1.741,88,0,-2.154,6.757,7.06,67.63,0.755,6.8855,0,25/07/2018,,,,,,,,
9,2018,207,900,14.92,0.355,66.77,0,-2.657,6.388,9.45,217.9,1.528,7.6375,0,26/07/2018,,,,,,,,
9,2018,208,900,15.41,0.336,56.08,0,-3.009,6.337,7.55,176.6,1.193,7.873,0,27/07/2018,,,,,,,,
9,2018,209,900,16.47,6.303,83.1,0,-0.045,6.352,9.18,193.8,1.643,11.3865,1.3865,28/07/2018,,,,,,,,
9,2018,210,900,16.61,4.089,87.5,0,-0.988,6.845,10.05,162.5,1.634,10.3495,0.3495,29/07/2018,,,,,,,,
9,2018,211,900,13.44,-1.442,81.8,0,-3.052,6.735,10.05,50.4,1.151,5.999,0,30/07/2018,,,,,,,,
9,2018,212,900,11.63,2.422,83.4,2.4,-1.594,6.526,4.131,94.3,0.51,7.026,0,31/07/2018,,,,,,,,
9,2018,213,900,18.2,6.041,82.3,0,2.302,6.65,10.28,177.3,1.582,12.1205,2.1205,1/08/2018,,,,,,,,
9,2018,214,900,12.06,3.506,93.5,17.8,0.277,7.23,3.169,110,0.421,7.783,0,2/08/2018,,,,,,,,
9,2018,215,900,15.42,2.926,91.3,0.4,0.363,7.32,9.51,94.5,1.076,9.173,0,3/08/2018,,,,,,,,
9,2018,216,900,12.95,2.107,83.7,0.6,-0.048,7.37,5.775,104.2,0.739,7.5285,0,4/08/2018,,,,,,,,
9,2018,217,900,12.75,3.919,96.2,19.8,1.574,7.23,4.51,61.17,0.601,8.3345,0,5/08/2018,,,,,,,,
9,2018,218,900,16.48,7.54,96,0.2,4.835,7.68,6.557,61.47,0.77,12.01,2.01,6/08/2018,,,,,,,,
9,2018,219,900,14.01,3.774,76.5,0.2,1.348,8.37,5.983,64.84,0.761,8.892,0,7/08/2018,,,,,,,,
9,2018,220,900,13.66,7.25,95.7,22.8,4.757,8.26,2.446,60.4,0.348,10.455,0.455,8/08/2018,,,,,,,,
9,2018,221,900,18.45,4.331,82.7,0,1.671,8.66,10.75,98.1,1.368,11.3905,1.3905,9/08/2018,,,,,,,,
9,2018,222,900,15.68,4.794,86.8,0,2.088,8.53,7.34,104.7,0.938,10.237,0.237,10/08/2018,,,,,,,,
9,2018,223,900,16.17,5.317,96.3,0,2.866,8.49,11.4,78.5,1.376,10.7435,0.7435,11/08/2018,,,,,,,,
9,2018,224,900,18.46,1.861,86.9,0,0.228,8.17,11.74,60.79,1.421,10.1605,0.1605,12/08/2018,,,,,,,,
9,2018,225,900,15.63,0.732,95.1,0.8,-1.189,7.65,9.41,87.7,1.29,8.181,0,13/08/2018,,,,,,,,
9,2018,226,900,15.81,4.266,96.3,6.6,2.485,7.52,5.771,36.65,0.629,10.038,0.038,14/08/2018,,,,,,,,
9,2018,227,900,16.63,7.07,55.82,0,4.309,8.11,10.42,130.2,1.412,11.85,1.85,15/08/2018,,,,,,,,
9,2018,228,900,17.99,1.604,84.2,0,-0.385,8.26,11.54,142.7,1.813,9.797,0,16/08/2018,,,,,,,,
9,2018,229,900,16.92,5.065,91.3,0,1.912,8.23,11.09,152,1.774,10.9925,0.9925,17/08/2018,,,,,,,,
9,2018,230,900,12.82,2.677,87,0,0.312,8.27,10.93,107.2,1.372,7.7485,0,18/08/2018,,,,,,,,
9,2018,231,900,15.3,-0.302,94.4,9.2,-1.742,7.9,12.47,100.3,1.6,7.499,0,19/08/2018,,,,,,,,
9,2018,232,900,6.603,2.1,94.8,33.4,0.181,7.72,1.363,158.2,0.128,4.3515,0,20/08/2018,,,,,,,,
9,2018,233,900,13.59,4.585,84.1,1.4,1.637,7.26,5.662,85.2,0.804,9.0875,0,21/08/2018,,,,,,,,
9,2018,234,900,14.92,3.476,77.9,0,0.027,7.26,10.73,224.4,1.713,9.198,0,22/08/2018,,,,,,,,
9,2018,235,900,15.04,1.748,86.9,0.2,-0.968,7.19,9.33,113.1,1.169,8.394,0,23/08/2018,,,,,,,,
9,2018,236,900,14.96,0.556,71.7,0,-0.994,7.1,12.87,117.9,1.616,7.758,0,24/08/2018,,,,,,,,
9,2018,237,900,15.69,1.906,84.7,0,-0.373,7.19,10.66,182.9,1.415,8.798,0,25/08/2018,,,,,,,,
9,2018,238,900,17.84,0.248,85.2,0,-1.807,7.13,14.01,86.8,1.853,9.044,0,26/08/2018,,,,,,,,
9,2018,239,900,20.46,1.112,76,0,-1.464,7.17,14.09,113.6,2.1,10.786,0.786,27/08/2018,,,,,,,,
9,2018,240,900,18.14,3.106,94.3,1.2,0.397,7.26,11.34,85.2,1.679,10.623,0.623,28/08/2018,,,,,,,,
9,2018,241,900,10.49,6.913,86,10,4.088,7.71,4.259,49.03,0.448,8.7015,0,29/08/2018,,,,,,,,
9,2018,242,900,17.43,3.462,86.9,0,0.614,8.13,14.22,105.2,1.906,10.446,0.446,30/08/2018,,,,,,,,
9,2018,243,900,15.3,3.006,79,0.4,1.018,8.06,6.255,43.19,0.867,9.153,0,31/08/2018,,,,,,,,
9,2018,244,900,19.91,3.925,94.2,4.4,1.389,8.13,14,122.7,2.337,11.9175,1.9175,1/09/2018,,,1.9175,4.4,,,,
9,2018,245,900,15.56,6.926,90.5,6,3.606,8.19,5.942,67.64,0.734,11.243,1.243,2/09/2018,,,3.1605,10.4,,,,
9,2018,246,900,11.16,7.62,79,0.6,4.748,8.69,4.556,94.9,0.688,9.39,0,3/09/2018,,,3.1605,11,,,,
9,2018,247,900,15.57,0.795,63.94,0,-1.158,8.29,14.99,282.4,2.3,8.1825,0,4/09/2018,,,3.1605,11,,,,
9,2018,248,900,13.91,1.845,83.4,0,-0.44,8.12,14.72,276.7,2.088,7.8775,0,5/09/2018,,,3.1605,11,,,,
9,2018,249,900,14.13,3.281,77.8,0,1.372,8.07,11.91,220.6,1.782,8.7055,0,6/09/2018,,,3.1605,11,,,,
9,2018,250,900,13.51,-1.195,82.4,0,-2.797,7.5,16.61,191.2,2.101,6.1575,0,7/09/2018,,,3.1605,11,,,,
9,2018,251,900,12.66,-2.078,74.4,0,-2.709,7.21,16.42,126.1,1.899,5.291,0,8/09/2018,,,3.1605,11,,,,
9,2018,252,900,11.89,4.973,88.5,0,3.004,7.11,15.27,99.3,1.773,8.4315,0,9/09/2018,,,3.1605,11,,,,
9,2018,253,900,11.84,1.761,82,0,-0.516,7.83,12.17,109.9,1.385,6.8005,0,10/09/2018,,,3.1605,11,,,,
9,2018,254,900,13.94,5.739,82.6,0,4.293,7.8,14.8,139.7,1.751,9.8395,0,11/09/2018,,,3.1605,11,,,,
9,2018,255,900,20.47,1.752,60.09,0,-0.216,8.16,16.22,89,2.394,11.111,1.111,12/09/2018,,,4.2715,11,,,,
9,2018,256,900,22.33,2.513,62.65,0,-0.228,8.1,14.83,293.9,3.06,12.4215,2.4215,13/09/2018,,,6.693,11,,,,
9,2018,257,900,24.56,12.16,80.5,0,6.482,8.62,17,159.6,2.961,18.36,8.36,14/09/2018,,,15.053,11,,,,
9,2018,258,900,21.57,7.02,80.6,0,3.952,9.64,17.52,99.3,2.745,14.295,4.295,15/09/2018,,,19.348,11,,,,
9,2018,259,900,18.58,4.439,93.1,8.2,2.393,10.05,12.45,168.3,1.99,11.5095,1.5095,16/09/2018,,,20.8575,19.2,,,,
9,2018,260,900,17.15,10.03,66.87,8.2,6.81,10,7.53,146.5,1.074,13.59,3.59,17/09/2018,,,24.4475,27.4,,,,
9,2018,261,900,14.85,6.682,80.7,0,2.932,10.58,18.15,176.4,2.083,10.766,0.766,18/09/2018,,,25.2135,27.4,,,,
9,2018,262,900,20.97,1.886,66.09,0,0.297,9.74,18.85,186.6,2.706,11.428,1.428,19/09/2018,,,26.6415,27.4,,,,
9,2018,263,900,23.43,5.33,72,0,2.452,9.67,17.85,114,3.162,14.38,4.38,20/09/2018,,,31.0215,27.4,,,,
9,2018,264,900,15.91,4.69,88.2,0,2.036,9.9,9.61,95.7,1.36,10.3,0.3,21/09/2018,,,31.3215,27.4,,,,
9,2018,265,900,14.94,3.325,80.7,0,1.518,9.97,17.11,99.4,2.09,9.1325,0,22/09/2018,,,31.3215,27.4,,,,
9,2018,266,900,20.43,3.462,83.7,0,1.428,9.94,18.23,100,2.793,11.946,1.946,23/09/2018,,,33.2675,27.4,,,,
9,2018,267,900,18.15,7.89,78.2,5.6,5.479,10.12,15.36,111.5,2.265,13.02,3.02,24/09/2018,,,36.2875,33,,50% BB CHD,,
9,2018,268,900,15.84,4.428,46.32,0,3.71,10.77,16.56,294,2.386,10.134,0.134,25/09/2018,,,36.4215,33,,,,
9,2018,269,900,15.33,6.693,82.5,0,3.432,10.14,16.61,156.4,2.06,11.0115,1.0115,26/09/2018,,,37.433,33,,,,
9,2018,270,900,13.69,5.931,73.8,0.2,4.262,10.13,14.32,151,1.815,9.8105,0,27/09/2018,,,37.433,33.2,,457.8,Rain 9 May to 24 Sep as check against WHP = 334.1,
9,2018,271,900,17.64,4.603,52.47,0,2.693,10.26,15.96,119,2.346,11.1215,1.1215,28/09/2018,,,38.5545,33.2,,,,
9,2018,272,900,19.88,4.399,52.95,0,0.997,10.06,20.2,200.5,3.598,12.1395,2.1395,29/09/2018,,,40.694,33.2,,,,
9,2018,273,900,17.41,7.64,87.3,2.6,3.172,10.05,10.43,121.9,1.968,12.525,2.525,30/09/2018,,,43.219,35.8,,,,
9,2018,274,900,18.45,10.27,63.89,0,7.92,10.36,18.84,197.4,2.819,14.36,4.36,1/10/2018,,,47.579,35.8,,,,
9,2018,275,900,22.86,5.961,77.7,0,2.89,10.93,17.85,128.4,3.113,14.4105,4.4105,2/10/2018,,,51.9895,35.8,,,,
9,2018,276,900,19,10.03,46.83,0,7.94,10.91,18.65,190.9,2.962,14.515,4.515,3/10/2018,,,56.5045,35.8,,,,
9,2018,277,900,20.87,8.41,59.16,0,4.175,11.6,17.81,217.8,3.276,14.64,4.64,4/10/2018,,,61.1445,35.8,,,,
9,2018,278,900,16.52,10.8,74.3,0,6.984,11.55,18.99,215,2.487,13.66,3.66,5/10/2018,,,64.8045,35.8,,50% BB SB,,
9,2018,279,900,17.86,9.13,54.2,0,8.71,11.8,16.56,93.1,2.516,13.495,3.495,6/10/2018,,,68.2995,35.8,,,,
9,2018,280,900,19.2,9.37,68.69,0,7.59,12.12,20.13,250.5,2.852,14.285,4.285,7/10/2018,,,72.5845,35.8,,,,
9,2018,281,900,21.35,6.004,62.96,0,5.323,11.96,21.1,137.6,3.52,13.677,3.677,8/10/2018,,,76.2615,35.8,,,,
9,2018,282,900,19.54,5.075,41.79,0,4.952,11.84,21.17,170.9,3.418,12.3075,2.3075,9/10/2018,,,78.569,35.8,,,,
9,2018,283,900,21,7.71,-6.713,0.8,4.691,11.81,16.79,189.9,3.29,14.355,4.355,10/10/2018,,,82.924,36.6,,,,
9,2018,284,900,15.02,9.83,95.1,18.2,8.72,11.95,5.78,21.85,0.848,12.425,2.425,11/10/2018,,,85.349,54.8,,-95,Min temp,
9,2018,285,900,12.91,8.5,53.18,2,3.042,12.59,7.24,83,1.096,10.705,0.705,12/10/2018,,,86.054,56.8,,,,
9,2018,286,900,15.34,0.185,65,0,-2.866,11.05,22.25,124.8,3.112,7.7625,0,13/10/2018,,,86.054,56.8,,,,
9,2018,287,900,15.09,2.446,67.92,0,-1.272,10.67,22.55,167.3,2.937,8.768,0,14/10/2018,,,86.054,56.8,,,,
9,2018,288,900,17.51,2.607,71.7,0,-0.203,10.67,20.81,145.5,2.899,10.0585,0.0585,15/10/2018,,,86.1125,56.8,,,,
9,2018,289,900,19.4,8.8,53.57,0,7.33,11.09,22.03,161.8,3.337,14.1,4.1,16/10/2018,,,90.2125,56.8,,,,
9,2018,290,900,20.64,4.585,74.9,0,0.551,12.06,17.6,108,2.983,12.6125,2.6125,17/10/2018,,,92.825,56.8,,,,
9,2018,291,900,19.26,6.263,63.36,0,2.811,12.05,16.93,149.9,2.403,12.7615,2.7615,18/10/2018,,,95.5865,56.8,,,,
9,2018,292,900,24.77,4.672,45.71,0,1.122,11.82,22.82,202.7,4.5,14.721,4.721,19/10/2018,,,100.3075,56.8,,,,
9,2018,293,900,26.52,12.66,62.44,0,5.983,11.82,22.26,88.6,4.187,19.59,9.59,20/10/2018,,,109.8975,56.8,,,,
9,2018,294,900,22.39,6.638,59.48,0,3.669,13.03,22.84,81.7,3.811,14.514,4.514,21/10/2018,,,114.4115,56.8,,,,
9,2018,295,900,23.93,6.262,61.12,0,3.014,13.32,23.46,85.4,3.953,15.096,5.096,22/10/2018,,,119.5075,56.8,,,,
9,2018,296,900,25.73,7.57,66.84,0,4.348,13.36,23.61,105.7,4.187,16.65,6.65,23/10/2018,,,126.1575,56.8,,,,
9,2018,297,900,27.23,7.54,45.17,0,4.746,13.79,23.29,186.9,4.366,17.385,7.385,24/10/2018,,,133.5425,56.8,,,,
9,2018,298,900,23.54,12.91,73.5,9.6,6.278,14.16,14.84,157.7,2.746,18.225,8.225,25/10/2018,,,141.7675,66.4,,,,
9,2018,299,900,16.31,8.6,75.9,0,7.26,14.52,15.87,87.3,2.148,12.455,2.455,26/10/2018,,,144.2225,66.4,,,,
9,2018,300,900,15.94,5.974,64.77,2.6,0.347,13.77,10.91,51.31,1.562,10.957,0.957,27/10/2018,,,145.1795,69,,,,
9,2018,301,900,22.82,4.483,82.1,0.2,-0.84,13.06,21.99,104.1,3.626,13.6515,3.6515,28/10/2018,,,148.831,69.2,,,,
9,2018,302,900,17.25,8.44,87.8,20.8,3.914,13.06,10.89,79,1.572,12.845,2.845,29/10/2018,,,151.676,90,,,,
9,2018,303,900,15.87,10.39,60.19,10.6,7.87,13.84,12.42,58.78,1.68,13.13,3.13,30/10/2018,,,154.806,100.6,,,,
9,2018,304,900,18.73,2.49,64.66,2.6,-2.024,13.11,20.94,142.3,3.1,10.61,0.61,31/10/2018,,,155.416,103.2,,,,
9,2018,305,900,17.45,8.81,60.32,0,5.789,13.09,18.57,105.9,2.814,13.13,3.13,1/11/2018,,,158.546,103.2,,,,
9,2018,306,900,19.14,1.906,67.26,0.4,-2.81,12.43,20.62,153.3,3.323,10.523,0.523,2/11/2018,,,159.069,103.6,,,,
9,2018,307,900,24.58,9.74,40.71,0.6,5.854,12.43,16.92,244.6,2.921,17.16,7.16,3/11/2018,,,166.229,104.2,,,,
9,2018,308,900,19.93,9.44,42.87,0,4.655,13.42,25.53,233.1,4.418,14.685,4.685,4/11/2018,,,170.914,104.2,,,,
9,2018,309,900,24.25,6.846,56.13,0,1.748,13.37,26.65,84.1,4.598,15.548,5.548,5/11/2018,,,176.462,104.2,,,,
9,2018,310,900,24.59,5.569,48.09,0,0.357,13.37,26.13,119.9,4.532,15.0795,5.0795,6/11/2018,,,181.5415,104.2,,,,
9,2018,311,900,24.02,9.88,68.82,0,3.23,14.1,20.12,204.9,3.684,16.95,6.95,7/11/2018,,,188.4915,104.2,,,,
9,2018,312,900,22.34,15.2,94.1,13.8,9.95,14.93,9.26,194.7,1.854,18.77,8.77,8/11/2018,,,197.2615,118,,,,
9,2018,313,900,19.78,15.88,74,13.2,13.01,15.73,8.99,115.1,1.139,17.83,7.83,9/11/2018,,,205.0915,131.2,,,,
9,2018,314,900,16.71,8.56,65.02,0,5.665,15.08,23.79,92.4,3.164,12.635,2.635,10/11/2018,,,207.7265,131.2,,,,
9,2018,315,900,20.64,5.159,58.93,0,-0.083,14.73,26.99,84.1,4.15,12.8995,2.8995,11/11/2018,,,210.626,131.2,,,,
9,2018,316,900,23.52,7.22,60.49,0,2.942,14.74,27.19,76.2,4.436,15.37,5.37,12/11/2018,,,215.996,131.2,,,,
9,2018,317,900,20.23,6.889,64.33,0,2.204,15.07,25.71,116.9,3.908,13.5595,3.5595,13/11/2018,,,219.5555,131.2,,,,
9,2018,318,900,26.07,11.63,46.01,0,8.01,15.65,27.25,92.3,4.778,18.85,8.85,14/11/2018,,,228.4055,131.2,,,,
9,2018,319,900,26.26,10.8,40.44,0,5.037,16.22,27.84,174.2,5.398,18.53,8.53,15/11/2018,,,236.9355,131.2,,,,
9,2018,320,900,25.45,13.42,53.78,0,5.532,16.54,25.38,100.6,4.598,19.435,9.435,16/11/2018,,,246.3705,131.2,,,,
9,2018,321,900,20.81,9.61,53,0.2,4.826,16.7,11.22,67.64,2.044,15.21,5.21,17/11/2018,,,251.5805,131.4,,,,
9,2018,322,900,24.2,12.59,55.23,0,6.116,16.78,26.93,147.2,4.802,18.395,8.395,18/11/2018,,,259.9755,131.4,,,,
9,2018,323,900,14.6,6.266,67.28,12,-0.948,16.19,10.39,88.3,1.301,10.433,0.433,19/11/2018,,,260.4085,143.4,,,,
9,2018,324,900,17,2.745,61.57,0,-1.321,14.09,23.56,111.7,3.473,9.8725,0,20/11/2018,,,260.4085,143.4,,,,
9,2018,325,900,19.25,3.617,69.91,0,-0.255,14.09,24.37,116.1,3.859,11.4335,1.4335,21/11/2018,,,261.842,143.4,,,,
9,2018,326,900,21.51,6.446,70.8,0,0.974,14.2,17.12,92.9,2.955,13.978,3.978,22/11/2018,,,265.82,143.4,,,,
9,2018,327,900,20.52,9.01,76,0,3.214,14.81,14.21,65.58,2.398,14.765,4.765,23/11/2018,,,270.585,143.4,,,,
9,2018,328,900,18.93,9.83,95.3,9,4.832,15.08,8.83,9.27,1.492,14.38,4.38,24/11/2018,,,274.965,152.4,,,,
9,2018,329,900,17.98,13.41,88,10.6,10.36,15.56,6.45,201.7,1.139,15.695,5.695,25/11/2018,,,280.66,163,,,,
9,2018,330,900,15.07,12.74,94.2,23.4,9.75,15.57,6.572,47.42,0.926,13.905,3.905,26/11/2018,,,284.565,186.4,,,,
9,2018,331,900,21.16,11.28,86.8,20.8,8.67,15.41,10.06,39.56,1.595,16.22,6.22,27/11/2018,,,290.785,207.2,,,,
9,2018,332,900,20.76,12.11,57.74,0,9.71,15.4,15.62,89.9,2.404,16.435,6.435,28/11/2018,,,297.22,207.2,,,,
9,2018,333,900,19.6,10.45,67.55,0,6.155,15.56,23.61,112.6,3.492,15.025,5.025,29/11/2018,,,302.245,207.2,,,,
9,2018,334,900,18.22,11.52,90.9,4.6,8.02,15.8,10.84,17.23,1.685,14.87,4.87,30/11/2018,,,307.115,211.8,,,,
9,2018,335,900,23.14,12.75,70,0,8.97,16.36,17.67,41.22,2.932,17.945,7.945,1/12/2018,,,315.06,211.8,,,,
9,2018,336,900,25.07,14.51,76.5,0,11.46,16.58,20.55,59.43,3.619,19.79,9.79,2/12/2018,,,324.85,211.8,,,,
9,2018,337,900,26.07,13.89,86.1,7,9.86,17.25,23.48,64.03,3.953,19.98,9.98,3/12/2018,,,334.83,218.8,,50% FL CHD,,
9,2018,338,900,24.05,15.13,62.87,5,12.65,17.88,26.21,189.3,4.507,19.59,9.59,4/12/2018,,,344.42,223.8,,,,
9,2018,339,900,21.44,10.47,83.4,4.2,5.995,18.07,21.03,103.3,3.251,15.955,5.955,5/12/2018,,,350.375,228,,,,
9,2018,340,900,18.08,9.61,60.94,0,7.37,17.57,24.79,72.4,3.524,13.845,3.845,6/12/2018,,,354.22,228,,,,
9,2018,341,900,19.95,4.67,65.02,0,1.436,16.9,29.17,70.7,4.442,12.31,2.31,7/12/2018,,,356.53,228,,,,
9,2018,342,900,23.91,8.22,58.35,0,4.069,16.9,28.41,51.8,4.573,16.065,6.065,8/12/2018,,,362.595,228,,50% FL SB,,
9,2018,343,900,26.31,10.01,70.6,0,6.245,17.29,24.4,61.36,4.29,18.16,8.16,9/12/2018,,,370.755,228,,,,
9,2018,344,900,20.85,10.41,66.89,0,7.2,18.18,23.62,134,3.51,15.63,5.63,10/12/2018,,,376.385,228,,,,
9,2018,345,900,21.87,11.08,76.5,0,7.78,18.34,18.32,38.16,2.978,16.475,6.475,11/12/2018,,,382.86,228,,,,
9,2018,346,900,23.04,12.15,81,2.4,9,18.31,21.78,72.4,3.569,17.595,7.595,12/12/2018,,,390.455,230.4,,,,
9,2018,347,900,21.01,14.55,83.6,5.8,12.19,18.34,18.65,101.1,2.862,17.78,7.78,13/12/2018,,,398.235,236.2,,,,
9,2018,348,900,24.81,14,85.4,1,11.64,18.74,17.59,25.65,3.035,19.405,9.405,14/12/2018,,,407.64,237.2,,,,
9,2018,349,900,22.36,11.69,87.4,0,8.59,18.77,22.14,77.4,3.477,17.025,7.025,15/12/2018,,,414.665,237.2,,,,
9,2018,350,900,25.06,14.4,60.73,0,11.56,18.88,18.06,59.02,2.885,19.73,9.73,16/12/2018,,,424.395,237.2,,,,
9,2018,351,900,29.73,10.91,42.87,0,7,18.69,30.05,155,6.171,20.32,10.32,17/12/2018,,,434.715,237.2,,,,
9,2018,352,900,27.9,16.94,80.7,1,9.48,18.73,21.18,93.6,4.463,22.42,12.42,18/12/2018,,,447.135,238.2,,,,
9,2018,353,900,18.32,15.77,77.5,17.6,12.04,19.66,7.87,94.9,1.165,17.045,7.045,19/12/2018,,,454.18,255.8,,,,
9,2018,354,900,17.51,12.06,68.19,0,9.77,18.59,12.86,112,1.959,14.785,4.785,20/12/2018,,,458.965,255.8,,,,
9,2018,355,900,20.57,11.54,63.26,7.4,9.64,17.95,17.81,38.42,2.762,16.055,6.055,21/12/2018,,,465.02,263.2,,,,
9,2018,356,900,24.71,9.92,63.07,0,6.327,17.97,29.39,75.1,4.89,17.315,7.315,22/12/2018,,,472.335,263.2,,,,
9,2018,357,900,19.89,9.81,76.6,0,6.861,18.08,23.08,116.5,3.556,14.85,4.85,23/12/2018,,,477.185,263.2,,,,
9,2018,358,900,17.49,9.82,96,13.6,8.05,18.11,6.017,26.75,0.944,13.655,3.655,24/12/2018,,,480.84,276.8,,,,
9,2018,359,900,18.61,13.37,90.4,11.6,12.28,18.01,7.26,6.377,1.186,15.99,5.99,25/12/2018,,,486.83,288.4,,,,
9,2018,360,900,20.95,14.66,66.36,0,11.38,18.02,14.03,98,2.322,17.805,7.805,26/12/2018,,,494.635,288.4,,,,
9,2018,361,900,22.41,10.14,71.2,0,6.778,17.71,24.83,69.81,3.923,16.275,6.275,27/12/2018,,,500.91,288.4,,,,
9,2018,362,900,22.99,10.03,58.26,0,7.91,17.72,23.91,59.68,3.995,16.51,6.51,28/12/2018,,,507.42,288.4,,,,
9,2018,363,900,27.43,9.93,56.32,0,6.707,18.23,24.55,73.5,4.337,18.68,8.68,29/12/2018,,,516.1,288.4,,,,
9,2018,364,900,30.68,12.75,74.2,0,8.78,18.29,24.99,75.9,4.771,21.715,11.715,30/12/2018,,,527.815,288.4,,,,
9,2018,365,900,26.05,13.83,88.9,0.2,10.17,18.85,26.44,79.6,4.508,19.94,9.94,31/12/2018,,,537.755,288.6,,,,
9,2019,1,900,27.99,16.03,48.21,0,13.4,19.81,26.75,54.56,4.659,22.01,12.01,1/01/2019,,,549.765,288.6,,,,
9,2019,2,900,31.68,13.19,47.46,0,10.27,20.44,28.88,185.5,6.467,22.435,12.435,2/01/2019,,,562.2,288.6,,,,
9,2019,3,900,28.36,19.33,60.61,0,13.52,20.58,16.38,78.5,3.3,23.845,13.845,3/01/2019,,,576.045,288.6,,,,
9,2019,4,900,25.49,12.36,53.17,0,8.73,20.27,29.36,80.8,5.242,18.925,8.925,4/01/2019,,,584.97,288.6,,,,
9,2019,5,900,34.5,8.52,43.47,0,5.392,19.85,29.93,121.8,6.353,21.51,11.51,5/01/2019,,,596.48,288.6,,,,
9,2019,6,900,33.01,19.13,89.4,0,12.6,19.88,26.26,137.6,5.972,26.07,16.07,6/01/2019,,,612.55,288.6,,,,
9,2019,7,900,22.23,15.01,57.64,0,11.32,20.98,16.9,71.4,2.574,18.62,8.62,7/01/2019,,,621.17,288.6,,,,
9,2019,8,900,25.7,7.48,61.14,0,4.202,20.22,28.78,111.4,4.986,16.59,6.59,8/01/2019,,,627.76,288.6,,,,
9,2019,9,900,29.08,16.02,58.05,0,13.71,20.25,23.46,150.6,4.769,22.55,12.55,9/01/2019,,,640.31,288.6,,,,
9,2019,10,900,27.73,17.19,41.42,0,11.79,21.14,14.45,102.7,3.079,22.46,12.46,10/01/2019,,,652.77,288.6,,,,
9,2019,11,900,30.79,15.69,82.9,0.8,9.92,21.31,25.37,141.7,4.781,23.24,13.24,11/01/2019,,,666.01,289.4,,,,
9,2019,12,900,24.81,14.12,57.38,0,12.16,21.34,20.18,74.1,3.147,19.465,9.465,12/01/2019,,,675.475,289.4,,,,
9,2019,13,900,26.97,7.89,92.5,10.6,4.411,20.28,24.98,100.1,4.846,17.43,7.43,13/01/2019,,,682.905,300,,,,
9,2019,14,900,23.73,9.38,58.68,1.8,5.995,20.31,20.11,23.48,3.158,16.555,6.555,14/01/2019,,,689.46,301.8,,,,
9,2019,15,900,22.2,7.99,64.12,0,5.387,20.16,26.58,111,4.268,15.095,5.095,15/01/2019,,,694.555,301.8,,,,
9,2019,16,900,21.28,6.913,60.39,0,4.535,19.71,29.04,80.6,4.405,14.0965,4.0965,16/01/2019,,,698.6515,301.8,,,,
9,2019,17,900,27.83,8.43,76.4,0,5.243,19.55,24.84,58.47,4.515,18.13,8.13,17/01/2019,,,706.7815,301.8,,,,
9,2019,18,900,25.84,10.78,59.12,0,8.1,19.61,23.96,73.9,4.063,18.31,8.31,18/01/2019,,,715.0915,301.8,,,,
9,2019,19,900,31.59,12.81,31.22,0,9.48,20.46,23.8,249.1,5.453,22.2,12.2,19/01/2019,,,727.2915,301.8,,,,
9,2019,20,900,28.23,17.42,53.43,0,12.48,20.73,27.16,172.9,6.118,22.825,12.825,20/01/2019,,,740.1165,301.8,,,,
9,2019,21,900,26.32,15,40.2,0,12.57,20.9,25.88,221.5,5.727,20.66,10.66,21/01/2019,,,750.7765,301.8,,,,
9,2019,22,900,30.6,8.42,51.13,0,4.292,20.37,27.02,197.4,6.43,19.51,9.51,22/01/2019,,,760.2865,301.8,,,,
9,2019,23,900,32.32,19.08,53.9,0,13.12,20.37,24.36,228.8,5.74,25.7,15.7,23/01/2019,,,775.9865,301.8,,,,
9,2019,24,900,20.39,13.23,56.99,0,10.87,21.48,17.73,79.1,2.885,16.81,6.81,24/01/2019,,,782.7965,301.8,,,,
9,2019,25,900,25.02,5.345,48.21,0,1.816,20.3,23.57,49.13,4.084,15.1825,5.1825,25/01/2019,,,787.979,301.8,,,,
9,2019,26,900,30.56,8.93,40.08,0,4.718,20.31,25.58,139.1,5.162,19.745,9.745,26/01/2019,,,797.724,301.8,,,,
9,2019,27,900,36.55,13.41,40.83,0,8.69,20.47,26.28,136.5,5.846,24.98,14.98,27/01/2019,,,812.704,301.8,,,,
9,2019,28,900,35.73,14.73,66.37,0,11.82,21.66,24.48,109.2,5.46,25.23,15.23,28/01/2019,,,827.934,301.8,,,,
9,2019,29,900,31.31,14.14,69.86,0,10.86,22.61,23.29,46.26,4.482,22.725,12.725,29/01/2019,,,840.659,301.8,,,,
9,2019,30,900,33.04,16.3,53.06,0,12.08,23.12,16.1,42.72,3.442,24.67,14.67,30/01/2019,,,855.329,301.8,,,,
9,2019,31,900,34.43,11.34,48.11,0,7.26,22.59,25.3,104.8,5.761,22.885,12.885,31/01/2019,,,868.214,301.8,,,,
9,2019,32,900,26.47,14.88,47.49,0.6,10.24,22.66,15.81,171.7,3.519,20.675,10.675,1/02/2019,,,878.889,302.4,,,,
9,2019,33,900,22.1,8.88,55.88,0,4.568,22.4,27.06,111.2,4.696,15.49,5.49,2/02/2019,,,884.379,302.4,,,,
9,2019,34,900,27.51,7.61,36.52,0,3.064,21.69,26.73,83.6,5.303,17.56,7.56,3/02/2019,,,891.939,302.4,,,,
9,2019,35,900,33.63,9.38,31.7,0,5.396,21.69,26.61,179.8,6.604,21.505,11.505,4/02/2019,,,903.444,302.4,,,,
9,2019,36,900,33.26,19.05,75.8,0.2,13.73,22.08,24.1,214.5,6.103,26.155,16.155,5/02/2019,,,919.599,302.6,,,,
9,2019,37,900,17.72,13.28,51.47,0,10.99,23.06,11.29,110.8,2.088,15.5,5.5,6/02/2019,,,925.099,302.6,,,,
9,2019,38,900,20.32,3.563,57.33,0,-0.34,20.98,19.19,82.6,3.233,11.9415,1.9415,7/02/2019,,,927.0405,302.6,,,,
9,2019,39,900,26.1,5.109,54.54,0,1.307,20.31,25.13,87.2,4.74,15.6045,5.6045,8/02/2019,,,932.645,302.6,,50% Veraison CHD,,50% Veraison SB
9,2019,40,900,27.32,10.87,54.6,0,6.843,20.31,25.31,104.6,4.92,19.095,9.095,9/02/2019,,,941.74,302.6,,,,
9,2019,41,900,28.85,9.27,50.34,0,5.148,21.33,25.7,111.1,5.282,19.06,9.06,10/02/2019,,,950.8,302.6,,,,
9,2019,42,900,30.8,8.26,49.59,0,3.344,21.84,25.56,85.3,5.344,19.53,9.53,11/02/2019,,,960.33,302.6,,,,
9,2019,43,900,32.31,13.61,57.63,0,9.28,22.06,23.38,66.02,4.968,22.96,12.96,12/02/2019,,,973.29,302.6,,,,
9,2019,44,900,28.84,10.67,56.41,0,6.681,22.85,24.59,72.9,4.789,19.755,9.755,13/02/2019,,,983.045,302.6,,,,
9,2019,45,900,32.33,10.35,75.5,0,6.004,22.9,23.35,139.2,5.425,21.34,11.34,14/02/2019,,,994.385,302.6,,,,
9,2019,46,900,23.45,17.02,66.63,0,13.44,22.89,17.82,95.1,3.002,20.235,10.235,15/02/2019,,,1004.62,302.6,,,,
9,2019,47,900,22.1,6.977,57.38,0,2.407,22.31,17.23,123.6,3.097,14.5385,4.5385,16/02/2019,,,1009.1585,302.6,,,,
9,2019,48,900,25.76,8.43,55.74,0,3.703,21.77,24.06,77.1,4.387,17.095,7.095,17/02/2019,,,1016.2535,302.6,,,,
9,2019,49,900,26.26,6.454,60.47,0,2.694,21.78,23.92,64.02,4.428,16.357,6.357,18/02/2019,,,1022.6105,302.6,,,,
9,2019,50,900,32.72,8.46,53.03,0,4.127,21.76,21.07,132.4,5.043,20.59,10.59,19/02/2019,,,1033.2005,302.6,,,,
9,2019,51,900,31.09,16.09,61.68,0,11.49,21.76,17.67,87.5,3.795,23.59,13.59,20/02/2019,,,1046.7905,302.6,,,,
9,2019,52,900,28.02,12.42,57.59,0,7.84,22.57,22.57,110.3,4.575,20.22,10.22,21/02/2019,,,1057.0105,302.6,,,,
9,2019,53,900,28.4,11.43,68.31,0,6.96,22.55,16.01,87.6,3.367,19.915,9.915,22/02/2019,,,1066.9255,302.6,,,,
9,2019,54,900,22.66,12.15,81.8,1.6,8.26,22.88,17.82,103.6,3.02,17.405,7.405,23/02/2019,,,1074.3305,304.2,,,,
9,2019,55,900,17.58,10.81,60.72,2.2,7.89,22.26,11.89,101.5,1.851,14.195,4.195,24/02/2019,,,1078.5255,306.4,,,,
9,2019,56,900,20.99,4.156,66.64,0,0.343,19.54,21.58,79.6,3.508,12.573,2.573,25/02/2019,,,1081.0985,306.4,,,,
9,2019,57,900,25.48,4.743,43.19,0,0.613,19.29,21.6,78.4,3.963,15.1115,5.1115,26/02/2019,,,1086.21,306.4,,,,
9,2019,58,900,26.95,7.35,57.47,0,2.37,19.24,21.75,125.1,4.307,17.15,7.15,27/02/2019,,,1093.36,306.4,,,,
9,2019,59,900,20.91,5.17,59.19,0,0.102,19.73,22.73,97.6,3.855,13.04,3.04,28/02/2019,,,1096.4,306.4,,,,
9,2019,60,900,22.5,7.01,60.09,0,2.143,19.98,22.23,70.7,3.644,14.755,4.755,1/03/2019,,,1101.155,306.4,,,,
9,2019,61,900,21.24,3.66,84.6,0,-1.113,19.48,21.84,74.8,3.385,12.45,2.45,2/03/2019,,,1103.605,306.4,,,,
9,2019,62,900,23.74,5.612,70.3,0,0.737,19.42,21.41,52.15,3.369,14.676,4.676,3/03/2019,,,1108.281,306.4,,,,
9,2019,63,900,32.84,6.44,47.2,0,1.842,19.37,21.81,104.3,4.525,19.64,9.64,4/03/2019,,,1117.921,306.4,,,,
9,2019,64,900,26.62,5.504,64.65,0,-0.129,19.46,21.81,55.58,3.892,16.062,6.062,5/03/2019,,,1123.983,306.4,,,,
9,2019,65,900,29,6.614,46.24,0,1.96,20.09,21.34,71.4,4.078,17.807,7.807,6/03/2019,,,1131.79,306.4,,,,
9,2019,66,900,26.82,11.68,95.4,25.4,7.18,20.02,18.96,104.4,3.723,19.25,9.25,7/03/2019,,,1141.04,331.8,,,,
9,2019,67,900,17.72,13.94,95.5,13.8,11.65,20.83,5.335,14.33,0.774,15.83,5.83,8/03/2019,,,1146.87,345.6,,,,
9,2019,68,900,20.03,13.51,88,5.4,11.2,19.96,9.78,34.55,1.425,16.77,6.77,9/03/2019,,,1153.64,351,,,,
9,2019,69,900,23.44,14.02,86.3,0.4,11.65,19.78,15.5,53.19,2.526,18.73,8.73,10/03/2019,,,1162.37,351.4,,,,
9,2019,70,900,24.26,14.75,73.3,0,12.68,19.77,12.85,23.96,2.032,19.505,9.505,11/03/2019,,,1171.875,351.4,,,,
9,2019,71,900,24.94,12.27,92.8,8.4,8.67,19.73,12.14,40.44,2.015,18.605,8.605,12/03/2019,,,1180.48,359.8,,,,
9,2019,72,900,30.07,16.37,85.3,1.6,12.73,20.35,16.43,104.6,3.171,23.22,13.22,13/03/2019,,,1193.7,361.4,,,,
9,2019,73,900,20.59,13.42,78.6,3.4,11.17,19.73,11.55,51.46,1.875,17.005,7.005,14/03/2019,,,1200.705,364.8,,,,
9,2019,74,900,25.92,12.16,79.8,0,8.97,19.64,12.72,48.27,2.161,19.04,9.04,15/03/2019,,,1209.745,364.8,,,,
9,2019,75,900,28.28,13.43,81,0,9.32,19.86,15.28,84.2,2.74,20.855,10.855,16/03/2019,,,1220.6,364.8,,21.5 Brix SBF,,
9,2019,76,900,19.15,14.93,87.5,0,11.74,19.77,8.88,33.41,1.406,17.04,7.04,17/03/2019,,,1227.64,364.8,,,,
9,2019,77,900,23.63,13.72,95,0,11.84,19.45,15.6,36.68,2.503,18.675,8.675,18/03/2019,,,1236.315,364.8,,21.5 Brix CHD,,
9,2019,78,900,22.49,10.27,82.9,0,7.06,19.4,10.93,38.05,1.733,16.38,6.38,19/03/2019,,,1242.695,364.8,,,,
9,2019,79,900,20.68,15.24,90.5,0,13.12,19.11,7.14,31.12,1.298,17.96,7.96,20/03/2019,,,1250.655,364.8,,,,
9,2019,80,900,21.58,10.1,79.9,0,6.344,19.09,14.06,40.08,2.131,15.84,5.84,21/03/2019,,,1256.495,364.8,,,,
9,2019,81,900,25.29,11.15,87.9,0,7.37,19.16,17.79,39.19,2.976,18.22,8.22,22/03/2019,,,1264.715,364.8,,,,
9,2019,82,900,25.76,11.42,84.7,0,7.75,19.01,18.5,37.85,2.994,18.59,8.59,23/03/2019,,,1273.305,364.8,,,,
9,2019,83,900,28.45,10.03,55.87,0,6.348,18.94,18.34,83.8,3.355,19.24,9.24,24/03/2019,,,1282.545,364.8,,,,
9,2019,84,900,26.78,12.46,54.62,0,7.53,19.12,15.93,168.4,3.255,19.62,9.62,25/03/2019,,,1292.165,364.8,,,,
9,2019,85,900,23.87,19.69,84.2,2.8,12.52,19.53,6.096,163.5,1.817,21.78,11.78,26/03/2019,,,1303.945,367.6,,,,
9,2019,86,900,20.9,17.58,66.3,12,13.84,18.96,7.38,61.39,1.091,19.24,9.24,27/03/2019,,,1313.185,379.6,,,,
9,2019,87,900,19.97,11.94,82.2,0,7.62,17.75,11.95,64.69,1.96,15.955,5.955,28/03/2019,,,1319.14,379.6,,,,
9,2019,88,900,19.42,6.594,71.8,0,2.853,17.68,9.81,40.98,1.498,13.007,3.007,29/03/2019,,,1322.147,379.6,,,,
9,2019,89,900,24.14,9.9,78.1,0,6.488,17.68,17,41.44,2.655,17.02,7.02,30/03/2019,,,1329.167,379.6,,,,
9,2019,90,900,26.23,10.66,88.9,28.2,6.997,17.7,13.7,114.1,2.519,18.445,8.445,31/03/2019,,,1337.612,407.8,,,,
9,2019,91,900,24.16,16.7,67.52,0.2,11.52,17.96,13.1,105.9,2.103,20.43,10.43,1/04/2019,,,1348.042,408,,,,
9,2019,92,900,17.72,7.13,83.6,0,3.187,16.83,13.92,79,1.945,12.425,2.425,2/04/2019,,,1350.467,408,,,,
9,2019,93,900,18.35,3.1,83.8,0,-0.032,16.11,16.7,55.52,2.271,10.725,0.725,3/04/2019,,,1351.192,408,,,,
9,2019,94,900,21.21,2.825,84.4,0,-0.406,15.99,16.37,30.26,2.354,12.0175,2.0175,4/04/2019,,,1353.2095,408,,,,
9,2019,95,900,20.49,6.346,69.25,0,3.298,15.8,12.53,39.67,1.957,13.418,3.418,5/04/2019,,,1356.6275,408,,,,
9,2019,96,900,18.98,6.666,80.2,17.8,4.471,15.22,11.31,63.9,1.7,12.823,2.823,6/04/2019,,,1359.4505,425.8,,,,
9,2019,97,900,15.94,7.56,83.8,1.8,4.43,15.19,6.006,27.4,0.772,11.75,1.75,7/04/2019,,,1361.2005,427.6,,,,
9,2019,98,900,18.63,7.21,94.2,0,4.95,14.73,15.48,59.59,2.07,12.92,2.92,8/04/2019,,,1364.1205,427.6,,,,
9,2019,99,900,22.37,2.371,70.6,0,0.352,14.62,15.46,22.43,2.239,12.3705,2.3705,9/04/2019,,,1366.491,427.6,,,,
9,2019,100,900,23.48,7.25,95.7,9.4,3.924,14.83,13.62,111.4,2.342,15.365,5.365,10/04/2019,,,1371.856,437,,,,
9,2019,101,900,16.05,13.47,89.5,14.4,9.86,15.6,3.168,12.75,0.406,14.76,4.76,11/04/2019,,,1376.616,451.4,,,,
9,2019,102,900,18.48,8.34,76,0.6,5.795,14.44,11.85,33.92,1.559,13.41,3.41,12/04/2019,,,1380.026,452,,,,
9,2019,103,900,17.4,0.619,87.7,0,-0.085,13.54,15.33,36.43,2.067,9.0095,0,13/04/2019,,,1380.026,452,,,,
9,2019,104,900,18.59,0.735,83.2,0,-0.279,13.48,13.94,29.07,1.91,9.6625,0,14/04/2019,,,1380.026,452,,,,
9,2019,105,900,17.54,6.299,87.2,0,2.913,13.67,13.66,40.19,1.825,11.9195,1.9195,15/04/2019,,,1381.9455,452,,,,
9,2019,106,900,18.26,3.342,84.1,0,1.239,13.55,13.56,46.22,1.909,10.801,0.801,16/04/2019,,,1382.7465,452,,,,
9,2019,107,900,17.87,5.802,83.9,0,3.258,13.78,13.68,30.77,1.872,11.836,1.836,17/04/2019,,,1384.5825,452,,,,
9,2019,108,900,17.63,5.831,91.9,0,3.56,13.49,13.53,31.28,1.738,11.7305,1.7305,18/04/2019,,,1386.313,452,,,,
9,2019,109,900,21.47,1.505,70.9,0,0.637,13.16,14.23,39.44,2.095,11.4875,1.4875,19/04/2019,,,1387.8005,452,,,,
9,2019,110,900,22.18,0.158,95.8,7.2,-0.966,13.05,11.26,67.58,1.991,11.169,1.169,20/04/2019,,,1388.9695,459.2,,,,
9,2019,111,900,13.76,10.71,96.3,12.4,5.526,13.95,1.918,32.08,0.217,12.235,2.235,21/04/2019,,,1391.2045,471.6,,,,
9,2019,112,900,16.39,11.26,96,22.2,9.29,14.09,4.075,5.26,0.548,13.825,3.825,22/04/2019,,,1395.0295,493.8,,,,
9,2019,113,900,19.02,11.91,97,0.2,9.59,14,7.8,17.29,1.022,15.465,5.465,23/04/2019,,,1400.4945,494,,,,
9,2019,114,900,20.69,6.664,92,0.6,4.497,13.94,11.7,24.26,1.552,13.677,3.677,24/04/2019,,,1404.1715,494.6,,,,
9,2019,115,900,21.8,9.92,67.29,0,7.95,14.03,12.82,38.62,1.815,15.86,5.86,25/04/2019,,,1410.0315,494.6,,,,
9,2019,116,900,23.88,6.544,67.66,0,4.354,13.8,12.46,50.6,1.939,15.212,5.212,26/04/2019,,,1415.2435,494.6,,,,
9,2019,117,900,21.25,7.28,67.65,5,3.793,13.76,5.772,80.3,1.042,14.265,4.265,27/04/2019,,,1419.5085,499.6,,,,
9,2019,118,900,19.29,9.98,95.8,13,6.698,13.9,11.8,88.5,1.899,14.635,4.635,28/04/2019,,,1424.1435,512.6,,,,
9,2019,119,900,18.67,10.23,73.2,0,6.756,13.23,9.61,92.9,1.341,14.45,4.45,29/04/2019,,,1428.5935,512.6,,,,
9,2019,120,900,16.76,0.731,80.8,0,0.294,12.31,12.25,61.96,1.625,8.7455,0,30/04/2019,,,1428.5935,512.6,,,,
9,2019,121,900,17.63,1.671,87.4,0,0.644,11.95,11.76,53.12,1.464,9.6505,0,1/05/2019,,,,,,,,
9,2019,122,900,19.51,2.621,94.8,0.2,1.756,11.77,10.02,20.58,1.257,11.0655,1.0655,2/05/2019,,,,,,,,
9,2019,123,900,18.81,3.285,89.3,0,1.396,11.7,10.12,50.61,1.275,11.0475,1.0475,3/05/2019,,,,,,,,
9,2019,124,900,19.48,3.563,74.6,0.2,1.893,11.68,11.5,65.07,1.627,11.5215,1.5215,4/05/2019,,,,,,,,
9,2019,125,900,22.58,8.15,96,0,3.788,11.93,9.79,25.95,1.442,15.365,5.365,5/05/2019,,,,,,,,
9,2019,126,900,19.74,4.415,87.4,0,2.649,11.87,8.73,30.07,1.05,12.0775,2.0775,6/05/2019,,,,,,,,
9,2019,127,900,19.94,7.56,83.4,0,6.546,12.17,9.06,45.85,1.158,13.75,3.75,7/05/2019,,,,,,,,
9,2019,128,900,19.76,5.132,82.4,0,2.837,12.12,7.29,43.97,1.056,12.446,2.446,8/05/2019,,,,,,,,
9,2019,129,900,18.15,10.57,93.9,12.2,7.05,12.64,3.866,22.43,0.564,14.36,4.36,9/05/2019,,,,,,,,
9,2019,130,900,22.64,10.54,95.1,0.2,6.351,12.94,10.28,57.49,1.48,16.59,6.59,10/05/2019,,,,,,,,
9,2019,131,900,19.79,5.404,89.6,0,2.752,12.79,8.42,45.72,1.083,12.597,2.597,11/05/2019,,,,,,,,
9,2019,132,900,15.6,9.65,64.39,21.8,5.856,12.91,3.32,62.39,0.462,12.625,2.625,12/05/2019,,,,,,,,
9,2019,133,900,18.89,9.58,88.3,0,6.229,12.42,9.31,106.8,1.338,14.235,4.235,13/05/2019,,,,,,,,
9,2019,134,900,16.35,3.986,63.46,0,3.024,12.21,8.03,148.6,1.327,10.168,0.168,14/05/2019,,,,,,,,
9,2019,135,900,18.55,6.289,50.3,0,1.842,12.11,7.26,261.7,1.752,12.4195,2.4195,15/05/2019,,,,,,,,
9,2019,136,900,16.99,11.23,88.9,2.2,4.334,11.8,8.82,227.7,1.747,14.11,4.11,16/05/2019,,,,,,,,
9,2019,137,900,14.53,3.859,74.1,0,1.497,10.76,9.73,53.1,1.136,9.1945,0,17/05/2019,,,,,,,,
9,2019,138,900,19.04,0.992,49.45,0,-1.024,10.59,8.44,157.8,1.39,10.016,0.016,18/05/2019,,,,,,,,
9,2019,139,900,18.7,7.43,69.16,0,2.376,10.9,8.49,133.4,1.316,13.065,3.065,19/05/2019,,,,,,,,
9,2019,140,900,18.49,2.215,88.8,0,-0.071,10.3,9.49,55.19,1.22,10.3525,0.3525,20/05/2019,,,,,,,,
9,2019,141,900,18.01,1.077,87.5,0.2,-0.588,9.93,9.46,47.18,1.036,9.5435,0,21/05/2019,,,,,,,,
9,2019,142,900,19.58,0.742,88.8,0,-0.172,9.81,8.81,60.26,1.33,10.161,0.161,22/05/2019,,,,,,,,
9,2019,143,900,18.16,1.399,84.6,0,-1.094,9.69,9.05,92.8,1.135,9.7795,0,23/05/2019,,,,,,,,
9,2019,144,900,19.55,3.888,78.7,0,2.528,9.8,9.15,85.6,1.093,11.719,1.719,24/05/2019,,,,,,,,
9,2019,145,900,18.54,0.148,67.6,0,-2.165,9.65,9.05,99.4,1.118,9.344,0,25/05/2019,,,,,,,,
9,2019,146,900,20.77,4.442,67.01,0,1.292,9.94,8.78,121.7,1.298,12.606,2.606,26/05/2019,,,,,,,,
9,2019,147,900,19.47,9.14,95.2,2.2,3.786,10.47,6.834,78.3,1.149,14.305,4.305,27/05/2019,,,,,,,,
9,2019,148,900,14.13,9.16,55.56,18.4,4.954,10.88,2.059,90.7,0.419,11.645,1.645,28/05/2019,,,,,,,,
9,2019,149,900,18.8,10.37,61.7,0.6,6.255,11.16,7.99,223.7,1.397,14.585,4.585,29/05/2019,,,,,,,,
9,2019,150,900,18.09,13.87,90.7,13,6.843,11.61,2.213,107.4,0.516,15.98,5.98,30/05/2019,,,,,,,,
9,2019,151,900,16.66,8.33,79.6,14.8,5.13,11.1,5.791,66.87,0.827,12.495,2.495,31/05/2019,,,,,,,,
9,2019,152,900,11.44,4.238,58.26,0.2,1.167,10.28,3.909,145.3,0.748,7.839,0,1/06/2019,,,,,,,,
9,2019,153,900,12.77,4.918,84.6,0,1.447,9.32,8.43,142.4,1.235,8.844,0,2/06/2019,,,,,,,,
9,2019,154,900,14.13,-1.752,70.6,0,-0.865,9.11,8.13,110.9,0.893,6.189,0,3/06/2019,,,,,,,,
9,2019,155,900,15.28,1.317,95.3,4.8,-0.394,9.15,4.569,40.15,0.621,8.2985,0,4/06/2019,,,,,,,,
9,2019,156,900,8.86,7.09,89.1,10,4.057,9.1,1.596,52.08,0.155,7.975,0,5/06/2019,,,,,,,,
9,2019,157,900,13.23,-1.9,74.1,0.2,-1.065,8.86,5.541,143.9,0.835,5.665,0,6/06/2019,,,,,,,,
9,2019,158,900,15.6,1.564,60.45,0,0.335,8.65,7.97,166.9,1.212,8.582,0,7/06/2019,,,,,,,,
9,2019,159,900,17.75,2.952,88.8,0,0.279,8.76,7.04,109.6,1.023,10.351,0.351,8/06/2019,,,,,,,,
9,2019,160,900,16.32,-0.785,65.06,0,-1.114,8.54,6.654,147.9,0.981,7.7675,0,9/06/2019,,,,,,,,
9,2019,161,900,17.62,2.668,83.7,0,0.3,8.71,4.904,66.69,0.637,10.144,0.144,10/06/2019,,,,,,,,
9,2019,162,900,14.32,1.47,95.1,1.6,0.056,8.58,4.33,68.69,0.742,7.895,0,11/06/2019,,,,,,,,
9,2019,163,900,12.06,4.547,96.6,2.2,1.748,9.15,2.139,23.34,0.248,8.3035,0,12/06/2019,,,,,,,,
9,2019,164,900,13.32,7.59,94.6,3,4.71,9.59,2.391,82.1,0.29,10.455,0.455,13/06/2019,,,,,,,,
9,2019,165,900,16.99,9.53,96.8,1,7.13,10.09,4.796,30.64,0.606,13.26,3.26,14/06/2019,,,,,,,,
9,2019,166,900,12.87,10.19,96.3,1.4,7.34,10.25,2.68,12.69,0.309,11.53,1.53,15/06/2019,,,,,,,,
9,2019,167,900,15.13,2.537,58.24,0,-0.006,9.41,7.58,277.8,1.213,8.8335,0,16/06/2019,,,,,,,,
9,2019,168,900,14.16,6.245,73.9,0,1.857,8.72,7.87,207.9,1.219,10.2025,0.2025,17/06/2019,,,,,,,,
9,2019,169,900,14.35,1.523,82.7,0,-1.07,8.01,7.8,141.5,0.928,7.9365,0,18/06/2019,,,,,,,,
9,2019,170,900,13.74,-0.571,84.2,0,-1.544,7.49,7.87,127.2,0.792,6.5845,0,19/06/2019,,,,,,,,
9,2019,171,900,9.27,-1.48,95.9,3.8,-2.066,7.36,3.497,87.3,0.374,3.895,0,20/06/2019,,,,,,,,
9,2019,172,900,16.82,2.504,75.3,0,-0.513,7.99,7.86,206.4,1.191,9.662,0,21/06/2019,,,,,,,,
9,2019,173,900,13.85,1.285,86.7,0,-1.524,7.8,5.663,70.6,0.573,7.5675,0,22/06/2019,,,,,,,,
9,2019,174,900,11.54,2.664,92.2,0,-0.188,7.77,2.47,67.61,0.369,7.102,0,23/06/2019,,,,,,,,
9,2019,175,900,12.55,0.919,90.3,0,-0.982,7.29,7.76,105.9,0.843,6.7345,0,24/06/2019,,,,,,,,
9,2019,176,900,14.14,-1.366,82.6,0.2,-1.256,6.867,7.87,129.6,0.752,6.387,0,25/06/2019,,,,,,,,
9,2019,177,900,14.98,-0.433,80.9,0.2,-1.499,6.497,7.86,110.9,0.796,7.2735,0,26/06/2019,,,,,,,,
9,2019,178,900,14.54,-1.134,87.2,0,-2.08,6.216,7.9,135.4,0.777,6.703,0,27/06/2019,,,,,,,,
9,2019,179,900,13.78,-3.678,85.6,0,-2.837,5.873,7.95,111.8,0.8,5.051,0,28/06/2019,,,,,,,,
9,2019,180,900,14.73,-3.404,80.6,0.2,-3.803,5.712,7.85,110,0.869,5.663,0,29/06/2019,,,,,,,,
9,2019,181,900,15.17,-1.793,74.2,0,-3.025,5.687,7.89,128.6,0.823,6.6885,0,30/06/2019,,,,,,,,
9,2019,182,900,15.75,-0.92,86,0,-2.248,5.671,6.944,128.2,1.018,7.415,0,1/07/2019,,,,,,,,
9,2019,183,900,14.76,1.547,96.2,3.6,-1.529,6.13,4.112,69.08,0.555,8.1535,0,2/07/2019,,,,,,,,
9,2019,184,900,14.56,4.93,82.8,13.2,1.536,7.28,1.237,133.9,0.194,9.745,0,3/07/2019,,,,,,,,
9,2019,185,900,12.3,7.8,95,0,4.061,7.62,3.448,112.2,0.534,10.05,0.05,4/07/2019,,,,,,,,
9,2019,186,900,12.86,-1.309,88.9,0.2,-1.037,6.929,8.15,131.7,1.16,5.7755,0,5/07/2019,,,,,,,,
9,2019,187,900,14.97,-1.296,90.2,0,-2.584,6.46,6.817,82.2,0.791,6.837,0,6/07/2019,,,,,,,,
9,2019,188,900,14.49,-1.688,86.3,0,-2.075,6.327,8.14,303,1.422,6.401,0,7/07/2019,,,,,,,,
9,2019,189,900,14.09,2.027,93.4,0,-1.554,6.791,6.467,79.2,0.756,8.0585,0,8/07/2019,,,,,,,,
9,2019,190,900,14.64,-0.564,80.6,0,-2.358,6.596,6.706,152,1.053,7.038,0,9/07/2019,,,,,,,,
9,2019,191,900,13.61,-0.712,78.5,1.2,-1.912,6.491,4.334,100.5,0.526,6.449,0,10/07/2019,,,,,,,,
9,2019,192,900,16.63,3.154,86.4,0,-0.367,6.749,7.37,159.3,1.252,9.892,0,11/07/2019,,,,,,,,
9,2019,193,900,10.46,1.295,72,10.8,-1.755,6.746,2.367,136.9,0.319,5.8775,0,12/07/2019,,,,,,,,
9,2019,194,900,16.66,4.469,79.2,15.6,-0.572,7.19,6.968,199.5,1.185,10.5645,0.5645,13/07/2019,,,,,,,,
9,2019,195,900,13.79,9.35,74.9,1.8,3.41,8.02,3.281,202.3,0.446,11.57,1.57,14/07/2019,,,,,,,,
9,2019,196,900,13.63,5.411,91.4,43.6,1.836,7.91,7.32,145.3,1.021,9.5205,0,15/07/2019,,,,,,,,
9,2019,197,900,13.08,6.508,89.5,0,2.844,7.86,4.735,128.8,0.619,9.794,0,16/07/2019,,,,,,,,
9,2019,198,900,13.48,3.176,66.77,0.2,0.006,7.22,6.446,142.7,0.981,8.328,0,17/07/2019,,,,,,,,
9,2019,199,900,13.24,-0.826,95.4,7.8,-2.298,7.17,5.099,110.2,0.844,6.207,0,18/07/2019,,,,,,,,
9,2019,200,900,8.68,3.316,95.9,33,0.407,7.3,1.357,85.9,0.117,5.998,0,19/07/2019,,,,,,,,
9,2019,201,900,11.46,6.203,95.6,27.4,4.124,7.8,4.621,33.18,0.498,8.8315,0,20/07/2019,,,,,,,,
9,2019,202,900,12.35,7.46,96.7,4,5.061,8.15,4.521,13.3,0.583,9.905,0,21/07/2019,,,,,,,,
9,2019,203,900,16.18,4.481,90.1,0,1.414,8.14,9.13,59.13,0.975,10.3305,0.3305,22/07/2019,,,,,,,,
9,2019,204,900,14.23,2.459,94.4,9,-0.288,8.06,5.975,70.4,0.677,8.3445,0,23/07/2019,,,,,,,,
9,2019,205,900,14.81,6.31,93,0.2,4.529,8.49,6.89,53.9,0.744,10.56,0.56,24/07/2019,,,,,,,,
9,2019,206,900,16.04,4.584,81.2,0,1.782,8.31,7.7,144.2,0.912,10.312,0.312,25/07/2019,,,,,,,,
9,2019,207,900,17.01,3.945,78.4,0,1.261,8.13,9.39,137.9,1.12,10.4775,0.4775,26/07/2019,,,,,,,,
9,2019,208,900,18.09,4.308,83.9,0,-0.449,7.89,9.49,159.8,1.516,11.199,1.199,27/07/2019,,,,,,,,
9,2019,209,900,14.62,3.251,92.5,0,-0.424,7.81,4.657,74.3,0.667,8.9355,0,28/07/2019,,,,,,,,
9,2019,210,900,16.6,1.68,92.6,0,-0.644,7.79,7.94,66.47,0.872,9.14,0,29/07/2019,,,,,,,,
9,2019,211,900,15.87,5.112,89.1,0.4,1.437,8.07,6.049,126.1,0.889,10.491,0.491,30/07/2019,,,,,,,,
9,2019,212,900,8.24,1.799,73.8,12.4,-0.31,7.28,4.437,117.2,0.42,5.0195,0,31/07/2019,,,,,,,,
9,2019,213,900,12.48,-0.265,63.75,0,-2.059,6.669,8.3,153.8,1.313,6.1075,0,1/08/2019,,,,,,,,
9,2019,214,900,13.94,-1.314,75,0,-3.298,6.614,9.7,250.5,1.421,6.313,0,2/08/2019,,,,,,,,
9,2019,215,900,14.4,2.412,59.73,0.6,-1.248,6.813,10.32,211.7,1.523,8.406,0,3/08/2019,,,,,,,,
9,2019,216,900,13.09,5.535,63.96,0,0.315,6.791,10.3,227.8,1.481,9.3125,0,4/08/2019,,,,,,,,
9,2019,217,900,11.05,0.5,73.6,0,-2.499,6.188,10.95,196,1.617,5.775,0,5/08/2019,,,,,,,,
9,2019,218,900,14.1,-0.705,68.22,0,-3.316,6.107,7.78,164.7,1.345,6.6975,0,6/08/2019,,,,,,,,
9,2019,219,900,16.31,2.537,74.8,0,-1.921,6.313,7.45,186.1,1.191,9.4235,0,7/08/2019,,,,,,,,
9,2019,220,900,16.85,2.342,76.8,0,-1.227,6.765,9.49,166.6,1.487,9.596,0,8/08/2019,,,,,,,,
9,2019,221,900,17.55,3.094,91.2,0,0.213,6.976,10.44,92.4,1.524,10.322,0.322,9/08/2019,,,,,,,,
9,2019,222,900,8.95,2.429,89.1,15.6,-0.638,7.09,2.156,102,0.218,5.6895,0,10/08/2019,,,,,,,,
9,2019,223,900,13.22,3.556,96.2,12.8,0.53,7.13,4.765,35.9,0.622,8.388,0,11/08/2019,,,,,,,,
9,2019,224,900,10.35,3.791,66.23,0.8,-0.168,7.34,5.096,90.3,0.66,7.0705,0,12/08/2019,,,,,,,,
9,2019,225,900,15.43,2.359,87.1,0.2,-0.197,7.29,11.11,256.7,1.751,8.8945,0,13/08/2019,,,,,,,,
9,2019,226,900,12.71,0.808,88,1.4,-1.502,7.2,10.15,95.9,1.229,6.759,0,14/08/2019,,,,,,,,
9,2019,227,900,15.54,-0.453,90.3,0,-1.66,6.901,11.97,50.87,1.422,7.5435,0,15/08/2019,,,,,,,,
9,2019,228,900,15.92,-1.111,81.4,0,-2.738,6.774,5.375,189.7,1.047,7.4045,0,16/08/2019,,,,,,,,
9,2019,229,900,10.43,2.644,97.7,17.8,0.11,6.786,1.648,91.8,0.158,6.537,0,17/08/2019,,,,,,,,
9,2019,230,900,10.17,-1.262,83,0.2,-2.361,6.229,11.71,155.2,1.261,4.454,0,18/08/2019,,,,,,,,
9,2019,231,900,12.84,-2.226,72.4,0,-3.267,6.103,12.89,134.8,1.5,5.307,0,19/08/2019,,,,,,,,
9,2019,232,900,12.33,0.879,95.5,14.4,-2.86,6.278,7.32,121.2,0.871,6.6045,0,20/08/2019,,,,,,,,
9,2019,233,900,16.07,5.851,89.3,9.8,2.01,7.25,10.68,129.7,1.383,10.9605,0.9605,21/08/2019,,,,,,,,
9,2019,234,900,15.58,4.14,89.8,0.2,-0.215,7.3,11.86,118,1.543,9.86,0,22/08/2019,,,,,,,,
9,2019,235,900,16.56,1.259,90.1,1.4,-0.58,7.21,12.21,95.7,1.543,8.9095,0,23/08/2019,,,,,,,,
9,2019,236,900,13.87,-0.608,65.99,0.2,-2.311,6.975,13.67,112.3,1.589,6.631,0,24/08/2019,,,,,,,,
9,2019,237,900,20.02,0.902,74.1,0.8,-2.353,6.941,13.16,238.8,2.468,10.461,0.461,25/08/2019,,,,,,,,
9,2019,238,900,16.77,7.22,82,0,1.435,7.7,13.49,137.9,1.929,11.995,1.995,26/08/2019,,,,,,,,
9,2019,239,900,13.76,0.643,74.6,0,-1.815,7.24,14.03,94.1,1.673,7.2015,0,27/08/2019,,,,,,,,
9,2019,240,900,17.7,-0.003,56.41,0.2,-2.221,7.15,13.44,228.3,1.954,8.8485,0,28/08/2019,,,,,,,,
9,2019,241,900,17.6,7.99,78.6,0,3.087,7.85,12.65,195.2,2.232,12.795,2.795,29/08/2019,,,,,,,,
9,2019,242,900,17.2,2.436,73.6,0,-0.642,7.75,14.84,123.7,2.064,9.818,0,30/08/2019,,,,,,,,
9,2019,243,900,16.79,0.401,76.7,0,-1.404,7.63,14.98,143.9,2.159,8.5955,0,31/08/2019,,,,,,,,
9,2019,244,900,20.62,1.396,81,0,-0.975,7.62,14.48,149.4,2.41,11.008,1.008,1/09/2019,,,1.0,0,,,,
9,2019,245,900,16.14,3.732,79.7,0,0.182,7.99,15.08,126,2.022,9.936,0,2/09/2019,,,1.0,0,,,,
9,2019,246,900,16.27,1.188,94.7,1.8,-1.271,7.88,14.27,139.7,1.873,8.729,0,3/09/2019,,,1.0,1.8,,,,
9,2019,247,900,11.29,7.54,94.3,19,4.731,8.56,2.016,102.7,0.204,9.415,0,4/09/2019,,,1.0,20.8,,,,
9,2019,248,900,11.47,8.21,94.2,18.8,4.998,9.01,3.06,63.07,0.369,9.84,0,5/09/2019,,,1.0,39.6,,,,
9,2019,249,900,14.65,7.02,66.75,0.2,4.744,9.11,8.9,68.15,1.17,10.835,0.835,6/09/2019,,,1.8,39.8,,,,
9,2019,250,900,13.49,3.382,87.3,0,0.28,8.91,15.14,119.5,1.969,8.436,0,7/09/2019,,,1.8,39.8,,,,
9,2019,251,900,10.29,2.62,71.9,0,0.135,8.34,5.565,218,0.803,6.455,0,8/09/2019,,,1.8,39.8,,,,
9,2019,252,900,11.28,2.899,73,0,0.916,7.95,14.45,230.2,1.659,7.0895,0,9/09/2019,,,1.8,39.8,,,,
9,2019,253,900,13.25,0.055,70.1,0,-1.485,7.62,13.81,125.8,1.684,6.6525,0,10/09/2019,,,1.8,39.8,,,,
9,2019,254,900,15.2,-0.52,69,0.4,-3.05,7.55,14,186.7,1.976,7.34,0,11/09/2019,,,1.8,40.2,,,,
9,2019,255,900,19.53,2.376,51.06,0,0.078,7.94,15.55,340.7,3.072,10.953,0.953,12/09/2019,,,2.8,40.2,,,,
9,2019,256,900,18.17,9.45,94.1,11.8,3.756,8.69,14.1,192.8,2.275,13.81,3.81,13/09/2019,,,6.6,52,,,,
9,2019,257,900,8.98,7.85,90,36,5.805,9.26,3.533,85.1,0.387,8.415,0,14/09/2019,,,6.6,88,,,,
9,2019,258,900,17.19,6.974,57.17,0,4.719,9.23,15.24,212.6,2.268,12.082,2.082,15/09/2019,,,8.7,88,,,,
9,2019,259,900,17.43,8.17,63.73,0.2,2.938,9.23,8.84,319.3,1.9,12.8,2.8,16/09/2019,,,11.5,88.2,,,,
9,2019,260,900,18.6,11.62,62.5,0,6.223,9.03,18.66,274.7,3.141,15.11,5.11,17/09/2019,,,16.6,88.2,,,,
9,2019,261,900,18.82,0.193,70.4,0,-4.37,8.87,18.46,152.9,2.636,9.5065,0,18/09/2019,,,16.6,88.2,,,,
9,2019,262,900,17.07,2.837,73.6,0,-2.427,8.89,18.49,114.8,2.54,9.9535,0,19/09/2019,,,16.6,88.2,,,,
9,2019,263,900,17.02,1.574,75.6,0,-3.132,9.05,18.88,149.1,2.544,9.297,0,20/09/2019,,,16.6,88.2,,,,
9,2019,264,900,18.49,2.422,76.2,0,-3.14,9.59,18.88,114.9,2.541,10.456,0.456,21/09/2019,,,17.1,88.2,,,,
9,2019,265,900,20.17,1.758,46.65,0,-3.308,9.82,18.9,197.3,3.016,10.964,0.964,22/09/2019,,,18.0,88.2,,,,
9,2019,266,900,15.8,5.886,64.83,0.6,0.259,0,1.577,86.6,0.361,10.843,0.843,23/09/2019,,,18.9,88.8,,,,
9,2019,267,900,16.65,0,58.19,0,0,,12.27,143.1,1.928,8.325,0,24/09/2019,,,18.9,88.8,,,,
9,2019,268,900,16.24,3.254,56.23,0.2,-0.932,10.11,19.76,270.8,2.77,9.747,0,25/09/2019,,,18.9,89,,,,
9,2019,269,900,15.73,1.446,65.59,0,-2.135,9.55,19.51,296,2.986,8.588,0,26/09/2019,,,18.9,89,,,,
9,2019,270,900,16.18,3.261,46.27,0,-1.078,9.51,17.54,209.7,2.527,9.7205,0,27/09/2019,,,18.9,89,,,,
9,2019,271,900,18.87,2.99,57.66,0,-0.952,9.61,16.72,408.1,3.627,10.93,0.93,28/09/2019,,,19.8,89,,,,
9,2019,272,900,20.02,11.81,74.3,0,6.401,9.94,14.79,302.7,2.724,15.915,5.915,29/09/2019,,,25.7,89,,,,
9,2019,273,900,18.98,12.75,78.3,0.2,7.59,10.62,11.66,139,1.819,15.865,5.865,30/09/2019,,,31.6,89.2,,,,
9,2019,274,900,12.24,2.999,62.5,2.4,-0.827,11.13,8.7,100.5,1.088,7.6195,0,1/10/2019,,,31.6,91.6,,,,
9,2019,275,900,15.43,1.302,67.76,0.2,-1.558,10.02,13.32,212.1,2.068,8.366,0,2/10/2019,,,31.6,91.8,,,,
9,2019,276,900,13.68,0.03,74.3,0,-2.928,9.25,17.38,170.7,2.376,6.855,0,3/10/2019,,,31.6,91.8,,,,
9,2019,277,900,19.08,0.584,55.27,0,-1.952,9.21,19.32,212.8,3.178,9.832,0,4/10/2019,,,31.6,91.8,,,,
9,2019,278,900,18.24,9.5,80.1,4.4,2.397,9.51,7.54,160.7,1.085,13.87,3.87,5/10/2019,,,35.4,96.2,,,,
9,2019,279,900,14.42,1.171,66.07,0,-1.278,9.89,21.7,131.6,2.848,7.7955,0,6/10/2019,,,35.4,96.2,,,,
9,2019,280,900,19.84,1.503,49.88,0,-1.507,9.83,20.87,234.1,3.635,10.6715,0.6715,7/10/2019,,,36.1,96.2,,,,
9,2019,281,900,22.17,8.19,68.58,0,2.089,10.1,17.19,152.9,3.196,15.18,5.18,8/10/2019,,,41.3,96.2,,,,
9,2019,282,900,21.32,9.76,68.87,0,4.247,10.82,20.11,206.9,3.302,15.54,5.54,9/10/2019,,,46.8,96.2,,,,
9,2019,283,900,19.54,9.65,82.1,14.4,5.079,11.65,8.33,54.79,1.329,14.595,4.595,10/10/2019,,,51.4,110.6,,,,
9,2019,284,900,19.33,8.47,67.46,0,4.986,12.68,22.65,185.6,3.428,13.9,3.9,11/10/2019,,,55.3,110.6,,,,
9,2019,285,900,18.6,4.156,75.5,0.4,1.258,12.75,18.27,185.3,2.538,11.378,1.378,12/10/2019,,,56.7,111,,,,
9,2019,286,900,15.57,8.24,63.2,0,5.443,12.71,19.7,160.8,2.563,11.905,1.905,13/10/2019,,,58.6,111,,,,
9,2019,287,900,14.96,8.89,71.9,1.6,6.685,13.13,15.11,234,2.066,11.925,1.925,14/10/2019,,,60.5,112.6,,,,
9,2019,288,900,15.29,9.42,78.2,0.8,6.624,13.12,11.42,170.4,1.656,12.355,2.355,15/10/2019,,,62.9,113.4,,,,
9,2019,289,900,17.97,8.41,58.2,0,4.566,12.79,13.26,92.4,2.046,13.19,3.19,16/10/2019,,,66.1,113.4,,,,
9,2019,290,900,22.65,3.875,94.2,3.6,0.54,12.57,15.5,121,2.743,13.2625,3.2625,17/10/2019,,,69.3,117,,,,
9,2019,291,900,15.62,11.03,72.1,21.8,8.7,12.56,6.535,65.26,0.946,13.325,3.325,18/10/2019,,,72.7,138.8,,,,
9,2019,292,900,22.2,10.25,67.78,0,5.795,13.38,21.4,100.4,3.15,16.225,6.225,19/10/2019,,,78.9,138.8,,,,
9,2019,293,900,21.88,5.196,73.3,0,2.282,13.36,20.71,153.2,3.593,13.538,3.538,20/10/2019,,,82.4,138.8,,,,
9,2019,294,900,19.29,7.69,48.93,0.6,3.994,13.57,20.25,282.2,3.462,13.49,3.49,21/10/2019,,,85.9,139.4,,,,
9,2019,295,900,18.74,6.934,43.59,0,2.527,13.02,20.94,206.1,3.354,12.837,2.837,22/10/2019,,,88.8,139.4,,,,
9,2019,296,900,15.99,6.374,56.09,0,2.954,12.97,21.53,217.8,3.429,11.182,1.182,23/10/2019,,,89.9,139.4,,,,
9,2019,297,900,18.78,2.496,52.35,0,-0.09,12.41,24.14,222.1,3.741,10.638,0.638,24/10/2019,,,90.6,139.4,,,,
9,2019,298,900,16.97,0.872,67.94,0,-2.467,12.1,19.4,178.3,2.727,8.921,0,25/10/2019,,,90.6,139.4,,,,
9,2019,299,900,24,4.013,44.32,0,0.463,12.09,23.89,103.4,4.099,14.0065,4.0065,26/10/2019,,,94.6,139.4,,,,
9,2019,300,900,22.44,7.19,47.18,0,3.469,12.26,23.63,265.9,3.894,14.815,4.815,27/10/2019,,,99.4,139.4,,,,
9,2019,301,900,21.46,10.41,48.55,0,4.474,13.73,19.57,207,3.478,15.935,5.935,28/10/2019,,,105.3,139.4,,,,
9,2019,302,900,19.46,9.16,55.34,0.2,3.769,13.84,24.99,158.8,4.08,14.31,4.31,29/10/2019,,,109.6,139.6,,,,
9,2019,303,900,22.05,2.2,60.16,0.6,-1.175,13.64,21.73,180.6,3.892,12.125,2.125,30/10/2019,,,111.8,140.2,,,,
9,2019,304,900,22.18,5.863,71.3,0,2.605,13.64,23.46,250.5,4.481,14.0215,4.0215,31/10/2019,,,115.8,140.2,,,,
9,2019,305,900,17.55,5.005,68.45,0,0.188,14,19.97,98,2.957,11.2775,1.2775,1/11/2019,,,117.1,140.2,,,,
9,2019,306,900,22.31,4.998,63.05,0,1.04,13.96,23.68,48.2,3.548,13.654,3.654,2/11/2019,,,120.7,140.2,,,,
9,2019,307,900,27.31,7.33,25.73,0,3.744,13.97,24.68,108.2,4.593,17.32,7.32,3/11/2019,,,128.0,140.2,,,,
9,2019,308,900,30.1,9.64,35,0,5.215,14.99,25.42,179.5,5.165,19.87,9.87,4/11/2019,,,137.9,140.2,,,,
9,2019,309,900,26.64,14.87,63.39,0,8.21,15.93,18.98,140.7,4.032,20.755,10.755,5/11/2019,,,148.7,140.2,,,,
9,2019,310,900,24.78,12.21,67.13,0,8.37,16.88,18.3,154.5,3.424,18.495,8.495,6/11/2019,,,157.2,140.2,,,,
9,2019,311,900,25.73,10.41,70.5,4.8,6.981,16.86,17.32,187.9,3.524,18.07,8.07,7/11/2019,,,165.2,145,,,,
9,2019,312,900,24.04,15.68,66.04,0,12.74,16.86,26.32,158.2,4.29,19.86,9.86,8/11/2019,,,175.1,145,,,,
9,2019,313,900,24.21,13.28,89.9,30.4,9.06,17.41,16.46,95.8,2.672,18.745,8.745,9/11/2019,,,183.8,175.4,,,,
9,2019,314,900,21.48,14.54,89.3,28.8,11.92,17.75,11.51,129.9,1.739,18.01,8.01,10/11/2019,,,191.8,204.2,,,,
9,2019,315,900,15.55,9.92,60.98,1.2,8.73,16.81,14.07,91.6,1.883,12.735,2.735,11/11/2019,,,194.6,205.4,,,,
9,2019,316,900,17.59,6.664,67.67,0,4.549,15.58,24.62,84.1,3.25,12.127,2.127,12/11/2019,,,196.7,205.4,,,,
9,2019,317,900,20.55,3.479,52.98,9.2,2.267,15.53,22.91,212.6,3.736,12.0145,2.0145,13/11/2019,,,198.7,214.6,,,,
9,2019,318,900,20.62,12.87,55.36,2.8,8.94,15.5,23.25,137.8,3.663,16.745,6.745,14/11/2019,,,205.5,217.4,,,,
9,2019,319,900,22.01,5.605,55.94,0,3.109,15.42,24.02,131.3,4.232,13.8075,3.8075,15/11/2019,,,209.3,217.4,,,,
9,2019,320,900,23.11,9.38,50.33,1.6,6.061,15.42,21.5,176.5,3.73,16.245,6.245,16/11/2019,,,215.5,219,,,,
9,2019,321,900,21.53,12.73,54.96,0,8.43,16.1,17.17,147.8,3.008,17.13,7.13,17/11/2019,,,222.7,219,,,,
9,2019,322,900,18.28,10.63,53.89,1.4,7.09,16.17,16.42,151.3,2.59,14.455,4.455,18/11/2019,,,227.1,220.4,,,,
9,2019,323,900,19.63,8.03,47.9,2.2,4.784,15.1,18.06,123.6,3.132,13.83,3.83,19/11/2019,,,230.9,222.6,,,,
9,2019,324,900,20.5,7.28,51.46,0,4.779,15.09,28.56,135.7,4.297,13.89,3.89,20/11/2019,,,234.8,222.6,,,,
9,2019,325,900,23.2,2.387,36.6,0,1.259,15.21,26.79,144.9,4.846,12.7935,2.7935,21/11/2019,,,237.6,222.6,,,,
9,2019,326,900,27.18,12.2,52.97,0,7.47,15.17,25.54,140.9,5.121,19.69,9.69,22/11/2019,,,247.3,222.6,,,,
9,2019,327,900,25.83,12.58,41.16,0,9.8,15.79,24.98,118.4,4.213,19.205,9.205,23/11/2019,,,256.5,222.6,,,,
9,2019,328,900,29.24,10.33,45.04,0,8.34,17.01,18.98,143.1,4.097,19.785,9.785,24/11/2019,,,266.3,222.6,,,,
9,2019,329,900,21.84,6.731,52.92,0,4.396,17.12,28.48,109,4.468,14.2855,4.2855,25/11/2019,,,270.6,222.6,,,,
9,2019,330,900,31.82,5.914,43.14,0,4.605,17.12,25.52,78.6,5.431,18.867,8.867,26/11/2019,,,279.5,222.6,,,,
9,2019,331,900,27.99,9.29,56.11,0,5.921,17.09,27.53,121.8,5.444,18.64,8.64,27/11/2019,,,288.1,222.6,,,,
9,2019,332,900,26.26,9.57,54.73,0,7.2,18.11,27.52,115.5,5.184,17.915,7.915,28/11/2019,,,296.0,222.6,,,,
9,2019,333,900,26.25,9.46,67.63,0,6.722,18.51,26.7,128.2,4.428,17.855,7.855,29/11/2019,,,303.9,222.6,,,,
9,2019,334,900,25.04,7.55,64.72,0,6.027,18.73,24.98,72.3,4.422,16.295,6.295,30/11/2019,,,310.2,222.6,,,,
9,2019,335,900,22.29,13.22,87.9,1.6,9.6,18.8,14.83,139.8,2.748,17.755,7.755,1/12/2019,,,317.9,224.2,,,,
9,2019,336,900,20.2,16.39,76.2,23.8,13.49,19.42,10.41,146.3,1.752,18.295,8.295,2/12/2019,,,326.2,248,,,,
9,2019,337,900,20.96,16.67,55.22,18,13.62,18.89,9.52,218,2.187,18.815,8.815,3/12/2019,,,335.0,266,,,,
9,2019,338,900,22.43,14.15,40.17,0,9.74,17.48,16.37,190.2,3.379,18.29,8.29,4/12/2019,,,343.3,266,,,,
9,2019,339,900,24.99,14.15,46.54,0,9.56,17.36,29.64,146.8,5.713,19.57,9.57,5/12/2019,,,352.9,266,,,,
9,2019,340,900,23.14,7.82,57.17,0,6.272,17.38,22.49,205.1,4.28,15.48,5.48,6/12/2019,,,358.4,266,,,,
9,2019,341,900,24.88,13.64,86.8,4.6,10.71,17.72,5.606,97.8,1.268,19.26,9.26,7/12/2019,,,367.6,270.6,,,,
9,2019,342,900,21.32,12.64,48.69,14,9.81,17.65,12.24,76.2,1.83,16.98,6.98,8/12/2019,,,374.6,284.6,,,,
9,2019,343,900,20.81,8.36,60.37,0,6.165,16.63,28.42,110,4.441,14.585,4.585,9/12/2019,,,379.2,284.6,,,,
9,2019,344,900,20.76,5.005,55.72,0,4.249,16.63,28.92,77.5,4.591,12.8825,2.8825,10/12/2019,,,382.1,284.6,,,,
9,2019,345,900,25.19,8.51,67.92,0,7.41,16.96,26.05,73.4,4.484,16.85,6.85,11/12/2019,,,388.9,284.6,,,,
9,2019,346,900,23.64,7.13,54.79,0,6.254,17.56,29.26,105.2,4.4,15.385,5.385,12/12/2019,,,394.3,284.6,,,,
9,2019,347,900,26.12,9.3,40.56,0,8.41,17.82,24.59,163.9,4.665,17.71,7.71,13/12/2019,,,402.0,284.6,,,,
9,2019,348,900,24.26,12.87,41.38,0,8.08,18.18,27.73,115.2,5.051,18.565,8.565,14/12/2019,,,410.6,284.6,,,,
9,2019,349,900,23.06,11.67,80.1,0,7.87,18.21,24.86,113.5,4.375,17.365,7.365,15/12/2019,,,417.9,284.6,,,,
9,2019,350,900,23.44,12.27,81,50.4,10.68,18.29,16.37,106.9,2.819,17.855,7.855,16/12/2019,,,425.8,335,,,,
9,2019,351,900,20.64,15.59,87.7,24.6,13.68,18.75,8.37,65.61,1.37,18.115,8.115,17/12/2019,,,433.9,359.6,,,,
9,2019,352,900,20.17,9.3,51.5,4.4,8.61,17.6,23.48,65.4,3.5,14.735,4.735,18/12/2019,,,438.7,364,,,,
9,2019,353,900,22.66,5.921,50.56,4.8,5.722,17.28,17.78,142.7,3.288,14.2905,4.2905,19/12/2019,,,442.9,368.8,,,,
9,2019,354,900,21.41,12.69,67.92,3.6,10.88,17.27,27.91,116.7,4.396,17.05,7.05,20/12/2019,,,450.0,372.4,,,,
9,2019,355,900,18.99,4.961,62.46,0,4.774,17.07,24.13,76,3.637,11.9755,1.9755,21/12/2019,,,452.0,372.4,,,,
9,2019,356,900,23.86,6.373,84.8,0,6.42,17.06,17.25,58.22,3.048,15.1165,5.1165,22/12/2019,,,457.1,372.4,,,,
9,2019,357,900,22.64,8.26,60.1,0,7.8,17.15,26.62,96.8,4.356,15.45,5.45,23/12/2019,,,462.5,372.4,,,,
9,2019,358,900,21.24,6.091,65.86,0,5.918,17.67,28.93,110.8,4.786,13.6655,3.6655,24/12/2019,,,466.2,372.4,,,,
9,2019,359,900,19.45,6.901,57.88,0,6.803,17.66,22.27,97.7,3.373,13.1755,3.1755,25/12/2019,,,469.4,372.4,,,,
9,2019,360,900,21.29,8.75,45.5,0,8.15,17.66,28.8,73.7,4.565,15.02,5.02,26/12/2019,,,474.4,372.4,,,,
9,2019,361,900,27.14,7.59,50.63,0.2,6.967,17.7,29.72,121.5,5.538,17.365,7.365,27/12/2019,,,481.8,372.6,,,,
9,2019,362,900,21.28,12.16,52.65,0,8.32,17.98,30.32,84.6,4.667,16.72,6.72,28/12/2019,,,488.5,372.6,,,,
9,2019,363,900,27.26,4.864,53.2,0,4.909,18.44,29.43,101,5.248,16.062,6.062,29/12/2019,,,494.5,372.6,,,,
9,2019,364,900,23.1,13.32,74.5,0,10.18,18.44,15.52,122.4,2.687,18.21,8.21,30/12/2019,,,502.8,372.6,,,,
9,2019,365,900,24.53,13.15,63.17,0,12.1,19.12,26.46,37.94,4.307,18.84,8.84,31/12/2019,,,511.6,372.6,,,,
9,2020,1,900,29.26,11.44,75.6,0,10.34,19.12,21.18,40.81,3.866,20.35,10.35,1/01/2020,,,521.9,372.6,,,,
9,2020,2,900,31.64,9.63,68.45,0,8.98,19.81,19.38,48.88,3.48,20.635,10.635,2/01/2020,,,532.6,372.6,,,,
9,2020,3,900,23.16,13.78,64.97,0,12.33,19.9,22.9,99.8,3.632,18.47,8.47,3/01/2020,,,541.0,372.6,,,,
9,2020,4,900,19.62,6.646,62.63,0,6.097,19.51,23.44,98.6,3.549,13.133,3.133,4/01/2020,,,544.2,372.6,,,,
9,2020,5,900,19.55,9.2,37.73,0,9.05,19.48,11.21,156.6,2.27,14.375,4.375,5/01/2020,,,548.6,372.6,,,,
9,2020,6,900,20.81,11.9,42.67,3,8.29,18.06,30.26,260.8,5.538,16.355,6.355,6/01/2020,,,554.9,375.6,,,,
9,2020,7,900,21.8,8.07,77.8,1.8,5.597,18.04,21.1,78.8,3.631,14.935,4.935,7/01/2020,,,559.8,377.4,,,,
9,2020,8,900,18.52,10.43,63.15,0,10.48,18.1,12.08,43.56,1.84,14.475,4.475,8/01/2020,,,564.3,377.4,,,,
9,2020,9,900,,7.21,,,5.858,17.54,,,,,,,,,,,,,,
