Column Headings applicable to the hourly data output ID 24,,,,,,,,,,,,,,,
1,2,3,4,5,6,,2003 ID 24 Data missing from 163 to 175 replaced with WAI,,,,,,,,
ID,Year,Day,Hour,Min,Max,,2007 ID 24 Data lost day 229 to day 257 replaced with WAI,,,,,,,,
,,,,Temp,Temp,,However WAI summary done at 9am so backdated T max to previous day,,,,,,,,
,,,,°C,°C,,Note T min on Day 266 in 2003  was actually at 2200 the previous day (265). I have left it as is for the time being,,,,,,,,
24,2018,1,2400,14.53,23.43,12.81,1/01/2018,18.98,8.98,,,,,,
24,2018,2,2400,14.36,28.34,12.79,2/01/2018,21.35,11.35,,,,,,
24,2018,3,2400,13.51,29.61,12.79,3/01/2018,21.56,11.56,,,,,,
24,2018,4,2400,13.61,29.75,12.79,4/01/2018,21.68,11.68,,,,,,
24,2018,5,2400,15.98,24.52,12.82,5/01/2018,20.25,10.25,,,,,,
24,2018,6,2400,11.42,25.46,12.76,6/01/2018,18.44,8.44,,,,,,
24,2018,7,2400,9.9,22.93,12.81,7/01/2018,16.415,6.415,,,,,,
24,2018,8,2400,11.15,27.56,12.8,8/01/2018,19.355,9.355,,,,,,
24,2018,9,2400,11.83,29.77,12.82,9/01/2018,20.8,10.8,,,,,,
24,2018,10,2400,14.24,24.26,12.76,10/01/2018,19.25,9.25,,,,,,
24,2018,11,2400,13.71,19.27,12.81,11/01/2018,16.49,6.49,,,,,,
24,2018,12,2400,13.21,17.42,12.8,12/01/2018,15.315,5.315,,,,,,
24,2018,13,2400,13.59,25.55,12.83,13/01/2018,19.57,9.57,,,,,,
24,2018,14,2400,13.48,29.71,12.79,14/01/2018,21.595,11.595,,,,,,
24,2018,15,2400,15.53,30.36,12.8,15/01/2018,22.945,12.945,,,,,,
24,2018,16,2400,13.73,28.92,12.81,16/01/2018,21.325,11.325,,,,,,
24,2018,17,2400,16.87,23.05,12.79,17/01/2018,19.96,9.96,,,,,,
24,2018,18,2400,15.4,27.21,12.81,18/01/2018,21.305,11.305,,,,,,
24,2018,19,2400,14.54,24.56,12.79,19/01/2018,19.55,9.55,,,,,,
24,2018,20,2400,15.02,31.88,12.79,20/01/2018,23.45,13.45,,,,,,
24,2018,21,2400,16.11,26.59,12.81,21/01/2018,21.35,11.35,,,,,,
24,2018,22,2400,17.36,28.66,12.83,22/01/2018,23.01,13.01,,,,,,
24,2018,23,2400,14.51,27.83,12.79,23/01/2018,21.17,11.17,,,,,,
24,2018,24,2400,12.2,30.42,12.77,24/01/2018,21.31,11.31,,,,,,
24,2018,25,2400,14.16,29.88,12.79,25/01/2018,22.02,12.02,,,,,,
24,2018,26,2400,17.44,25.11,12.81,26/01/2018,21.275,11.275,,,,,,
24,2018,27,2400,14.93,27.79,12.8,27/01/2018,21.36,11.36,,,,,,
24,2018,28,2400,11.83,25.65,12.82,28/01/2018,18.74,8.74,,,,,,
24,2018,29,2400,17.83,28.72,12.81,29/01/2018,23.275,13.275,,,,,,
24,2018,30,2400,15.24,33.99,12.79,30/01/2018,24.615,14.615,,,,,,
24,2018,31,2400,14.33,27.25,12.81,31/01/2018,20.79,10.79,,,,,,
24,2018,32,2400,17.55,25.88,12.83,1/02/2018,21.715,11.715,,,,,,
24,2018,33,2400,12.1,22.56,12.78,2/02/2018,17.33,7.33,,,,,,
24,2018,34,2400,9.44,20.15,12.8,3/02/2018,14.795,4.795,,,,,,
24,2018,35,2400,12.12,22.89,12.81,4/02/2018,17.505,7.505,,,,,,
24,2018,36,2400,13.28,25.75,12.8,5/02/2018,19.515,9.515,,,,,,
24,2018,37,2400,12.14,23.55,12.79,6/02/2018,17.845,7.845,,,,,,
24,2018,38,2400,7.65,21.02,12.79,7/02/2018,14.335,4.335,,,,,,
24,2018,39,2400,6.906,21.75,12.8,8/02/2018,14.328,4.328,,,,,,
24,2018,40,2400,7.07,26.72,12.8,9/02/2018,16.895,6.895,,,,,,
24,2018,41,2400,10.86,22.44,12.82,10/02/2018,16.65,6.65,,,,,,
24,2018,42,2400,16.61,20.18,12.62,11/02/2018,18.395,8.395,,,,,,
24,2018,43,2400,15.08,29.57,12.81,12/02/2018,22.325,12.325,,,,,,
24,2018,44,2400,12.48,31.67,12.79,13/02/2018,22.075,12.075,,,,,,
24,2018,45,2400,15.42,25.46,12.79,14/02/2018,20.44,10.44,,,,,,
24,2018,46,2400,13.31,27.52,12.8,15/02/2018,20.415,10.415,,,,,,
24,2018,47,2400,12.34,30.8,12.8,16/02/2018,21.57,11.57,,,,,,
24,2018,48,2400,14.43,27.85,12.8,17/02/2018,21.14,11.14,,,,,,
24,2018,49,2400,11.86,31.74,12.79,18/02/2018,21.8,11.8,,,,,,
24,2018,50,2400,17.09,27.44,12.81,19/02/2018,22.265,12.265,,,,,,
24,2018,51,2400,14.59,17.44,12.61,20/02/2018,16.015,6.015,,,,,,
24,2018,52,2400,10.23,22.29,12.81,21/02/2018,16.26,6.26,,,,,,
24,2018,53,2400,9.67,20.37,12.78,22/02/2018,15.02,5.02,,,,,,
24,2018,54,2400,8.39,24.45,12.79,23/02/2018,16.42,6.42,,,,,,
24,2018,55,2400,9.5,25.74,12.78,24/02/2018,17.62,7.62,,,,,,
24,2018,56,2400,11.43,25.46,12.81,25/02/2018,18.445,8.445,,,,,,
24,2018,57,2400,7.53,20.48,12.8,26/02/2018,14.005,4.005,,,,,,
24,2018,58,2400,6.805,17.79,12.8,27/02/2018,12.2975,2.2975,,,,,,
24,2018,59,2400,11.52,21.6,12.83,28/02/2018,16.56,6.56,,,,,,
24,2018,60,2400,13.74,27.61,12.8,1/03/2018,20.675,10.675,,,,,,
24,2018,61,2400,15.93,25.1,12.81,2/03/2018,20.515,10.515,,,,,,
24,2018,62,2400,14.15,28.51,12.8,3/03/2018,21.33,11.33,,,,,,
24,2018,63,2400,13.27,26.84,12.8,4/03/2018,20.055,10.055,,,,,,
24,2018,64,2400,13.78,27.77,12.8,5/03/2018,20.775,10.775,,,,,,
24,2018,65,2400,10.93,22.38,12.8,6/03/2018,16.655,6.655,,,,,,
24,2018,66,2400,12.18,15.62,12.71,7/03/2018,13.9,3.9,,,,,,
24,2018,67,2400,12.2,21.28,12.81,8/03/2018,16.74,6.74,,,,,,
24,2018,68,2400,7.69,22.63,12.79,9/03/2018,15.16,5.16,,,,,,
24,2018,69,2400,4.411,20.02,12.79,10/03/2018,12.2155,2.2155,,,,,,
24,2018,70,2400,4.737,21.58,12.78,11/03/2018,13.1585,3.1585,,,,,,
24,2018,71,2400,7.45,26.89,12.79,12/03/2018,17.17,7.17,,,,,,
24,2018,72,2400,8.87,27.58,12.79,13/03/2018,18.225,8.225,,,,,,
24,2018,73,2400,6.155,25.89,12.8,14/03/2018,16.0225,6.0225,,,,,,
24,2018,74,2400,12.62,26.17,12.8,15/03/2018,19.395,9.395,,,,,,
24,2018,75,2400,12.41,27.94,12.79,16/03/2018,20.175,10.175,,,,,,
24,2018,76,2400,6.415,17.74,12.81,17/03/2018,12.0775,2.0775,,,,,,
24,2018,77,2400,6.551,23.57,12.81,18/03/2018,15.0605,5.0605,,,,,,
24,2018,78,2400,8.55,25.65,12.8,19/03/2018,17.1,7.1,,,,,,
24,2018,79,2400,8.3,25.72,12.79,20/03/2018,17.01,7.01,,,,,,
24,2018,80,2400,9.89,27.62,12.82,21/03/2018,18.755,8.755,,,,,,
24,2018,81,2400,10.1,16.95,12.68,22/03/2018,13.525,3.525,,,,,,
24,2018,82,2400,9.77,13.39,12.56,23/03/2018,11.58,1.58,,,,,,
24,2018,83,2400,10.77,20.02,12.82,24/03/2018,15.395,5.395,,,,,,
24,2018,84,2400,8.25,22.21,12.8,25/03/2018,15.23,5.23,,,,,,
24,2018,85,2400,9.27,25.4,12.8,26/03/2018,17.335,7.335,,,,,,
24,2018,86,2400,10.13,26.37,12.81,27/03/2018,18.25,8.25,,,,,,
24,2018,87,2400,10.24,25.77,12.77,28/03/2018,18.005,8.005,,,,,,
24,2018,88,2400,8.04,23.43,12.79,29/03/2018,15.735,5.735,,,,,,
24,2018,89,2400,6.929,22.89,12.8,30/03/2018,14.9095,4.9095,,,,,,
24,2018,90,2400,8.82,24.55,12.79,31/03/2018,16.685,6.685,,,,,,
24,2018,91,2400,6.309,22.03,12.77,1/04/2018,14.1695,4.1695,,,,,,
24,2018,92,2400,4.975,23.34,12.81,2/04/2018,14.1575,4.1575,,,,,,
24,2018,93,2400,14.29,25.35,12.8,3/04/2018,19.82,9.82,,,,,,
24,2018,94,2400,14.61,24.77,12.8,4/04/2018,19.69,9.69,,,,,,
24,2018,95,2400,7.89,20.7,12.79,5/04/2018,14.295,4.295,,,,,,
24,2018,96,2400,5.089,27.81,12.8,6/04/2018,16.4495,6.4495,,,,,,
24,2018,97,2400,11.16,25.23,12.78,7/04/2018,18.195,8.195,,,,,,
24,2018,98,2400,9.24,20.67,12.81,8/04/2018,14.955,4.955,,,,,,
24,2018,99,2400,8.41,17.87,12.79,9/04/2018,13.14,3.14,,,,,,
24,2018,100,2400,4.425,10.28,12.56,10/04/2018,7.3525,0,,,,,,
24,2018,101,2400,1.671,15.45,12.76,11/04/2018,8.5605,0,,,,,,
24,2018,102,2400,0.087,18.25,12.77,12/04/2018,9.1685,0,,,,,,
24,2018,103,2400,5.21,17.92,12.76,13/04/2018,11.565,1.565,,,,,,
24,2018,104,2400,8.3,13.25,12.7,14/04/2018,10.775,0.775,,,,,,
24,2018,105,2400,2.923,19.34,12.8,15/04/2018,11.1315,1.1315,,,,,,
24,2018,106,2400,7.01,21.63,12.79,16/04/2018,14.32,4.32,,,,,,
24,2018,107,2400,5.883,22.83,12.77,17/04/2018,14.3565,4.3565,,,,,,
24,2018,108,2400,2.307,17.82,12.75,18/04/2018,10.0635,0.0635,,,,,,
24,2018,109,2400,0.997,21.37,12.8,19/04/2018,11.1835,1.1835,,,,,,
24,2018,110,2400,11.59,21.48,12.78,20/04/2018,16.535,6.535,,,,,,
24,2018,111,2400,6.782,23.39,12.77,21/04/2018,15.086,5.086,,,,,,
24,2018,112,2400,3.868,17.7,12.75,22/04/2018,10.784,0.784,,,,,,
24,2018,113,2400,1.789,19.94,12.76,23/04/2018,10.8645,0.8645,,,,,,
24,2018,114,2400,2.03,19.98,12.76,24/04/2018,11.005,1.005,,,,,,
24,2018,115,2400,3.628,20.47,12.76,25/04/2018,12.049,2.049,,,,,,
24,2018,116,2400,2.448,21.29,12.78,26/04/2018,11.869,1.869,,,,,,
24,2018,117,2400,3.456,19.68,12.78,27/04/2018,11.568,1.568,,,,,,
24,2018,118,2400,11.37,15.69,12.61,28/04/2018,13.53,3.53,,,,,,
24,2018,119,2400,11.95,15.9,12.58,29/04/2018,13.925,3.925,,,,,,
24,2018,120,2400,10.12,14.05,12.52,30/04/2018,12.085,2.085,,,,,,
24,2018,121,2400,7.62,15.76,12.81,,,,,,,,,
24,2018,122,2400,6.748,15.63,12.81,,,,,,,,,
24,2018,123,2400,3.197,18.6,12.79,,,,,,,,,
24,2018,124,2400,4.213,17.75,12.76,,,,,,,,,
24,2018,125,2400,4.555,17.77,12.79,,,,,,,,,
24,2018,126,2400,9.3,20.11,12.78,,,,,,,,,
24,2018,127,2400,4.31,18.92,12.79,,,,,,,,,
24,2018,128,2400,11.81,21.64,12.78,,,,,,,,,
24,2018,129,2400,6.628,23.38,12.76,,,,,,,,,
24,2018,130,2400,6.252,18.56,12.79,,,,,,,,,
24,2018,131,2400,9.82,17.51,12.66,,,,,,,,,
24,2018,132,2400,9.52,17.28,12.62,,,,,,,,,
24,2018,133,2400,5.826,14.24,12.82,,,,,,,,,
24,2018,134,2400,5.622,16.8,12.81,,,,,,,,,
24,2018,135,2400,10.72,13.02,12.67,,,,,,,,,
24,2018,136,2400,4.522,13.91,12.53,,,,,,,,,
24,2018,137,2400,2.897,15.15,12.81,,,,,,,,,
24,2018,138,2400,8.09,18.3,12.78,,,,,,,,,
24,2018,139,2400,7.23,19.62,12.77,,,,,,,,,
24,2018,140,2400,7.59,17.72,12.77,,,,,,,,,
24,2018,141,2400,7.1,16.33,12.77,,,,,,,,,
24,2018,142,2400,4.284,15.97,12.75,,,,,,,,,
24,2018,143,2400,1.356,14.29,12.75,,,,,,,,,
24,2018,144,2400,1.121,13.6,12.76,,,,,,,,,
24,2018,145,2400,1.582,14.48,12.75,,,,,,,,,
24,2018,146,2400,-1.376,14.21,12.77,,,,,,,,,
24,2018,147,2400,1.453,14.71,12.75,,,,,,,,,
24,2018,148,2400,-0.625,12.35,12.75,,,,,,,,,
24,2018,149,2400,-1.995,12.03,12.75,,,,,,,,,
24,2018,150,2400,-1.175,11.96,12.76,,,,,,,,,
24,2018,151,2400,0.644,12.84,12.77,,,,,,,,,
24,2018,152,2400,3.076,14.41,12.76,,,,,,,,,
24,2018,153,2400,3.779,12.1,12.76,,,,,,,,,
24,2018,154,2400,6.256,12.07,12.62,,,,,,,,,
24,2018,155,2400,8.86,12.15,12.53,,,,,,,,,
24,2018,156,2400,4.304,15.48,12.8,,,,,,,,,
24,2018,157,2400,-1.296,10.79,12.75,,,,,,,,,
24,2018,158,2400,-0.785,12.55,12.77,,,,,,,,,
24,2018,159,2400,-0.842,13.09,12.77,,,,,,,,,
24,2018,160,2400,-0.069,15.94,12.79,,,,,,,,,
24,2018,161,2400,3.389,18.03,12.76,,,,,,,,,
24,2018,162,2400,3.69,13.74,12.66,,,,,,,,,
24,2018,163,2400,9.33,11.7,12.62,,,,,,,,,
24,2018,164,2400,8.84,12.36,12.49,,,,,,,,,
24,2018,165,2400,4.109,16.6,12.81,,,,,,,,,
24,2018,166,2400,2.996,18.24,12.77,,,,,,,,,
24,2018,167,2400,2.882,17.52,12.75,,,,,,,,,
24,2018,168,2400,7.58,17.02,12.77,,,,,,,,,
24,2018,169,2400,2.389,9.62,12.65,,,,,,,,,
24,2018,170,2400,1.339,14.1,12.78,,,,,,,,,
24,2018,171,2400,-0.859,9.67,12.77,,,,,,,,,
24,2018,172,2400,-0.866,10.56,12.78,,,,,,,,,
24,2018,173,2400,-0.658,11.58,12.75,,,,,,,,,
24,2018,174,2400,-2.404,13.91,12.74,,,,,,,,,
24,2018,175,2400,3.399,15.41,12.76,,,,,,,,,
24,2018,176,2400,3.891,12.32,12.76,,,,,,,,,
24,2018,177,2400,1.251,11.56,12.77,,,,,,,,,
24,2018,178,2400,-0.463,14.34,12.77,,,,,,,,,
24,2018,179,2400,1.289,14.29,12.75,,,,,,,,,
24,2018,180,2400,-0.517,14.55,12.76,,,,,,,,,
24,2018,181,2400,-1.225,14.29,12.76,,,,,,,,,
24,2018,182,2400,0.819,10.11,12.64,,,,,,,,,
24,2018,183,2400,3.016,14.41,12.79,,,,,,,,,
24,2018,184,2400,-0.18,13.23,12.77,,,,,,,,,
24,2018,185,2400,-2.172,13.63,12.76,,,,,,,,,
24,2018,186,2400,0.017,12.39,12.77,,,,,,,,,
24,2018,187,2400,-0.143,16.3,12.77,,,,,,,,,
24,2018,188,2400,8.1,15.71,12.73,,,,,,,,,
24,2018,189,2400,6.973,15.64,12.6,,,,,,,,,
24,2018,190,2400,6.001,13.82,12.77,,,,,,,,,
24,2018,191,2400,1.48,14.01,12.78,,,,,,,,,
24,2018,192,2400,0.628,14.2,12.79,,,,,,,,,
24,2018,193,2400,2.691,10.64,12.75,,,,,,,,,
24,2018,194,2400,1.785,14.5,12.78,,,,,,,,,
24,2018,195,2400,1.054,15.82,12.77,,,,,,,,,
24,2018,196,2400,2.243,10.64,12.66,,,,,,,,,
24,2018,197,2400,5.099,16.99,12.78,,,,,,,,,
24,2018,198,2400,3.811,16.71,12.76,,,,,,,,,
24,2018,199,2400,1.45,15.8,12.75,,,,,,,,,
24,2018,200,2400,2,14.59,12.76,,,,,,,,,
24,2018,201,2400,1.842,17.45,12.77,,,,,,,,,
24,2018,202,2400,5.139,14.14,12.65,,,,,,,,,
24,2018,203,2400,4.078,15.36,12.78,,,,,,,,,
24,2018,204,2400,1.735,10.23,12.76,,,,,,,,,
24,2018,205,2400,2.384,9.61,12.78,,,,,,,,,
24,2018,206,2400,1.141,12.03,12.77,,,,,,,,,
24,2018,207,2400,0.355,14.92,12.77,,,,,,,,,
24,2018,208,2400,0.336,15.41,12.77,,,,,,,,,
24,2018,209,2400,6.303,16.47,12.78,,,,,,,,,
24,2018,210,2400,2.277,16.61,12.76,,,,,,,,,
24,2018,211,2400,-1.442,13.44,12.76,,,,,,,,,
24,2018,212,2400,4.244,11.63,12.68,,,,,,,,,
24,2018,213,2400,6.092,18.2,12.78,,,,,,,,,
24,2018,214,2400,3.506,12.06,12.64,,,,,,,,,
24,2018,215,2400,2.926,15.42,12.77,,,,,,,,,
24,2018,216,2400,2.107,12.95,12.79,,,,,,,,,
24,2018,217,2400,7.01,12.75,12.75,,,,,,,,,
24,2018,218,2400,7.9,16.48,12.81,,,,,,,,,
24,2018,219,2400,3.774,14.01,12.8,,,,,,,,,
24,2018,220,2400,9.22,13.66,12.6,,,,,,,,,
24,2018,221,2400,4.331,18.45,12.78,,,,,,,,,
24,2018,222,2400,4.794,15.68,12.75,,,,,,,,,
24,2018,223,2400,3.757,16.17,12.76,,,,,,,,,
24,2018,224,2400,1.861,18.46,12.75,,,,,,,,,
24,2018,225,2400,0.732,15.63,12.77,,,,,,,,,
24,2018,226,2400,6.868,15.81,12.79,,,,,,,,,
24,2018,227,2400,5.481,16.63,12.78,,,,,,,,,
24,2018,228,2400,1.604,17.99,12.77,,,,,,,,,
24,2018,229,2400,3.563,16.92,12.77,,,,,,,,,
24,2018,230,2400,2.677,12.82,12.79,,,,,,,,,
24,2018,231,2400,-0.302,15.3,12.76,,,,,,,,,
24,2018,232,2400,2.1,5.74,12.57,,,,,,,,,
24,2018,233,2400,4.126,13.59,12.8,,,,,,,,,
24,2018,234,2400,2.905,14.92,12.79,,,,,,,,,
24,2018,235,2400,1.748,15.04,12.77,,,,,,,,,
24,2018,236,2400,0.556,14.96,12.76,,,,,,,,,
24,2018,237,2400,1.906,15.69,12.76,,,,,,,,,
24,2018,238,2400,0.248,17.84,12.76,,,,,,,,,
24,2018,239,2400,1.112,20.46,12.77,,,,,,,,,
24,2018,240,2400,3.106,18.14,12.79,,,,,,,,,
24,2018,241,2400,5.246,10.49,12.62,,,,,,,,,
24,2018,242,2400,3.462,17.43,12.79,,,,,,,,,
24,2018,243,2400,3.006,15.3,12.76,,Mean,GDD,,,,,,
24,2018,244,2400,3.925,19.91,12.79,1/09/2018,11.9175,1.9175,,,,,,
24,2018,245,2400,6.926,15.56,12.81,2/09/2018,11.243,1.243,,,,,,
24,2018,246,2400,6.954,11.16,12.64,3/09/2018,9.057,0,,,,,,
24,2018,247,2400,0.795,15.57,12.8,4/09/2018,8.1825,0,,,,,,
24,2018,248,2400,1.845,13.91,12.79,5/09/2018,7.8775,0,,,,,,
24,2018,249,2400,2.5,14.13,12.76,6/09/2018,8.315,0,,,,,,
24,2018,250,2400,-1.195,13.51,12.76,7/09/2018,6.1575,0,,,,,,
24,2018,251,2400,-2.078,12.66,12.77,8/09/2018,5.291,0,,,,,,
24,2018,252,2400,4.616,11.89,12.77,9/09/2018,8.253,0,,,,,,
24,2018,253,2400,1.761,11.84,12.77,10/09/2018,6.8005,0,,,,,,
24,2018,254,2400,2.583,13.94,12.76,11/09/2018,8.2615,0,,,,,,
24,2018,255,2400,1.752,20.47,12.73,12/09/2018,11.111,1.111,,,,,,
24,2018,256,2400,2.513,22.33,12.76,13/09/2018,12.4215,2.4215,,,,,,
24,2018,257,2400,7.02,24.56,12.72,14/09/2018,15.79,5.79,,,,,,
24,2018,258,2400,6.108,21.57,12.73,15/09/2018,13.839,3.839,,,,,,
24,2018,259,2400,4.439,18.58,12.75,16/09/2018,11.5095,1.5095,,,,,,
24,2018,260,2400,10.03,17.15,12.74,17/09/2018,13.59,3.59,,,,,,
24,2018,261,2400,3.87,14.85,12.75,18/09/2018,9.36,0,,,,,,
24,2018,262,2400,1.886,20.97,12.75,19/09/2018,11.428,1.428,,,,,,
24,2018,263,2400,5.33,23.43,12.75,20/09/2018,14.38,4.38,,,,,,
24,2018,264,2400,4.69,15.91,12.75,21/09/2018,10.3,0.3,,,,,,
24,2018,265,2400,3.325,14.94,12.78,22/09/2018,9.1325,0,,,,,,
24,2018,266,2400,3.462,20.43,12.78,23/09/2018,11.946,1.946,,,,,,
24,2018,267,2400,7.78,18.15,12.76,24/09/2018,12.965,2.965,,,,,,
24,2018,268,2400,4.428,15.84,12.77,25/09/2018,10.134,0.134,,,,,,
24,2018,269,2400,6.235,15.33,12.77,26/09/2018,10.7825,0.7825,,,,,,
24,2018,270,2400,5.931,13.69,12.76,27/09/2018,9.8105,0,,,,,,
24,2018,271,2400,4.603,17.64,12.75,28/09/2018,11.1215,1.1215,,,,,,
24,2018,272,2400,4.399,19.88,12.76,29/09/2018,12.1395,2.1395,,,,,,
24,2018,273,2400,7.64,17.41,12.78,30/09/2018,12.525,2.525,,,,,,
24,2018,274,2400,8.43,18.45,12.76,1/10/2018,13.44,3.44,,,,,,
24,2018,275,2400,5.961,22.86,12.78,2/10/2018,14.4105,4.4105,,,,,,
24,2018,276,2400,9.83,19,12.77,3/10/2018,14.415,4.415,,,,,,
24,2018,277,2400,8.41,20.87,12.77,4/10/2018,14.64,4.64,,,,,,
24,2018,278,2400,9.77,16.52,12.76,5/10/2018,13.145,3.145,,,,,,
24,2018,279,2400,9.13,17.86,12.77,6/10/2018,13.495,3.495,,,,,,
24,2018,280,2400,9.07,19.2,12.77,7/10/2018,14.135,4.135,,,,,,
24,2018,281,2400,6.004,21.35,12.77,8/10/2018,13.677,3.677,,,,,,
24,2018,282,2400,5.075,19.54,12.76,9/10/2018,12.3075,2.3075,,,,,,
24,2018,283,2400,9.09,21,12.78,10/10/2018,15.045,5.045,,,,,,
24,2018,284,2400,-95,15.02,12.73,11/10/2018,-39.99,0,,,,,,
24,2018,285,2400,4.656,12.91,12.68,12/10/2018,8.783,0,,,,,,
24,2018,286,2400,0.185,15.34,12.74,13/10/2018,7.7625,0,,,,,,
24,2018,287,2400,2.446,15.09,12.74,14/10/2018,8.768,0,,,,,,
24,2018,288,2400,2.607,17.51,12.73,15/10/2018,10.0585,0.0585,,,,,,
24,2018,289,2400,8.8,19.4,12.74,16/10/2018,14.1,4.1,,,,,,
24,2018,290,2400,4.585,20.64,12.73,17/10/2018,12.6125,2.6125,,,,,,
24,2018,291,2400,5.21,19.26,12.71,18/10/2018,12.235,2.235,,,,,,
24,2018,292,2400,4.672,24.77,12.72,19/10/2018,14.721,4.721,,,,,,
24,2018,293,2400,9.85,26.52,12.68,20/10/2018,18.185,8.185,,,,,,
24,2018,294,2400,6.638,22.39,12.71,21/10/2018,14.514,4.514,,,,,,
24,2018,295,2400,6.262,23.93,12.69,22/10/2018,15.096,5.096,,,,,,
24,2018,296,2400,7.57,25.73,12.69,23/10/2018,16.65,6.65,,,,,,
24,2018,297,2400,7.54,27.23,12.69,24/10/2018,17.385,7.385,,,,,,
24,2018,298,2400,9.01,23.54,12.67,25/10/2018,16.275,6.275,,,,,,
24,2018,299,2400,8.23,16.31,12.7,26/10/2018,12.27,2.27,,,,,,
24,2018,300,2400,5.974,15.76,12.68,27/10/2018,10.867,0.867,,,,,,
24,2018,301,2400,4.483,22.82,12.7,28/10/2018,13.6515,3.6515,,,,,,
24,2018,302,2400,8.44,17.25,12.7,29/10/2018,12.845,2.845,,,,,,
24,2018,303,2400,7.35,15.87,12.65,30/10/2018,11.61,1.61,,,,,,
24,2018,304,2400,2.49,18.73,12.63,31/10/2018,10.61,0.61,,,,,,
24,2018,305,2400,3.23,17.45,12.6,1/11/2018,10.34,0.34,,,,,,
24,2018,306,2400,1.906,19.14,12.62,2/11/2018,10.523,0.523,,,,,,
24,2018,307,2400,9.74,24.58,12.65,3/11/2018,17.16,7.16,,,,,,
24,2018,308,2400,9.44,19.93,12.59,4/11/2018,14.685,4.685,,,,,,
24,2018,309,2400,6.846,24.25,12.62,5/11/2018,15.548,5.548,,,,,,
24,2018,310,2400,5.569,24.59,12.47,6/11/2018,15.0795,5.0795,,,,,,
24,2018,311,2400,10.23,24.02,12.62,7/11/2018,17.125,7.125,,,,,,
24,2018,312,2400,15.2,22.49,12.61,8/11/2018,18.845,8.845,,,,,,
24,2018,313,2400,8.93,19.78,12.61,9/11/2018,14.355,4.355,,,,,,
24,2018,314,2400,8.56,16.71,12.62,10/11/2018,12.635,2.635,,,,,,
24,2018,315,2400,5.159,20.64,12.62,11/11/2018,12.8995,2.8995,,,,,,
24,2018,316,2400,7.22,23.52,12.66,12/11/2018,15.37,5.37,,,,,,
24,2018,317,2400,6.889,20.23,12.69,13/11/2018,13.5595,3.5595,,,,,,
24,2018,318,2400,10.8,26.07,12.66,14/11/2018,18.435,8.435,,,,,,
24,2018,319,2400,10.97,26.26,12.66,15/11/2018,18.615,8.615,,,,,,
24,2018,320,2400,12.01,25.45,12.64,16/11/2018,18.73,8.73,,,,,,
24,2018,321,2400,9.61,21.29,12.67,17/11/2018,15.45,5.45,,,,,,
24,2018,322,2400,10.23,24.2,12.65,18/11/2018,17.215,7.215,,,,,,
24,2018,323,2400,2.865,14.6,12.57,19/11/2018,8.7325,0,,,,,,
24,2018,324,2400,2.745,17,12.65,20/11/2018,9.8725,0,,,,,,
24,2018,325,2400,3.617,19.25,12.64,21/11/2018,11.4335,1.4335,,,,,,
24,2018,326,2400,6.446,21.51,12.65,22/11/2018,13.978,3.978,,,,,,
24,2018,327,2400,9.01,20.52,12.67,23/11/2018,14.765,4.765,,,,,,
24,2018,328,2400,9.83,18.93,12.65,24/11/2018,14.38,4.38,,,,,,
24,2018,329,2400,13.41,17.98,12.59,25/11/2018,15.695,5.695,,,,,,
24,2018,330,2400,12.36,15.07,12.63,26/11/2018,13.715,3.715,,,,,,
24,2018,331,2400,11.28,21.16,12.67,27/11/2018,16.22,6.22,,,,,,
24,2018,332,2400,12.11,20.76,12.67,28/11/2018,16.435,6.435,,,,,,
24,2018,333,2400,10.45,19.6,12.65,29/11/2018,15.025,5.025,,,,,,
24,2018,334,2400,11.52,18.22,12.67,30/11/2018,14.87,4.87,,,,,,
24,2018,335,2400,12.75,23.14,12.66,1/12/2018,17.945,7.945,,,,,,
24,2018,336,2400,14.02,25.07,12.65,2/12/2018,19.545,9.545,,,,,,
24,2018,337,2400,13.89,26.07,12.64,3/12/2018,19.98,9.98,,,,,,
24,2018,338,2400,11.16,24.05,12.63,4/12/2018,17.605,7.605,,,,,,
24,2018,339,2400,10.47,21.44,12.65,5/12/2018,15.955,5.955,,,,,,
24,2018,340,2400,7.22,18.08,12.64,6/12/2018,12.65,2.65,,,,,,
24,2018,341,2400,4.67,19.95,12.64,7/12/2018,12.31,2.31,,,,,,
24,2018,342,2400,8.22,23.91,12.65,8/12/2018,16.065,6.065,,,,,,
24,2018,343,2400,10.01,26.31,12.63,9/12/2018,18.16,8.16,,,,,,
24,2018,344,2400,10.41,20.85,12.61,10/12/2018,15.63,5.63,,,,,,
24,2018,345,2400,11.08,21.87,12.65,11/12/2018,16.475,6.475,,,,,,
24,2018,346,2400,12.15,23.04,12.63,12/12/2018,17.595,7.595,,,,,,
24,2018,347,2400,14.49,21.01,12.65,13/12/2018,17.75,7.75,,,,,,
24,2018,348,2400,12.92,24.81,12.65,14/12/2018,18.865,8.865,,,,,,
24,2018,349,2400,11.69,22.36,12.63,15/12/2018,17.025,7.025,,,,,,
24,2018,350,2400,14.33,20.56,12.64,16/12/2018,17.445,7.445,,,,,,
24,2018,351,2400,10.91,29.73,12.61,17/12/2018,20.32,10.32,,,,,,
24,2018,352,2400,16.94,27.9,12.6,18/12/2018,22.42,12.42,,,,,,
24,2018,353,2400,13.28,19.14,12.57,19/12/2018,16.21,6.21,,,,,,
24,2018,354,2400,12.06,17.51,12.63,20/12/2018,14.785,4.785,,,,,,
24,2018,355,2400,11.54,20.57,12.61,21/12/2018,16.055,6.055,,,,,,
24,2018,356,2400,9.81,24.71,12.62,22/12/2018,17.26,7.26,,,,,,
24,2018,357,2400,10.03,19.89,12.63,23/12/2018,14.96,4.96,,,,,,
24,2018,358,2400,9.82,17.49,12.56,24/12/2018,13.655,3.655,,,,,,
24,2018,359,2400,14.66,18.6,12.61,25/12/2018,16.63,6.63,,,,,,
24,2018,360,2400,12.39,20.95,12.64,26/12/2018,16.67,6.67,,,,,,
24,2018,361,2400,10.14,22.41,12.62,27/12/2018,16.275,6.275,,,,,,
24,2018,362,2400,10.03,22.99,12.61,28/12/2018,16.51,6.51,,,,,,
24,2018,363,2400,9.93,27.43,12.61,29/12/2018,18.68,8.68,,,,,,
24,2018,364,2400,12.75,30.68,12.57,30/12/2018,21.715,11.715,,,,,,
24,2018,365,2400,13.83,26.05,12.57,31/12/2018,19.94,9.94,,,,,,
24,2019,1,2400,13.74,27.74,12.59,1/01/2019,20.74,10.74,,,,,,
24,2019,2,2400,13.19,31.68,12.59,2/01/2019,22.435,12.435,,,,,,
24,2019,3,2400,16.45,28.36,12.58,3/01/2019,22.405,12.405,,,,,,
24,2019,4,2400,10.96,25.49,12.56,4/01/2019,18.225,8.225,,,,,,
24,2019,5,2400,8.52,34.5,12.58,5/01/2019,21.51,11.51,,,,,,
24,2019,6,2400,15.01,33.01,12.58,6/01/2019,24.01,14.01,,,,,,
24,2019,7,2400,11.13,20.96,12.58,7/01/2019,16.045,6.045,,,,,,
24,2019,8,2400,7.48,25.7,12.59,8/01/2019,16.59,6.59,,,,,,
24,2019,9,2400,16.02,29.08,12.58,9/01/2019,22.55,12.55,,,,,,
24,2019,10,2400,17.19,27.73,12.6,10/01/2019,22.46,12.46,,,,,,
24,2019,11,2400,15.69,30.79,12.55,11/01/2019,23.24,13.24,,,,,,
24,2019,12,2400,10.53,21.44,12.58,12/01/2019,15.985,5.985,,,,,,
24,2019,13,2400,7.89,26.97,12.57,13/01/2019,17.43,7.43,,,,,,
24,2019,14,2400,9.38,23.73,12.6,14/01/2019,16.555,6.555,,,,,,
24,2019,15,2400,7.99,22.2,12.59,15/01/2019,15.095,5.095,,,,,,
24,2019,16,2400,6.913,20.8,12.56,16/01/2019,13.8565,3.8565,,,,,,
24,2019,17,2400,8.43,27.83,12.57,17/01/2019,18.13,8.13,,,,,,
24,2019,18,2400,10.78,25.65,12.57,18/01/2019,18.215,8.215,,,,,,
24,2019,19,2400,12.81,31.59,12.58,19/01/2019,22.2,12.2,,,,,,
24,2019,20,2400,17.25,28.23,12.59,20/01/2019,22.74,12.74,,,,,,
24,2019,21,2400,15,26.32,12.59,21/01/2019,20.66,10.66,,,,,,
24,2019,22,2400,8.42,30.6,12.56,22/01/2019,19.51,9.51,,,,,,
24,2019,23,2400,13.69,32.32,12.57,23/01/2019,23.005,13.005,,,,,,
24,2019,24,2400,11.36,20.39,12.6,24/01/2019,15.875,5.875,,,,,,
24,2019,25,2400,5.345,25.02,12.58,25/01/2019,15.1825,5.1825,,,,,,
24,2019,26,2400,8.93,29.31,12.61,26/01/2019,19.12,9.12,,,,,,
24,2019,27,2400,14.73,36.55,12.56,27/01/2019,25.64,15.64,,,,,,
24,2019,28,2400,14.14,35.73,12.57,28/01/2019,24.935,14.935,,,,,,
24,2019,29,2400,14.14,31.31,12.56,29/01/2019,22.725,12.725,,,,,,
24,2019,30,2400,12.91,33.04,12.57,30/01/2019,22.975,12.975,,,,,,
24,2019,31,2400,11.34,34.43,12.59,31/01/2019,22.885,12.885,,,,,,
24,2019,32,2400,13.92,26.47,12.59,1/02/2019,20.195,10.195,,,,,,
24,2019,33,2400,8.88,22.1,12.56,2/02/2019,15.49,5.49,,,,,,
24,2019,34,2400,7.61,27.51,12.58,3/02/2019,17.56,7.56,,,,,,
24,2019,35,2400,9.38,33.63,12.58,4/02/2019,21.505,11.505,,,,,,
24,2019,36,2400,19.05,33.26,12.59,5/02/2019,26.155,16.155,,,,,,
24,2019,37,2400,12.04,20.49,12.56,6/02/2019,16.265,6.265,,,,,,
24,2019,38,2400,3.563,20.32,12.53,7/02/2019,11.9415,1.9415,,,,,,
24,2019,39,2400,5.109,26.1,12.58,8/02/2019,15.6045,5.6045,,,,,,
24,2019,40,2400,10.87,27.32,12.58,9/02/2019,19.095,9.095,,,,,,
24,2019,41,2400,9.27,28.85,12.55,10/02/2019,19.06,9.06,,,,,,
24,2019,42,2400,8.26,30.8,12.55,11/02/2019,19.53,9.53,,,,,,
24,2019,43,2400,13.61,32.31,12.58,12/02/2019,22.96,12.96,,,,,,
24,2019,44,2400,10.67,28.84,12.56,13/02/2019,19.755,9.755,,,,,,
24,2019,45,2400,10.35,32.33,12.57,14/02/2019,21.34,11.34,,,,,,
24,2019,46,2400,10.56,23.45,12.58,15/02/2019,17.005,7.005,,,,,,
24,2019,47,2400,6.977,22.1,12.52,16/02/2019,14.5385,4.5385,,,,,,
24,2019,48,2400,8.43,25.76,12.54,17/02/2019,17.095,7.095,,,,,,
24,2019,49,2400,6.454,26.26,12.57,18/02/2019,16.357,6.357,,,,,,
24,2019,50,2400,8.46,32.72,12.56,19/02/2019,20.59,10.59,,,,,,
24,2019,51,2400,13.86,31.09,12.55,20/02/2019,22.475,12.475,,,,,,
24,2019,52,2400,12.42,28.02,12.57,21/02/2019,20.22,10.22,,,,,,
24,2019,53,2400,11.43,28.4,12.57,22/02/2019,19.915,9.915,,,,,,
24,2019,54,2400,12.15,22.66,12.54,23/02/2019,17.405,7.405,,,,,,
24,2019,55,2400,7.59,17.58,12.56,24/02/2019,12.585,2.585,,,,,,
24,2019,56,2400,4.156,20.99,12.53,25/02/2019,12.573,2.573,,,,,,
24,2019,57,2400,4.743,25.48,12.53,26/02/2019,15.1115,5.1115,,,,,,
24,2019,58,2400,7.35,26.95,12.54,27/02/2019,17.15,7.15,,,,,,
24,2019,59,2400,5.17,20.91,12.52,28/02/2019,13.04,3.04,,,,,,
24,2019,60,2400,7.01,22.5,12.56,1/03/2019,14.755,4.755,,,,,,
24,2019,61,2400,3.66,21.24,12.53,2/03/2019,12.45,2.45,,,,,,
24,2019,62,2400,5.612,23.74,12.56,3/03/2019,14.676,4.676,,,,,,
24,2019,63,2400,6.44,32.84,12.54,4/03/2019,19.64,9.64,,,,,,
24,2019,64,2400,5.504,26.62,12.56,5/03/2019,16.062,6.062,,,,,,
24,2019,65,2400,6.614,29,12.56,6/03/2019,17.807,7.807,,,,,,
24,2019,66,2400,11.68,26.82,12.57,7/03/2019,19.25,9.25,,,,,,
24,2019,67,2400,13.94,18.87,12.52,8/03/2019,16.405,6.405,,,,,,
24,2019,68,2400,13.51,20.03,12.58,9/03/2019,16.77,6.77,,,,,,
24,2019,69,2400,14.02,23.44,12.61,10/03/2019,18.73,8.73,,,,,,
24,2019,70,2400,12.77,24.26,12.57,11/03/2019,18.515,8.515,,,,,,
24,2019,71,2400,12.27,24.94,12.58,12/03/2019,18.605,8.605,,,,,,
24,2019,72,2400,16.37,30.07,12.55,13/03/2019,23.22,13.22,,,,,,
24,2019,73,2400,12.58,20.59,12.57,14/03/2019,16.585,6.585,,,,,,
24,2019,74,2400,12.16,25.92,12.6,15/03/2019,19.04,9.04,,,,,,
24,2019,75,2400,13.43,28.28,12.55,16/03/2019,20.855,10.855,,,,,,
24,2019,76,2400,14.43,19.15,12.58,17/03/2019,16.79,6.79,,,,,,
24,2019,77,2400,11.66,23.63,12.56,18/03/2019,17.645,7.645,,,,,,
24,2019,78,2400,10.27,22.49,12.57,19/03/2019,16.38,6.38,,,,,,
24,2019,79,2400,10.1,20.68,12.57,20/03/2019,15.39,5.39,,,,,,
24,2019,80,2400,10.4,21.58,12.57,21/03/2019,15.99,5.99,,,,,,
24,2019,81,2400,11.55,25.29,12.56,22/03/2019,18.42,8.42,,,,,,
24,2019,82,2400,11.42,25.76,12.55,23/03/2019,18.59,8.59,,,,,,
24,2019,83,2400,10.03,28.45,12.54,24/03/2019,19.24,9.24,,,,,,
24,2019,84,2400,14.96,26.78,12.57,25/03/2019,20.87,10.87,,,,,,
24,2019,85,2400,19.41,23.87,12.56,26/03/2019,21.64,11.64,,,,,,
24,2019,86,2400,11.94,21.22,12.57,27/03/2019,16.58,6.58,,,,,,
24,2019,87,2400,6.831,19.97,12.53,28/03/2019,13.4005,3.4005,,,,,,
24,2019,88,2400,6.594,19.42,12.56,29/03/2019,13.007,3.007,,,,,,
24,2019,89,2400,9.9,24.14,12.56,30/03/2019,17.02,7.02,,,,,,
24,2019,90,2400,10.66,26.23,12.58,31/03/2019,18.445,8.445,,,,,,
24,2019,91,2400,13.59,24.16,12.56,1/04/2019,18.875,8.875,,,,,,
24,2019,92,2400,7.13,17.72,12.57,2/04/2019,12.425,2.425,,,,,,
24,2019,93,2400,3.1,18.35,12.56,3/04/2019,10.725,0.725,,,,,,
24,2019,94,2400,2.825,21.21,12.53,4/04/2019,12.0175,2.0175,,,,,,
24,2019,95,2400,6.799,20.49,12.56,5/04/2019,13.6445,3.6445,,,,,,
24,2019,96,2400,6.666,18.98,12.53,6/04/2019,12.823,2.823,,,,,,
24,2019,97,2400,7.56,15.94,12.55,7/04/2019,11.75,1.75,,,,,,
24,2019,98,2400,6.18,18.63,12.55,8/04/2019,12.405,2.405,,,,,,
24,2019,99,2400,2.371,22.37,12.54,9/04/2019,12.3705,2.3705,,,,,,
24,2019,100,2400,7.25,23.48,12.55,10/04/2019,15.365,5.365,,,,,,
24,2019,101,2400,11.17,17.38,12.24,11/04/2019,14.275,4.275,,,,,,
24,2019,102,2400,2.894,18.48,12.54,12/04/2019,10.687,0.687,,,,,,
24,2019,103,2400,0.619,17.4,12.5,13/04/2019,9.0095,0,,,,,,
24,2019,104,2400,0.735,18.59,12.5,14/04/2019,9.6625,0,,,,,,
24,2019,105,2400,6.299,17.54,12.51,15/04/2019,11.9195,1.9195,,,,,,
24,2019,106,2400,3.342,18.26,12.55,16/04/2019,10.801,0.801,,,,,,
24,2019,107,2400,5.802,17.87,12.53,17/04/2019,11.836,1.836,,,,,,
24,2019,108,2400,4.698,17.63,12.52,18/04/2019,11.164,1.164,,,,,,
24,2019,109,2400,1.505,21.47,12.52,19/04/2019,11.4875,1.4875,,,,,,
24,2019,110,2400,0.158,22.18,12.54,20/04/2019,11.169,1.169,,,,,,
24,2019,111,2400,10.72,13.76,12.33,21/04/2019,12.24,2.24,,,,,,
24,2019,112,2400,11.26,16.39,12.31,22/04/2019,13.825,3.825,,,,,,
24,2019,113,2400,9.53,19.02,12.57,23/04/2019,14.275,4.275,,,,,,
24,2019,114,2400,6.664,20.69,12.52,24/04/2019,13.677,3.677,,,,,,
24,2019,115,2400,7.25,21.8,12.52,25/04/2019,14.525,4.525,,,,,,
24,2019,116,2400,6.544,23.88,12.5,26/04/2019,15.212,5.212,,,,,,
24,2019,117,2400,7.67,21.25,12.5,27/04/2019,14.46,4.46,,,,,,
24,2019,118,2400,9.98,19.29,12.52,28/04/2019,14.635,4.635,,,,,,
24,2019,119,2400,8.55,18.67,12.51,29/04/2019,13.61,3.61,,,,,,
24,2019,120,2400,0.731,16.76,12.53,30/04/2019,8.7455,0,,,,,,
24,2019,121,2400,1.671,17.63,12.54,1/05/2019,,,,,,,,
24,2019,122,2400,2.621,19.51,12.52,2/05/2019,,,,,,,,
24,2019,123,2400,3.285,18.81,12.54,3/05/2019,,,,,,,,
24,2019,124,2400,3.563,19.48,12.55,4/05/2019,,,,,,,,
24,2019,125,2400,7.31,22.58,12.51,5/05/2019,,,,,,,,
24,2019,126,2400,4.415,19.74,12.55,6/05/2019,,,,,,,,
24,2019,127,2400,6.825,19.94,12.55,7/05/2019,,,,,,,,
24,2019,128,2400,5.132,19.76,12.56,8/05/2019,,,,,,,,
24,2019,129,2400,10.57,18.15,12.48,9/05/2019,,,,,,,,
24,2019,130,2400,8.48,22.64,12.53,10/05/2019,,,,,,,,
24,2019,131,2400,5.404,19.79,12.55,11/05/2019,,,,,,,,
24,2019,132,2400,9.65,15.6,12.41,12/05/2019,,,,,,,,
24,2019,133,2400,6.522,18.89,12.56,13/05/2019,,,,,,,,
24,2019,134,2400,3.986,16.35,12.58,14/05/2019,,,,,,,,
24,2019,135,2400,6.289,18.55,12.55,15/05/2019,,,,,,,,
24,2019,136,2400,6.685,16.99,12.53,16/05/2019,,,,,,,,
24,2019,137,2400,1.389,14.53,12.53,17/05/2019,,,,,,,,
24,2019,138,2400,0.992,19.04,12.56,18/05/2019,,,,,,,,
24,2019,139,2400,3.268,18.7,12.52,19/05/2019,,,,,,,,
24,2019,140,2400,2.215,18.49,12.51,20/05/2019,,,,,,,,
24,2019,141,2400,1.077,18.01,12.5,21/05/2019,,,,,,,,
24,2019,142,2400,0.742,19.58,12.52,22/05/2019,,,,,,,,
24,2019,143,2400,1.399,18.16,12.55,23/05/2019,,,,,,,,
24,2019,144,2400,2.743,19.55,12.51,24/05/2019,,,,,,,,
24,2019,145,2400,0.148,18.54,12.52,25/05/2019,,,,,,,,
24,2019,146,2400,7.12,20.77,12.54,26/05/2019,,,,,,,,
24,2019,147,2400,9.14,19.47,12.53,27/05/2019,,,,,,,,
24,2019,148,2400,9.88,14.13,12.34,28/05/2019,,,,,,,,
24,2019,149,2400,10.37,18.8,12.59,29/05/2019,,,,,,,,
24,2019,150,2400,13.04,18.09,12.45,30/05/2019,,,,,,,,
24,2019,151,2400,6.403,16.66,12.53,31/05/2019,,,,,,,,
24,2019,152,2400,4.238,11.44,12.47,1/06/2019,,,,,,,,
24,2019,153,2400,1.701,12.77,12.52,2/06/2019,,,,,,,,
24,2019,154,2400,-1.752,14.13,12.5,3/06/2019,,,,,,,,
24,2019,155,2400,5.049,15.28,12.54,4/06/2019,,,,,,,,
24,2019,156,2400,2.396,8.86,12.3,5/06/2019,,,,,,,,
24,2019,157,2400,-1.9,13.23,12.53,6/06/2019,,,,,,,,
24,2019,158,2400,2.952,15.6,12.52,7/06/2019,,,,,,,,
24,2019,159,2400,3.202,17.75,12.5,8/06/2019,,,,,,,,
24,2019,160,2400,-0.785,16.32,12.51,9/06/2019,,,,,,,,
24,2019,161,2400,3.371,17.62,12.48,10/06/2019,,,,,,,,
24,2019,162,2400,1.47,14.32,12.51,11/06/2019,,,,,,,,
24,2019,163,2400,7.87,12.06,12.38,12/06/2019,,,,,,,,
24,2019,164,2400,7.59,13.32,12.27,13/06/2019,,,,,,,,
24,2019,165,2400,10.15,16.99,12.55,14/06/2019,,,,,,,,
24,2019,166,2400,9.09,12.87,12.45,15/06/2019,,,,,,,,
24,2019,167,2400,2.537,15.13,12.56,16/06/2019,,,,,,,,
24,2019,168,2400,1.949,14.16,12.5,17/06/2019,,,,,,,,
24,2019,169,2400,-0.571,14.35,12.47,18/06/2019,,,,,,,,
24,2019,170,2400,-0.571,13.74,12.5,19/06/2019,,,,,,,,
24,2019,171,2400,-1.48,9.27,12.49,20/06/2019,,,,,,,,
24,2019,172,2400,5.555,16.82,12.52,21/06/2019,,,,,,,,
24,2019,173,2400,1.285,13.85,12.52,22/06/2019,,,,,,,,
24,2019,174,2400,2.664,11.54,12.38,23/06/2019,,,,,,,,
24,2019,175,2400,0.275,12.55,12.53,24/06/2019,,,,,,,,
24,2019,176,2400,-1.366,14.14,12.5,25/06/2019,,,,,,,,
24,2019,177,2400,-0.826,14.98,12.5,26/06/2019,,,,,,,,
24,2019,178,2400,-1.134,14.54,12.51,27/06/2019,,,,,,,,
24,2019,179,2400,-3.678,13.78,12.49,28/06/2019,,,,,,,,
24,2019,180,2400,-3.404,14.73,12.49,29/06/2019,,,,,,,,
24,2019,181,2400,-1.793,15.17,12.47,30/06/2019,,,,,,,,
24,2019,182,2400,-0.92,15.75,12.5,1/07/2019,,,,,,,,
24,2019,183,2400,1.547,14.76,12.51,2/07/2019,,,,,,,,
24,2019,184,2400,9.33,14.56,12.37,3/07/2019,,,,,,,,
24,2019,185,2400,3.033,12.72,12.31,4/07/2019,,,,,,,,
24,2019,186,2400,-1.309,12.86,12.58,5/07/2019,,,,,,,,
24,2019,187,2400,-1.296,14.97,12.52,6/07/2019,,,,,,,,
24,2019,188,2400,-1.688,14.49,12.53,7/07/2019,,,,,,,,
24,2019,189,2400,2.918,14.09,12.51,8/07/2019,,,,,,,,
24,2019,190,2400,-0.564,14.64,12.51,9/07/2019,,,,,,,,
24,2019,191,2400,-0.712,13.61,12.5,10/07/2019,,,,,,,,
24,2019,192,2400,3.154,16.63,12.5,11/07/2019,,,,,,,,
24,2019,193,2400,1.295,10.34,12.41,12/07/2019,,,,,,,,
24,2019,194,2400,5.662,16.66,12.55,13/07/2019,,,,,,,,
24,2019,195,2400,6.775,15.2,12.48,14/07/2019,,,,,,,,
24,2019,196,2400,5.411,13.63,12.53,15/07/2019,,,,,,,,
24,2019,197,2400,5.114,13.08,12.51,16/07/2019,,,,,,,,
24,2019,198,2400,0.631,13.48,12.5,17/07/2019,,,,,,,,
24,2019,199,2400,-0.826,13.24,12.53,18/07/2019,,,,,,,,
24,2019,200,2400,5.129,8.68,12.36,19/07/2019,,,,,,,,
24,2019,201,2400,7.66,11.46,12.51,20/07/2019,,,,,,,,
24,2019,202,2400,7.46,12.35,12.54,21/07/2019,,,,,,,,
24,2019,203,2400,4.481,16.18,12.55,22/07/2019,,,,,,,,
24,2019,204,2400,2.459,14.23,12.51,23/07/2019,,,,,,,,
24,2019,205,2400,6.206,14.81,12.51,24/07/2019,,,,,,,,
24,2019,206,2400,3.945,16.04,12.52,25/07/2019,,,,,,,,
24,2019,207,2400,4.536,17.01,12.54,26/07/2019,,,,,,,,
24,2019,208,2400,4.307,18.09,12.54,27/07/2019,,,,,,,,
24,2019,209,2400,3.251,14.62,12.54,28/07/2019,,,,,,,,
24,2019,210,2400,1.68,16.6,12.53,29/07/2019,,,,,,,,
24,2019,211,2400,4.794,15.87,12.53,30/07/2019,,,,,,,,
24,2019,212,2400,1.799,8.24,12.46,31/07/2019,,,,,,,,
24,2019,213,2400,-0.367,12.48,12.49,1/08/2019,,,,,,,,
24,2019,214,2400,-1.314,13.94,12.51,2/08/2019,,,,,,,,
24,2019,215,2400,2.412,14.4,12.54,3/08/2019,,,,,,,,
24,2019,216,2400,2.961,13.09,12.52,4/08/2019,,,,,,,,
24,2019,217,2400,-0.171,11.05,12.5,5/08/2019,,,,,,,,
24,2019,218,2400,-0.705,14.1,12.52,6/08/2019,,,,,,,,
24,2019,219,2400,2.537,16.31,12.53,7/08/2019,,,,,,,,
24,2019,220,2400,2.342,16.85,12.51,8/08/2019,,,,,,,,
24,2019,221,2400,2.429,17.55,12.51,9/08/2019,,,,,,,,
24,2019,222,2400,2.53,8.09,12.35,10/08/2019,,,,,,,,
24,2019,223,2400,3.556,13.22,12.54,11/08/2019,,,,,,,,
24,2019,224,2400,3.791,10.35,12.45,12/08/2019,,,,,,,,
24,2019,225,2400,2.359,15.43,12.55,13/08/2019,,,,,,,,
24,2019,226,2400,0.808,12.71,12.5,14/08/2019,,,,,,,,
24,2019,227,2400,-0.453,15.54,12.5,15/08/2019,,,,,,,,
24,2019,228,2400,-1.111,15.92,12.49,16/08/2019,,,,,,,,
24,2019,229,2400,-0.073,11.36,12.29,17/08/2019,,,,,,,,
24,2019,230,2400,-1.262,10.17,12.53,18/08/2019,,,,,,,,
24,2019,231,2400,-2.226,12.84,12.49,19/08/2019,,,,,,,,
24,2019,232,2400,2.278,12.33,12.51,20/08/2019,,,,,,,,
24,2019,233,2400,4.14,16.07,12.53,21/08/2019,,,,,,,,
24,2019,234,2400,4.529,15.58,12.53,22/08/2019,,,,,,,,
24,2019,235,2400,1.259,16.56,12.48,23/08/2019,,,,,,,,
24,2019,236,2400,-0.608,13.87,12.5,24/08/2019,,,,,,,,
24,2019,237,2400,0.902,20.02,12.52,25/08/2019,,,,,,,,
24,2019,238,2400,4.378,16.77,12.52,26/08/2019,,,,,,,,
24,2019,239,2400,0.643,13.76,12.5,27/08/2019,,,,,,,,
24,2019,240,2400,-0.003,17.7,12.5,28/08/2019,,,,,,,,
24,2019,241,2400,5.001,17.6,12.51,29/08/2019,,,,,,,,
24,2019,242,2400,2.436,17.2,12.5,30/08/2019,,,,,,,,
24,2019,243,2400,0.401,16.79,12.5,31/08/2019,,,,,,,,
24,2019,244,2400,1.396,20.62,12.48,1/09/2019,,,,,,,,
24,2019,245,2400,3.732,16.14,12.5,2/09/2019,,,,,,,,
24,2019,246,2400,1.188,16.27,12.52,3/09/2019,,,,,,,,
24,2019,247,2400,7.54,11.29,12.37,4/09/2019,,,,,,,,
24,2019,248,2400,8.27,11.47,12.31,5/09/2019,,,,,,,,
24,2019,249,2400,6.762,14.65,12.58,6/09/2019,,,,,,,,
24,2019,250,2400,3.382,13.49,12.55,7/09/2019,,,,,,,,
24,2019,251,2400,2.62,10.29,12.46,8/09/2019,,,,,,,,
24,2019,252,2400,2.899,11.28,12.53,9/09/2019,,,,,,,,
24,2019,253,2400,0.055,13.25,12.52,10/09/2019,,,,,,,,
24,2019,254,2400,-0.52,15.2,12.54,11/09/2019,,,,,,,,
24,2019,255,2400,2.376,19.53,12.53,12/09/2019,,,,,,,,
24,2019,256,2400,8.75,18.17,12.51,13/09/2019,,,,,,,,
24,2019,257,2400,6.974,8.98,12.38,14/09/2019,,,,,,,,
24,2019,258,2400,7.18,17.19,12.58,15/09/2019,,,,,,,,
24,2019,259,2400,8.27,17.43,12.55,16/09/2019,,,,,,,,
24,2019,260,2400,5.441,18.6,12.53,17/09/2019,,,,,,,,
24,2019,261,2400,0.193,18.82,12.52,18/09/2019,,,,,,,,
24,2019,262,2400,2.837,17.07,12.51,19/09/2019,,,,,,,,
24,2019,263,2400,1.574,17.02,12.53,20/09/2019,,,,,,,,
24,2019,264,2400,2.422,18.49,12.53,21/09/2019,,,,,,,,
24,2019,265,2400,1.758,20.17,12.52,22/09/2019,,,,,,,,
24,2019,266,2400,0.00,15.8,12.87,23/09/2019,,,,,,,,
24,2019,267,2400,3.804,16.65,12.87,24/09/2019,,,,,,,,
24,2019,268,2400,3.254,16.24,12.87,25/09/2019,,,,,,,,
24,2019,269,2400,1.446,15.73,12.88,26/09/2019,,,,,,,,
24,2019,270,2400,3.261,15.42,12.86,27/09/2019,,,,,,,,
24,2019,271,2400,2.99,18.87,12.87,28/09/2019,,,,,,,,
24,2019,272,2400,11.81,20.02,12.87,29/09/2019,,,,,,,,
24,2019,273,2400,8.99,18.98,12.87,30/09/2019,,,,,,,,
24,2019,274,2400,1.302,11.24,12.84,1/10/2019,,,,,,,,
24,2019,275,2400,1.376,15.43,12.84,2/10/2019,,,,,,,,
24,2019,276,2400,0.03,13.68,12.85,3/10/2019,,,,,,,,
24,2019,277,2400,0.584,19.08,12.87,4/10/2019,,,,,,,,
24,2019,278,2400,5.287,18.24,12.84,5/10/2019,,,,,,,,
24,2019,279,2400,1.171,14.42,12.85,6/10/2019,,,,,,,,
24,2019,280,2400,1.503,19.84,12.86,7/10/2019,,,,,,,,
24,2019,281,2400,8.19,22.17,12.86,8/10/2019,,,,,,,,
24,2019,282,2400,9.76,21.32,12.86,9/10/2019,,,,,,,,
24,2019,283,2400,9.65,19.54,12.84,10/10/2019,,,,,,,,
24,2019,284,2400,7.57,19.33,12.87,11/10/2019,,,,,,,,
24,2019,285,2400,4.156,18.6,12.84,12/10/2019,,,,,,,,
24,2019,286,2400,8.24,15.57,12.86,13/10/2019,,,,,,,,
24,2019,287,2400,8.89,14.96,12.86,14/10/2019,,,,,,,,
24,2019,288,2400,9.42,15.29,12.86,15/10/2019,,,,,,,,
24,2019,289,2400,6.56,17.97,12.85,16/10/2019,,,,,,,,
24,2019,290,2400,3.875,22.65,12.87,17/10/2019,,,,,,,,
24,2019,291,2400,11.03,14.98,12.82,18/10/2019,,,,,,,,
24,2019,292,2400,7.95,22.2,12.86,19/10/2019,,,,,,,,
24,2019,293,2400,5.196,21.88,12.86,20/10/2019,,,,,,,,
24,2019,294,2400,7.17,19.29,12.86,21/10/2019,,,,,,,,
24,2019,295,2400,6.934,18.74,12.85,22/10/2019,,,,,,,,
24,2019,296,2400,2.496,15.34,12.84,23/10/2019,,,,,,,,
24,2019,297,2400,2.567,18.78,12.84,24/10/2019,,,,,,,,
24,2019,298,2400,0.872,16.97,12.85,25/10/2019,,,,,,,,
24,2019,299,2400,4.013,24,12.84,26/10/2019,,,,,,,,
24,2019,300,2400,7.19,22.44,12.87,27/10/2019,,,,,,,,
24,2019,301,2400,10.41,21.46,12.86,28/10/2019,,,,,,,,
24,2019,302,2400,5.309,19.46,12.84,29/10/2019,,,,,,,,
24,2019,303,2400,2.2,22.05,12.84,30/10/2019,,,,,,,,
24,2019,304,2400,5.863,22.18,12.83,31/10/2019,,,,,,,,
24,2019,305,2400,5.005,17.55,12.81,1/11/2019,,,,,,,,
24,2019,306,2400,4.998,22.31,12.86,2/11/2019,,,,,,,,
24,2019,307,2400,7.33,27.31,12.85,3/11/2019,,,,,,,,
24,2019,308,2400,9.64,30.1,12.86,4/11/2019,,,,,,,,
24,2019,309,2400,14.87,26.64,12.85,5/11/2019,,,,,,,,
24,2019,310,2400,12.21,24.78,12.87,6/11/2019,,,,,,,,
24,2019,311,2400,10.41,25.73,12.87,7/11/2019,,,,,,,,
24,2019,312,2400,15.68,24.04,12.87,8/11/2019,,,,,,,,
24,2019,313,2400,13.28,24.21,12.85,9/11/2019,,,,,,,,
24,2019,314,2400,12.86,21.48,12.88,10/11/2019,,,,,,,,
24,2019,315,2400,8.56,14.88,12.82,11/11/2019,,,,,,,,
24,2019,316,2400,6.624,17.59,12.86,12/11/2019,,,,,,,,
24,2019,317,2400,3.479,20.55,12.85,13/11/2019,,,,,,,,
24,2019,318,2400,7.82,20.62,12.82,14/11/2019,,,,,,,,
24,2019,319,2400,5.605,22.01,12.86,15/11/2019,,,,,,,,
24,2019,320,2400,9.38,23.11,12.86,16/11/2019,,,,,,,,
24,2019,321,2400,10.63,21.53,12.86,17/11/2019,,,,,,,,
24,2019,322,2400,8.03,18.28,12.84,18/11/2019,,,,,,,,
24,2019,323,2400,8.27,19.63,12.86,19/11/2019,,,,,,,,
24,2019,324,2400,4.887,20.5,12.84,20/11/2019,,,,,,,,
24,2019,325,2400,2.387,23.2,12.86,21/11/2019,,,,,,,,
24,2019,326,2400,12.2,27.18,12.84,22/11/2019,,,,,,,,
24,2019,327,2400,10.33,21.86,12.83,23/11/2019,,,,,,,,
24,2019,328,2400,10.33,29.24,12.83,24/11/2019,,,,,,,,
24,2019,329,2400,6.731,20.01,12.83,25/11/2019,,,,,,,,
24,2019,330,2400,5.914,31.82,12.83,26/11/2019,,,,,,,,
24,2019,331,2400,9.29,27.99,12.83,27/11/2019,,,,,,,,
24,2019,332,2400,9.57,26.26,12.82,28/11/2019,,,,,,,,
24,2019,333,2400,8.25,26.25,12.8,29/11/2019,,,,,,,,
24,2019,334,2400,7.55,25.04,12.83,30/11/2019,,,,,,,,
24,2019,335,2400,13.22,22.29,12.86,1/12/2019,,,,,,,,
24,2019,336,2400,16.39,20.18,12.85,2/12/2019,,,,,,,,
24,2019,337,2400,15.22,20.96,12.87,3/12/2019,,,,,,,,
24,2019,338,2400,14.15,21.63,12.87,4/12/2019,,,,,,,,
24,2019,339,2400,12.18,24.99,12.84,5/12/2019,,,,,,,,
24,2019,340,2400,7.82,23.14,12.85,6/12/2019,,,,,,,,
24,2019,341,2400,13.64,24.88,12.83,7/12/2019,,,,,,,,
24,2019,342,2400,11.68,21.32,12.86,8/12/2019,,,,,,,,
24,2019,343,2400,8.36,20.81,12.86,9/12/2019,,,,,,,,
24,2019,344,2400,5.005,20.76,12.84,10/12/2019,,,,,,,,
24,2019,345,2400,8.49,25.19,12.85,11/12/2019,,,,,,,,
24,2019,346,2400,7.13,20.29,12.84,12/12/2019,,,,,,,,
24,2019,347,2400,9.96,26.12,12.85,13/12/2019,,,,,,,,
24,2019,348,2400,12.87,24.26,12.84,14/12/2019,,,,,,,,
24,2019,349,2400,11.67,23.06,12.85,15/12/2019,,,,,,,,
24,2019,350,2400,13.04,23.44,12.86,16/12/2019,,,,,,,,
24,2019,351,2400,12.87,20.64,12.8,17/12/2019,,,,,,,,
24,2019,352,2400,7.29,20.17,12.84,18/12/2019,,,,,,,,
24,2019,353,2400,5.921,22.66,12.88,19/12/2019,,,,,,,,
24,2019,354,2400,7.2,21.41,12.83,20/12/2019,,,,,,,,
24,2019,355,2400,4.961,18.99,12.85,21/12/2019,,,,,,,,
24,2019,356,2400,6.373,23.86,12.86,22/12/2019,,,,,,,,
24,2019,357,2400,8.26,22.64,12.85,23/12/2019,,,,,,,,
24,2019,358,2400,6.091,21.24,12.85,24/12/2019,,,,,,,,
24,2019,359,2400,7.17,19.45,12.84,25/12/2019,,,,,,,,
24,2019,360,2400,8.75,21.29,12.84,26/12/2019,,,,,,,,
24,2019,361,2400,7.59,27.14,12.85,27/12/2019,,,,,,,,
24,2019,362,2400,10.51,21.28,12.84,28/12/2019,,,,,,,,
24,2019,363,2400,4.864,27.26,12.85,29/12/2019,,,,,,,,
24,2019,364,2400,13.32,23.6,12.82,30/12/2019,,,,,,,,
24,2019,365,2400,13.15,24.53,12.85,31/12/2019,,,,,,,,
24,2020,1,2400,10.2,29.26,12.82,1/01/2020,,,,,,,,
24,2020,2,2400,9.63,31.64,12.84,2/01/2020,,,,,,,,
24,2020,3,2400,10.24,23.16,12.81,3/01/2020,,,,,,,,
24,2020,4,2400,6.646,19.62,12.84,4/01/2020,,,,,,,,
24,2020,5,2400,9.2,19.55,12.86,5/01/2020,,,,,,,,
24,2020,6,2400,11.9,20.81,12.85,6/01/2020,,,,,,,,
24,2020,7,2400,8.07,21.8,12.81,7/01/2020,,,,,,,,
24,2020,8,2400,10.38,15.91,12.86,8/01/2020,,,,,,,,
24,2020,9,2400,7.21,25.39,12.85,9/01/2020,,,,,,,,
