year,day,rain,maxt,mint,mean,radn,wind,vp
2014,1,0,21.6,12.6,15.9,22.6,5.6,8.6
2014,2,0,20.6,14.4,17.4,15.6,7.3,9.2
2014,3,3.2,23.8,13.7,19.1,27.1,8.1,10.3
2014,4,0,21.7,15.8,18.5,15.1,7.1,8.3
2014,5,0,25.6,16.2,20.8,34,6.7,9.8
2014,6,0,24.9,12.5,18.9,35.3,5.9,9.8
2014,7,0.1,23.5,9.9,16.7,21.3,3.4,10.7
2014,8,9,21.6,10.6,15,14.8,3.7,10.5
2014,9,0.1,17.9,9.4,12.6,20.2,3.3,9.9
2014,10,0,20.7,7.1,14,29.2,2.5,11.8
2014,11,0,20.5,9.1,15.4,25.4,2.6,13.8
2014,12,0,23.9,11.2,18.3,21.4,8.1,9.8
2014,13,0,19.3,9.1,15,27.6,3.9,10.2
2014,14,0,21.6,4.3,13.1,25.3,3.2,8.6
2014,15,0,26.4,6.5,17.5,31.5,2.6,10.8
2014,16,0.3,28,10.8,21.6,16.8,7.4,11
2014,17,0,17.7,7.6,12.7,19.5,3.2,8.9
2014,18,0,21.1,9.2,14,28.6,3.8,8.5
2014,19,0,27.8,18.9,23.2,27.7,8.4,6.2
2014,20,1.7,19.6,12.4,14.3,5.4,2.7,13.1
2014,21,4.8,15.8,12.2,13.7,5.9,2.7,14.7
2014,22,0,24.3,12,17.4,32.2,5.9,10.7
2014,23,0.2,21.4,9.1,16,30,6.4,6.9
2014,24,0,22.9,4.9,13.6,26.6,3.1,11.1
2014,25,0,29.5,12.9,20.1,28.9,3.7,10.8
2014,26,0.4,28,8.1,19,13,6.3,9.7
2014,27,0,18.9,7.7,12.4,26,3.3,8.8
2014,28,0,22.1,5.7,14,31.1,2.6,10.4
2014,29,0,30.5,10.1,19.7,29.6,3.1,11.1
2014,30,0,24.6,13,16.7,27.1,4.1,13.2
2014,31,0,18,12.4,15,8.5,2.5,13.6
2014,32,0.6,19.7,13.8,15.7,14.2,1.4,14.7
2014,33,0,21.6,10.7,15.6,22.8,2.1,13.3
2014,34,0,26.8,9.6,17.4,29.9,2.4,12.5
2014,35,0,31.1,9.6,19.1,29.8,2.7,13.3
2014,36,0.1,15.8,8,12.7,5.5,3.4,12.6
2014,37,0,19.9,6.9,13.9,26.1,2.4,10.4
2014,38,0.7,19.2,5.8,12.3,15.3,2.7,11
2014,39,0,23.8,10.8,16.6,26.5,3.4,13.8
2014,40,0,18,12.3,14.8,10.8,5.2,12.9
2014,41,0,19.8,8,13.7,20.6,2.4,11.6
2014,42,0,21.3,9.9,14.1,22.8,1.9,13
2014,43,0,21.8,8.3,15,16.2,2.1,13.6
2014,44,0,24,10.6,16.3,21.5,2.2,11.2
2014,45,0,22.6,10.4,16.5,23.3,2.7,13.3
2014,46,0,25.1,9.6,17.3,26.3,2.2,13.5
2014,47,0,23.5,9.6,16,26.8,2.3,14.2
2014,48,0,28.2,10.2,20.7,16.3,3.9,9.9
2014,49,1.1,31.9,16.5,23.3,25.8,4.9,13.3
2014,50,3.4,19.5,15.2,16.7,9,1.9,16.5
2014,51,0,23.6,14.7,17.5,22.7,1.6,17.5
2014,52,0.1,33,13.3,21.1,21.5,3.9,14.7
2014,53,0,29.1,18.3,23.9,26.7,9.1,10.3
2014,54,0.6,20.5,9,14.5,21.6,4.6,9
2014,55,0,26,4.5,15.2,26.7,5.1,8
2014,56,0.2,14.8,9,12.5,5.8,2.8,11.8
2014,57,0,24.6,10.5,16.2,25.2,3.2,13.1
2014,58,0,28.9,8.6,19.1,24,3.9,10.3
2014,59,2.4,22,6.5,15.2,12.1,6,9.7
2014,60,0,17.6,7.5,11.6,25.1,3.7,7.2
2014,61,0,24.9,8.4,15.9,21.2,4.1,8.6
2014,62,1.8,16.4,6.9,10.9,9.2,4.4,8.2
2014,63,26.6,13,7,9.9,8.3,9.9,8.4
2014,64,17,11.9,7.1,9.9,6.5,8.4,11.3
2014,65,0,20.8,6.3,13,23.9,2.8,11.7
2014,66,0,19.2,7.9,12.9,21.6,2.3,13.1
2014,67,0,21.9,9.9,14.9,18.6,1.9,13.8
2014,68,0,16.7,12.1,13.6,6.5,1.6,13.9
2014,69,0,20.4,10.7,14.1,16.7,2.2,13.7
2014,70,0.2,20.2,12.4,14.3,11.8,1.6,14.1
2014,71,0,21.6,12.6,15.5,15,2.1,14.3
2014,72,0,26.5,11.6,20.2,20.4,6.4,9.3
2014,73,0,20.8,9.5,15.3,20.5,2.7,13
2014,74,1.2,17.6,7.4,12.5,8.4,2.2,13.2
2014,75,23.7,17.6,14.6,16.1,2.1,2.8,18
2014,76,0,27.1,14.6,20.7,19.2,5,14.9
2014,77,0.5,22.7,13.5,18.4,17.9,3.6,15.6
2014,78,0.1,21,10.9,15.1,20.4,2,15
2014,79,0,24.1,11.3,15.9,9.4,3.8,11.9
2014,80,0,19,6.7,12.7,18.4,2.5,11.3
2014,81,0.2,18.9,5,11,20,2,10.6
2014,82,0.1,20.4,4.4,11.5,20.1,2.5,10.7
2014,83,0.1,23.8,5.4,15.6,19.6,2,10.7
2014,84,8.9,19.7,8.6,14.1,8.5,5.3,11.4
2014,85,0.2,17.1,6.7,11.1,19.1,2.7,9.6
2014,86,0,24.6,5.8,13.6,18.6,2.6,11.4
2014,87,0,21.1,7.2,13.7,17.9,2,13.7
2014,88,0,24.8,10.6,15.6,12.1,1.4,14
2014,89,0,24.6,8.1,15.2,12.3,1.5,13.1
2014,90,0,21.1,10,15,15.1,1.5,14.3
2014,91,0,19.4,10.6,14.3,11.3,1.5,14.7
2014,101,1.6,16.5,11.8,13.7,5.9,1.4,15.1
2014,102,1.8,15.4,8.5,12,4,4.2,12.7
2014,103,0.5,10.4,7.5,8.4,5.2,1.9,9.4
2014,104,0,13,6.6,10.3,5,1.7,11.1
2014,105,0,21.4,10.2,14.8,6.7,1.8,14.5
2014,106,2.3,15.6,8.7,12.7,5.5,3.7,13.4
2014,107,36.8,13.1,7.5,8.8,1.4,3.4,11.1
2014,108,9.3,16,12.4,14.3,2.8,4.7,15.6
2014,109,0,23.3,10.2,16.7,13.3,3,12.4
2014,110,0,19.6,13.8,17.1,8.9,6.3,9.5
2014,111,0,20.6,8.3,13.6,10,2.5,10.9
2014,112,0.1,12.9,4.6,8.8,5,2.1,10.6
2014,113,0.9,18.6,4.9,12.2,8.2,2.9,9.8
2014,114,0,18,7.8,13,10.1,1.8,12.4
2014,115,0.8,21.8,6,14.4,9.6,4.4,10.6
2014,116,0,20.3,4,10.6,13,2.9,7.8
2014,117,0,18.2,2.5,10.4,8,2.9,7.7
2014,118,16.3,13.5,6.3,10.2,3,3.2,9.1
2014,119,16.5,9.1,7,8.2,2.8,8.4,10
2014,120,0,14.1,2.1,7.4,6.7,2.4,8.2
2014,121,0,15.3,1.1,6.7,11.8,2.5,8.1
2014,122,0.1,18.3,3.7,9.9,9.6,2.6,9.5
2014,123,0,23,8.2,14.4,11.4,2.8,10.1
2014,124,0,15,4.4,9.6,8.8,2.1,9.9
2014,125,1.7,21.8,10.4,17.8,7.1,5.8,11
2014,126,1.4,20.5,12.8,17.2,10.2,7.5,8.7
2014,127,0,18.5,8.2,14.5,7.9,3.4,9.1
2014,128,0.1,15,4.1,10.3,8.1,3.1,9.7
2014,129,0,13.9,4.3,8.7,9.6,1.8,9.2
2014,130,0,14.7,5,8.6,9.3,2,9.1
2014,131,0,17.4,3.8,8.6,10.2,2.2,9.1
2014,132,0,18,7.3,13.4,8.6,4.2,8.4
2014,133,8.9,13.3,7.8,10.3,4.2,2,10.6
2014,134,19.7,13.3,7.9,9.3,4.8,1.8,10.6
2014,135,0,13.5,4.8,8.8,5.7,2.4,9.1
2014,136,0,16.4,3.8,8.1,9.9,2.5,8
2014,137,0,19.4,5.3,10.4,8.1,3.6,8.5
2014,138,0,20.6,3.8,13.6,5.7,4.8,9.2
2014,139,0,20.6,4.9,13.7,9,3.5,10.3
2014,140,0,20.2,16.6,18.5,5.4,8.3,10
2014,141,0,21.3,7.8,15,5.6,5.8,9.7
2014,142,0,16.5,0.3,9.9,6.3,5.4,6.8
2014,143,2.1,21.7,13.5,17.4,5.7,6.6,10
2014,144,3.1,18.2,5.3,14.8,5.2,6.9,9.2
2014,145,6.4,14.8,0.6,9,6.7,5.7,6.8
2014,146,0.1,7.9,0.2,4.5,5.6,4.8,5
2014,147,0,11.8,-1.5,5.1,8.7,3.1,5.4
2014,148,0,16.8,9.8,14.1,7.5,11.1,6
2014,149,0.5,20.1,4.9,12.6,5.7,6.9,9
2014,150,0,11.9,1.2,5.3,8.2,2.6,6.6
2014,151,0,14.5,1.8,5.7,8.3,2.6,6.9
2014,152,0,12.9,0.6,4.4,8.3,2.9,6.9
2014,153,0,13.8,-0.2,4.2,8.1,3.3,5.9
2014,154,0,13.6,0.2,4.6,8,2.9,6.8
2014,155,0,12,-0.1,4.2,8.1,2.7,6.7
2014,156,0,19.6,1.7,13.5,6.6,5.3,9.6
2014,157,0.3,17.1,8.4,10.6,3.4,1.2,11.6
2014,158,0,18.9,8.2,14,3.3,4.2,10.2
2014,159,4.9,9.8,7.4,8.6,1.7,1.5,10.5
2014,160,48.9,10,8,9.1,0.8,2,11.4
2014,161,87.2,10.2,7.4,8.9,0.5,3.7,11.2
2014,162,4.9,-99,-99,-99,-99,-99,-990
2014,163,0,-99,-99,-99,-99,-99,-990
2014,164,0,-99,-99,-99,-99,-99,-990
2014,165,0,-99,-99,-99,-99,-99,-990
2014,166,0,-99,-99,-99,-99,-99,-990
2014,167,0,-99,-99,-99,-99,-99,-990
2014,168,0,-99,-99,-99,-99,-99,-990
2014,169,0,-99,-99,-99,-99,-99,-990
2014,170,0,-99,-99,-99,-99,-99,-990
2014,171,0,11.8,-8,5.6,7.3,2.7,6.7
2014,172,0,17.8,7.8,13.5,3.7,5.6,7.6
2014,173,0,11.4,-3.1,8,4.6,2.9,7.8
2014,174,0,11.4,-2.2,3.8,7.3,2.5,7.6
2014,175,0.1,17.2,-0.4,11.1,3.6,4.1,8.1
2014,176,3.7,20.5,10,16.3,5.9,5.3,10
2014,177,0,18.4,11,15.3,7.7,6.4,8.4
2014,178,0,15.8,7.4,11.8,4.9,4.9,8
2014,179,0,15.6,4.3,8.6,7.4,2.7,7.7
2014,180,0,14.6,1.9,8.5,7.4,2.5,6.8
2014,181,8.1,17.7,11.3,14.3,6.4,5.6,8.7
2014,182,0,14.3,7.2,10.9,7.2,5,7.1
2014,183,4.9,7.5,1.3,4.7,3.8,3.9,6.2
2014,184,0,8.9,-0.5,3.1,7.7,3.7,4.8
2014,185,0,14.8,0,7,6.8,5.8,5.2
2014,186,0,15.2,4.8,10.6,5.4,4.1,6.4
2014,187,0,11.5,0.4,6,6.3,3,6.9
2014,188,0.2,11.1,1.2,5.4,6.2,2.1,7.9
2014,189,0.2,8.4,-0.4,4.2,3.8,2.3,7.3
2014,190,0.4,8.3,4.6,6.4,2.7,1.5,9.1
2014,191,0.1,11.4,6.3,8.6,3,2,9.4
2014,192,0.1,18.4,8.2,13.6,6.6,3.7,9.2
2014,193,0,16.1,8.6,12.6,4.2,2.8,9.4
2014,194,0,17.4,5.3,10.9,8.3,4.1,8.3
2014,195,0,8.9,2.2,6.3,5.3,3.9,7.6
2014,196,0,12.1,0.7,4.6,8,3.7,6.2
2014,197,3.6,7,1.3,4.7,4.1,4.8,7.3
2014,198,0.2,8.2,1.6,4.8,6.2,2.7,6.8
2014,199,0,8.6,0,3.8,8.6,2.1,6.7
2014,200,0,8.9,0.8,4.6,5.6,3.6,7.2
2014,201,0,9.4,1.2,5.4,4.4,3.6,7.5
2014,202,0,8.6,0.7,5.1,6.9,4.5,5.7
2014,203,0,9.6,3.4,7,5,5.5,5.6
2014,204,0,10.9,3.4,7.9,4.2,3.6,8
2014,205,0,10.8,1.8,5.1,6.6,3.3,7.3
2014,206,0.1,9.2,2.2,6.1,3,4.1,7.3
2014,207,0,13.3,0.6,6.3,8.1,3.8,6.8
2014,208,0,11,2.6,7.9,4.5,3.4,6.8
2014,209,0,14.4,-0.2,7.4,9.7,3.9,6.6
2014,210,0,15.5,8.9,13.9,1.6,5.7,8.3
2014,211,0.2,16.8,9.3,14.4,4.6,8.7,7.2
2014,212,0,20.4,13.4,16.8,8.3,8.9,7.1
2014,213,0.1,18.9,15,17.4,5.3,6.7,8.7
2014,214,0.2,20.3,10.5,16.9,9.6,9.2,8.8
2014,215,1.5,10.6,3.6,6.9,3.9,2.7,8.8
2014,216,0,10.2,0.3,4.3,10.6,2.5,7
2014,217,0,17.8,2.4,9.7,10.9,4.5,6.7
2014,218,1.9,14,3.7,8.9,9.8,5.2,6.5
2014,219,1.8,15.4,3.8,10.2,7.5,6.6,7.1
2014,220,0.5,9.6,1.8,6.2,8.2,5.4,5.1
2014,221,0,10.6,1.2,5,11.3,3,5.3
2014,222,0,15,0.6,7.8,11,5.4,5.7
2014,223,0.3,15.6,5.4,11.5,8.4,6.2,7.3
2014,224,2.3,11,1.8,6.6,5.7,4.3,6.8
2014,225,0.6,11.7,0.1,4.3,7.2,3.9,6.2
2014,226,2.9,8.8,0.5,5,4.7,6.3,5.4
2014,227,0,11.4,5.1,8.7,4.4,5,6.4
2014,228,0,13.6,3,8.3,11.8,3.3,8.3
2014,229,0,13.7,0.8,7.1,12.6,2.7,7.5
2014,230,0,15.7,1.6,7.1,12.8,2.7,7.3
2014,231,0,10.9,0.7,5.4,7.6,1.9,8.1
2014,232,0,-99,2.1,-99,10.3,2.1,-990
2014,233,0.6,8.2,0.8,5.2,6.7,4.4,6.8
2014,234,0,11.6,2.8,7.6,9.4,2.8,5.7
2014,235,0,-99,-99,9.2,9,3.3,8.9
2014,236,0,11,5.6,7.4,5.9,2.1,8.6
2014,237,0,11.5,3.4,6.6,13.2,1.8,7.8
2014,238,0,11.6,2.6,6.8,14.2,1.9,7.5
2014,239,0,15.5,0.4,6.8,13.8,2.3,7.7
2014,240,0,13.5,1,5.8,14.1,2.7,7.6
2014,241,0.5,12,1.3,6.5,7.9,2.4,8.8
2014,242,0.4,12.3,6.4,8.8,6.3,2.1,9.9
2014,243,0,13,3,8.4,10.7,2.5,9
2014,244,0.2,11.6,1.4,5.8,9.8,2.8,7.9
2014,245,0,14.6,1.8,6.9,15.7,2.8,8
2014,246,0.2,16.4,1.9,8.3,16.2,2.2,8.8
2014,247,0.1,12.7,0.8,6,13.8,2.1,8.4
2014,248,2.4,9,6.3,7.4,3.6,3.1,9
2014,249,0,14.5,2.9,8.6,14.3,1.8,9.8
2014,250,0,15.7,4.7,9.9,16.4,2,9.3
2014,251,0,16.9,5,9.3,10.6,2.8,8.6
2014,252,0,16.3,1.7,9.4,17.1,2.5,8.8
2014,253,0,19.5,6.3,13.1,18,5.8,7
2014,254,0,20.4,12.9,16.4,17,7.7,7.4
2014,255,0,20.7,12.8,16.8,15.8,6.1,8.3
2014,256,4.2,14,7.4,10.1,7.6,3.6,10.3
2014,257,0,15.8,4.7,9.2,12.9,1.8,9.3
2014,258,0,17.2,4.5,11.2,13.6,3.5,8.6
2014,259,1.4,14.2,7.1,10.5,12.8,6.3,7.2
2014,260,0,13.2,3.8,8,10,3.9,8.1
2014,261,0.1,16.7,0.7,10.2,15.3,3.3,9.2
2014,262,0.1,15.2,7.9,12.1,19.1,8,7.4
2014,263,0,15.5,4.7,9.7,15.2,3.8,6.3
2014,264,0.9,12.5,4.3,7.7,15.4,2.6,8.3
2014,265,5.3,9.3,2.3,6.3,12.2,6.6,7.1
2014,266,0,21.9,2,12,19.1,4.3,7
2014,267,0,20.6,5.8,14.1,20.4,4,9.2
2014,268,0,20.6,8.5,14,18.5,6.2,7.1
2014,269,0,19.7,7.7,13.7,7.1,6.1,9
2014,270,6.1,16.4,6.7,12.8,4.3,4.1,9.5
2014,271,2,9.9,2.9,6.6,8.4,2.3,8.1
2014,272,0,15.1,-1.4,7.3,22.3,3.2,7.6
2014,273,0,18,4.2,10,22.8,2.7,7.8
2014,274,0,21.9,1.8,10.4,22.7,3.4,8.4
2014,275,0,20.5,4.7,14.1,14.7,5.3,7.5
2014,276,2.4,13.7,0.9,8.3,14.7,5.3,7.2
2014,277,0,12.4,0.3,6.1,19.8,3.3,5.4
2014,278,0,19.3,0.8,10.8,16.9,6.2,6.7
2014,279,28.8,16.3,2.5,9.9,7.6,5.9,8.6
2014,280,0,16.4,2.8,10.1,21.7,4.8,6.3
2014,281,0,21.6,3.7,15.3,18.1,6.5,8.3
2014,282,0,14.7,3.7,9.9,11.5,3.6,7.9
2014,283,0,18.2,3.9,10.5,24,2.2,9.5
2014,284,0,-99,2.9,-99,20.1,2,-990
2014,285,0,-99,-99,-99,24.2,1.7,-990
2014,286,0,-99,-99,-99,24.1,2.9,-990
2014,287,0,-99,-99,-99,8.7,4.4,-990
2014,288,0,-99,-99,-99,23.3,2.3,-990
2014,289,0,-99,-99,-99,10.4,3.8,-990
2014,290,0,-99,-99,-99,25.9,6.4,-990
2014,291,5.6,-99,-99,-99,8.2,3.4,-990
2014,292,0,-99,-99,-99,14.1,2.7,-990
2014,293,0.2,-99,-99,-99,15.1,4.6,-990
2014,294,0,-99,-99,-99,22.2,1.9,-990
2014,295,0,-99,-99,-99,26.2,2.5,-990
2014,296,0,-99,-99,-99,26,5,-990
2014,297,2.2,-99,-99,-99,20.3,5,-990
2014,298,0,-99,-99,-99,26.8,5.6,-990
2014,299,0,-99,-99,-99,16.4,7.5,-990
2014,300,2.3,-99,-99,-99,8.5,1.4,-990
2014,301,0.1,-99,-99,-99,19.9,3.9,-990
2014,302,0.1,-99,-99,-99,22.7,8.2,-990
2014,303,0,-99,-99,-99,19.1,4.6,-990
2014,304,0.5,20.8,5.3,13.5,20.6,4.5,8.5
2014,305,0,22.3,3.2,14.1,27.8,5,8.5
2014,306,0,23.5,16.6,20,19.8,7.7,9.4
2014,307,0.2,18.5,8.2,13,29.4,7.7,7.1
2014,308,1.8,13.8,4.2,7.7,11.7,2.4,7.6
2014,309,4.4,12,3.1,7.1,16.9,3,8
2014,310,0,12.3,2.3,7.5,16.9,2.7,7.6
2014,311,0,16.5,4.6,10.4,25.7,2.9,8.7
2014,312,0,17.9,4.8,10.9,25.8,2,10.5
2014,313,0,24.5,7.4,16.5,26.7,5.2,9.2
2014,314,0,21.5,9.2,17.2,16.2,5.1,9.8
2014,315,0,20.1,10.3,16.6,30.5,9.2,7.7
2014,316,10.3,13.3,3.8,7.8,13.2,2.9,7.9
2014,317,1.7,16.4,4.2,9.8,21.1,4.4,7.9
2014,318,0,18.5,6.1,12.8,26.4,4.2,9.5
2014,319,0,19,8.8,15.4,27.9,9,6.4
2014,320,0,16.8,5.4,12.6,29.9,4.1,9.1
2014,321,1.2,14.6,4.5,9.9,10.9,2.1,9.2
2014,322,0,20.2,10.1,14.9,31.7,7.2,5.9
2014,323,6.8,17.6,4.9,12.8,27.4,7.9,7.1
2014,324,0,19.3,2.3,11.8,26.5,5.2,7
2014,325,0,23.7,15.3,19.4,22.5,8,9.9
2014,326,0,27.1,8.9,19.2,26.9,7.3,11.7
2014,327,0,21.2,8.9,14.2,30.8,2.5,10.2
2014,328,0,24,8,18.4,32.4,3.8,8.8
2014,329,1.4,23.3,10.2,16.4,10.4,3.2,13.1
2014,330,0,23.3,15.4,19.7,33.2,5.8,7.8
2014,331,1.3,22.7,11.4,16.7,31.3,8.8,7.3
2014,332,11.8,15.7,7,10.6,15.3,2.6,9.1
2014,333,0,20,4.5,12.6,31.8,4.5,7.7
2014,334,6.2,17.6,7,11.8,19,4.1,6.9
2014,335,2.4,12.4,5.5,8.1,14.6,2.8,8.2
2014,336,0,16.8,6.8,11.2,32.9,2.4,8.8
2014,337,0,19.6,4.8,12.5,27.3,2.6,11
2014,338,0.4,25.3,10.7,16.9,13.8,5,10.3
2014,339,0.2,16.4,9,11.6,20.1,3.1,11.2
2014,340,0,24,9.8,16.4,22,5,11.4
2014,341,0,26,10,17.6,10.9,5.7,12.3
2014,342,0,17.5,9.7,12.5,17.8,3.3,10.6
2014,343,3.6,24.3,7.1,17.3,13.3,5.9,11
2014,344,7.5,22,8.5,12.4,6.1,4.2,11.6
2014,345,1.7,13.2,8.2,10.5,7.3,2.9,10.9
2014,346,0,16.9,7.8,12.5,14.4,2.8,11.4
2014,347,4,13.4,8.7,10.9,11.5,2.4,9.7
2014,348,0,18.5,4.6,11.7,33.8,2.8,9
2014,349,0,22.1,5.1,13.9,34,2.4,11
2014,350,0,21.7,7.4,14.9,34.5,2.9,12.3
2014,351,1.4,21.7,7.8,14,21,2.1,13.6
2014,352,0.2,21.8,13.5,16.9,14.1,3.1,15.1
2014,353,0,28.5,11.4,20.2,30.1,3.7,14.2
2014,354,0.1,28.6,20.2,23.6,14.9,3.9,13.3
2014,355,16,25,11.6,18.6,19.7,3.6,13.7
2014,356,0,21.7,8.7,15.2,32.5,2.8,14.2
2014,357,0,21.6,12.2,16.6,28.2,2.2,15
2014,358,0.1,27.7,10.2,19.9,31.3,3.8,14.2
2014,359,0,26.2,12.9,20.2,33.2,4.3,13.3
2014,360,0,28.8,11.6,19.4,33.2,3.8,14.7
2014,361,0,26.3,20.2,22.7,26.5,8.5,10.8
2014,362,0,24.8,14.9,19.6,25.2,5.2,14.1
2014,363,0,25.3,13.5,18.2,31.6,3.2,14.5
2014,364,0,29,10.9,21.1,27.9,3.4,12.1
2014,365,1.3,30,16.2,21.5,21.4,7.5,10.7
2015,1,0,20.6,10.8,15.8,32.6,4.1,9.7
2015,2,0,27.8,7.9,18.9,32,3.2,8.2
2015,3,0,23.2,11.8,16.5,25.5,4,10.5
2015,4,0,33.8,9.7,23.2,29.7,2.5,9.2
2015,5,0,31.3,15.4,22.9,32.8,4.1,10.5
2015,6,0,20.2,10.8,15.6,19.4,2,13.2
2015,7,0,21.2,10,15.1,16.7,2.3,12.4
2015,8,0.2,15.3,10.9,12.9,8.5,2.6,11.5
2015,9,0,24.3,7.8,16.7,33.5,3,12.7
2015,10,0,30.4,7.2,19.9,31.5,2.6,8.8
2015,11,0,29.3,20.4,24.1,24.3,8,8
2015,12,0.2,22.9,13.4,16,8.8,3.9,13.6
2015,13,0,22.3,11.6,17,25.1,2,14.3
2015,14,2.1,20.2,15,16.9,9,2,16.1
2015,15,0,25.4,14.7,19.4,22,2.6,16.1
2015,16,0.5,25.2,16.9,22.3,10.8,5.9,12.4
2015,17,0,27.7,10.1,20.2,33.3,6.2,10.3
2015,18,0,28.2,18.9,23.8,31.2,9.4,9.6
2015,19,0,25.2,15.7,20.2,31.5,7.2,8.6
2015,20,0.8,20.4,9,14.8,17.8,2.8,10.3
2015,21,5,20.1,9.2,12.6,15.1,2.2,12.3
2015,22,0,21.2,5.9,13.7,32.4,3,10.9
2015,23,0,24.3,7.5,15.8,32.1,3.2,11.4
2015,24,0,25.8,9.8,17.7,32.1,2.9,13.2
2015,25,0,27.6,14.4,19.7,29.2,3.1,14.4
2015,26,0,35.2,11.5,22.1,31.9,3.2,11.4
2015,27,0,24.5,9.4,17.5,28.9,2.8,14.8
2015,28,0.1,25.6,14.8,19.3,20.1,2.3,16.5
2015,29,0,25.2,14.1,19.3,23.1,2.2,17
2015,30,0,22.5,15,18.1,9.7,2.3,16.2
2015,31,0,24.3,15.5,18.9,16.3,3.4,15.4
2015,32,1.6,32.2,15,22.8,21.7,4.1,14.2
2015,33,0,28.3,21,23.8,22.4,7.6,11.2
2015,34,0,24,11.5,17.8,15.3,4.6,11.9
2015,35,0,24.1,10.9,18.2,30.4,8.3,7.4
2015,36,0.6,20.2,6.1,14.4,19.8,4.3,6.4
2015,37,9.4,18.7,6,11.5,28.2,5.5,7.4
2015,38,0.9,23.7,8.6,15.3,27.9,2.6,10.1
2015,39,0,30.4,9.9,20.1,28.5,3,11.6
2015,40,4.7,24.5,10.4,17.8,9.4,5.2,10.1
2015,41,0,21,6.5,13.4,29,2.9,9.9
2015,42,0,25,7.2,15.5,28.6,3.2,11.3
2015,43,0,28.2,9.5,18.5,28.7,2.4,13.1
2015,44,0,21.1,10.3,15.3,15.5,4.2,11.4
2015,45,0,13.9,9.9,11.3,9.4,3.9,10
2015,46,0,17.9,9.7,12.5,17.8,2.1,9.5
2015,47,0,19.4,7.1,13.6,26.6,2.1,10.2
2015,48,0,23.1,6.3,15,27.6,2.7,9.2
2015,49,0,27.7,9,18.6,27.7,2.7,9.7
2015,50,3.1,28.1,11.4,18.4,21.4,2.7,12.5
2015,51,0,23.2,12.2,16.8,25.4,2.4,15.1
2015,52,0,27,12.3,19.9,23.7,2.9,15.2
2015,53,8.6,19,14.4,15.9,7,2.6,15.6
2015,54,0,23.1,12.4,16.9,16,2.4,14.6
2015,55,0.1,28.2,12,20.3,24.7,4.4,11.9
2015,56,0,28.8,11.1,19.2,20,5.5,10.8
2015,57,0,17.8,7,12.5,22.7,2.8,8.8
2015,58,0,22.8,5.9,14.2,25.5,2.8,10.8
2015,59,0,28.8,8.6,18.9,23.2,3.3,11.7
2015,60,0.1,30,11.9,21.5,23.1,4.4,13.1
2015,61,0,27.6,19.7,23.2,20.4,7.4,10.5
2015,62,0,22.7,15.6,18.3,18.4,2.9,15
2015,63,0,24.5,12.7,18.2,20.4,2.1,15.9
2015,64,0,31.3,11.8,22.9,23.8,3.3,12.4
2015,65,8.5,23.6,16.8,20.5,17.1,6.2,10.9
2015,66,4,20.4,12.2,16.2,11.7,3.3,10.3
2015,67,0.9,20.4,12.6,15.3,15.4,4.2,12.2
2015,68,0,22.1,8.8,15.2,22.6,2.4,13
2015,69,-99,22,9,15.6,20.7,2.2,13.6
2015,70,-99,19,9.6,15.1,9.3,2.9,13.9
2015,71,-99,22,7.2,13.8,18.4,2.2,13.1
2015,72,-99,27.9,9.1,18.2,20.3,3.9,11.9
2015,73,-99,17.2,11.4,14.2,8.8,3.3,12.8
2015,74,-99,28.1,10,17.8,21.9,2.9,12.6
2015,75,-99,17.8,9.6,13.1,8.7,4.9,12.9
2015,76,-99,14.2,8.5,10.6,9.8,5.3,9.2
2015,77,-99,16.5,8.3,11.5,17.1,5.2,7.9
2015,78,-99,14.4,8.8,11,11,4,8.3
2015,79,-99,19.2,6.5,12.3,20.2,2.7,9
2015,80,-99,25.2,7.4,16.8,20.3,5.1,9.2
2015,81,-99,18.4,11.4,14.4,8.7,4.8,12.1
2015,82,-99,20.4,11,14.2,12.5,2.5,12.4
2015,83,-99,25.6,9,18,18.5,4.8,11.4
2015,84,-99,26,10.4,18.2,12.3,3.9,10.2
2015,85,-99,23.6,9.5,16.3,13.7,2.5,12
2015,86,-99,22.3,9.5,13.9,16.8,2.5,13.1
2015,87,-99,23.2,8.4,15.8,16.1,2.5,13.3
2015,88,-99,22.6,10.9,17,9.7,3.8,10.8
2015,89,-99,21.6,10,14.8,13.2,2.8,11
2015,90,0,19.3,8.6,13.6,13.6,2.1,11.8
2015,91,0.1,22.6,7.1,14.4,17.7,2.8,10.9
2015,92,0,26.2,9.5,19.2,17.6,4.5,8.2
2015,93,0,27.4,12.7,19.5,16.5,4.5,9
2015,94,0,25.7,13.8,19.9,13.1,6.7,9.8
2015,95,0,16.8,8.9,13.1,6.7,2.9,11.6
2015,96,0,24.8,10.9,17.9,11.4,4.1,11.3
2015,97,0,29.6,12.3,21.3,11,4.2,14.1
2015,98,0.2,22.3,12.4,15.7,7.7,1.9,13.9
2015,99,0.6,15,10,11.9,5,3,11.4
2015,100,4.7,19.2,9.7,12.4,9.9,4.2,12
2015,101,2,13.4,5.4,10,6.7,2.5,10.2
2015,102,0.9,20.9,7.4,15,11.8,7.7,7.8
2015,103,4.8,13.8,1.6,9.1,10.8,7.3,7
2015,104,3.2,10.4,2.3,6.7,12.3,6.4,5.1
2015,105,0,14.6,5.4,10,11.5,5.6,6.9
2015,106,0,16.1,2.6,9.3,14.7,2.7,7.8
2015,107,0.1,20.8,1.9,13.2,11.5,4.5,7.9
2015,108,0,17.3,5.7,11.5,9.5,3.3,10.4
2015,109,0.1,22.6,5.6,12.8,13.7,2.3,9.6
2015,110,0,22.6,12.3,17.3,11.6,4.9,11.1
2015,111,1.8,14.4,11.7,12.6,2.7,0.9,13.8
2015,112,0,14.6,11.3,12.2,4.2,2.5,13.1
2015,113,0,16.4,10.6,12.4,8.3,2.2,12.1
2015,114,0,19.3,10.4,13.3,11.2,1.9,12
2015,115,0,22.4,13.9,18.8,12.5,7.4,9.4
2015,116,0,24.1,18,20.6,6.8,5,10.4
2015,117,18.2,21.7,10.3,14.9,3.2,3.3,12.8
2015,118,3.2,11.9,5.8,9.1,5.3,3.2,8.7
2015,119,0,19.8,2.8,9.8,12.2,4.4,7.7
2015,120,0,13.7,7.2,9.8,10.6,4.7,6.5
2015,121,0,21.1,4.4,11.3,12,2.6,8.9
2015,122,0,19.3,6.2,10.5,12,2.1,9.9
2015,123,0.1,14,3.1,7.6,11.5,2.3,8.9
2015,124,0.3,24.7,1.8,9.9,10.9,1.5,8.4
2015,125,0.1,22,6.3,14.4,5.2,4.1,9.5
2015,126,0,25.9,18.5,22,6.3,6.6,12.8
2015,127,0,24.6,16.7,20.9,11,6.3,9.3
2015,128,0,18.8,12.3,16,11.2,6.6,7.3
2015,129,0,18.6,11.7,15.4,9.4,7.8,7.2
2015,130,0,19.3,9.7,15.1,7,5,7.8
2015,131,0,21.1,14.2,17.4,7.3,5.4,8.8
2015,132,3.4,18.4,4.2,11.7,9.1,4.1,9.3
2015,133,0,19.3,4,13.9,9.8,8.4,8.3
2015,134,0.1,17,10.9,14.2,5.8,4.2,8.1
2015,135,3,12.1,7.5,10.2,3.9,6.7,9.6
2015,136,0,12.6,8.1,10.4,3.2,4,8.4
2015,137,0,15.5,5.4,9.8,7,2.4,9.2
2015,138,0,18.1,9.2,14.2,6.9,6.7,7.7
2015,139,0,13.4,5.2,9.3,6.4,1.6,8.5
2015,140,0,15.4,2.7,8.9,9.1,3.6,7.8
2015,141,0,22.4,7.2,16.7,6.9,5.5,8.3
2015,142,1.8,11.7,-0.1,6,8.8,2.7,6.6
2015,143,0,14.9,1.1,6.9,8.5,3,5.3
2015,144,3,15.8,0.3,5.5,8.7,3.5,6.1
2015,145,0.1,9.4,2.2,6.2,9,6.9,4
2015,146,0,12.7,-0.3,6,8.6,4.8,4.8
2015,147,0,11.6,1,6.8,7.3,4.8,6
2015,148,0,11.1,-0.5,3.6,8.4,3.6,6.1
2015,149,0,13.5,-1.7,5.2,8.7,3.1,5.4
2015,150,0.1,15,4.8,10.9,2.3,5.1,6.7
2015,151,0,18.7,4.6,13,8.6,6.1,6.9
2015,152,0,19.9,7.7,14.1,8.1,3.6,8.6
2015,153,0,15.9,6.6,10.2,4,2.3,10.3
2015,154,1.3,14.9,6.8,9.8,4.1,1.7,10.9
2015,155,0.4,9,1.6,6,4.2,6.5,7.5
2015,156,2,7.5,0.8,4.3,2.8,2.8,7.2
2015,157,0,10.8,-0.3,3.6,7.7,2.5,6.8
2015,158,0,15.9,2,8.5,7.3,3,7.2
2015,159,0,18.9,3.3,13.5,7.5,5,7.5
2015,160,0.1,17.8,14.7,16.3,3.2,8.3,9.1
2015,161,1.3,16.7,8.5,13.5,6.9,7.7,8.7
2015,162,0.1,11.7,1,7.3,5.4,4,5.7
2015,163,3.6,18,2.6,11,6.3,6.2,7
2015,164,0,15.7,0.3,8.7,6.8,4.6,5.9
2015,165,0,15.4,4.2,10.2,7.6,2.8,8.1
2015,166,4.6,9,3.5,5.6,4.3,3.5,6.5
2015,167,0,11.5,1.4,6.7,7,3.6,6
2015,168,0,14.9,1.4,7.9,7.4,5.6,5
2015,169,28,17.7,0.8,9.2,2.5,5.6,7.2
2015,170,20,12.1,1.1,4.1,6.9,2.3,7.7
2015,171,0.8,8.9,2.2,6.7,3,2.3,8.6
2015,172,0.5,12.7,-0.9,6.3,7.3,4.2,6.4
2015,173,1.1,5.6,1.9,4,4.3,5.1,5.3
2015,174,0,7.5,-1.3,2,7.5,2.7,5.2
2015,175,0,8.1,-2.3,1.1,7.6,2.5,5.3
2015,176,0,12.5,-1.9,2.6,7.5,3.6,5
2015,177,1.9,18.3,-0.4,9.1,5.8,5.4,6.4
2015,178,0.8,13.3,1.4,7.2,7.3,5.1,5.7
2015,179,0,17.2,1.3,11,7.6,4.6,5.9
2015,180,0,17.8,3.6,11.9,6.5,5.4,6.6
2015,181,0,16.7,1.4,10.5,7.6,5.7,5.9
2015,182,0,14.6,5.1,9.3,2.8,3.9,8.1
2015,183,0,15.4,3.5,10.1,3.7,5.9,6.9
2015,184,2.2,14.8,6,11.3,3.9,5.1,8.5
2015,185,0.8,10.4,2.2,5.9,7.9,2,7.3
2015,186,0,14.7,5.5,11.6,4.6,7.6,5.9
2015,187,0,11.5,1.4,8.3,7.9,4.9,5.5
2015,188,0,5.8,0.1,3.1,3.2,2.6,5.6
2015,189,8.1,7.1,1,3.6,6.1,6.3,5
2015,190,16.2,4.2,0.9,2.8,3.3,5.5,6.8
2015,191,0.3,8.7,-0.3,4.3,6.3,3.9,6.5
2015,192,0,8.7,-2.3,1.2,8.2,3.5,5.2
2015,193,0,8.8,-2.7,1.1,8.4,3.2,4.9
2015,194,0,10.7,-2.7,2.1,8.5,3,4.9
2015,195,0,12.9,-0.3,9.1,5.4,3.8,5.7
2015,196,0,17.9,8.4,14.1,5.3,4.3,8.4
2015,197,2,14.6,5.6,9.7,2.6,2.8,9.3
2015,198,0,10.9,1.3,6.2,6.1,1.2,8.2
2015,199,11.8,11.6,0.6,6,1,4.4,6.3
2015,200,0,9.6,1.8,5.3,7.5,5.1,4.6
2015,201,0,10.6,1.3,5.4,4.6,5.4,5.3
2015,202,0,13.4,3.5,8,3.8,3.6,5
2015,203,0,12.9,2.1,6.4,5.7,3.2,7.3
2015,204,0,14.6,0.1,7.4,9.2,2.6,6.5
2015,205,0,14.5,3.5,9.7,8.1,3.4,7.6
2015,206,0,15.3,3,8.8,9.3,3,6.8
2015,207,0,18.4,11.3,14.6,9.3,5.8,6.9
2015,208,4.7,19.5,10.8,14.2,6.7,3.6,9
2015,209,6.7,14.8,5.5,10.6,6.1,4.1,8.2
2015,210,1.7,11.7,3.6,6.8,6.2,4.3,7.3
2015,211,0,10.4,-0.2,3.9,9.9,3,5.9
2015,212,0,15.3,-0.5,7.1,9.3,5.4,6.1
2015,213,0,14.8,4.4,11.6,4.7,4.3,8.4
2015,214,0,14.9,4.9,11.4,3.1,5,7.5
2015,215,0,19.6,6.8,14.8,7.5,6.7,9.3
2015,216,0,17.8,2.1,13,8.2,8.7,7.8
2015,217,0,13.3,-0.9,6.2,11,2.6,5.3
2015,218,0,14.4,0.3,7.2,9,3.8,5
2015,219,0,11.6,2.1,6.6,11,4.2,6
2015,220,3.8,7.4,0.3,3.5,7.6,5,6.1
2015,221,1.6,7.1,-0.6,2.2,7.7,4,5.6
2015,222,0,7.2,1.5,3.9,7.6,3.8,5.8
2015,223,0,10.4,-1.1,2.9,11.6,3.3,5.6
2015,224,0,8.9,-0.8,2.7,11.4,2.8,6
2015,225,0,15.4,0.5,6.8,10,2.5,7.5
2015,226,0.5,13,6.8,10.1,2.8,2.2,9.1
2015,227,4.2,10.3,6.7,8.5,2.7,2.3,10.6
2015,228,1.6,9.1,2,6.7,4.2,3.8,8.6
2015,229,0,16.4,0.4,8.5,12.3,3.8,7.1
2015,230,0,17.2,9.4,13.1,11.1,4.8,7.2
2015,231,0,16,7.2,11.1,9.4,4,6.9
2015,232,0,12.2,2,7.4,11.6,2.9,6.2
2015,233,0,12.6,-0.4,4.8,13.1,3.2,6.3
2015,234,0,13.1,0.7,5.1,13.2,2.8,7.2
2015,235,0,17.4,2.9,8.8,13.9,3.1,6.4
2015,236,0,16.6,7.4,12.6,8.1,6.7,6.5
2015,237,4.7,13.9,2.1,6.6,4.7,3.5,7.9
2015,238,0,11.3,2.5,6.6,9.5,3.4,7.2
2015,239,0,15.4,0.3,6.4,14.5,2.3,7.4
2015,240,0.2,13,-2.2,5.5,13.6,1.8,8.2
2015,241,0,19,4.5,11.6,4.9,2.5,9
2015,242,0,14.5,5.3,9.5,13.9,3.2,9.4
2015,243,1.1,9.2,4.6,6.6,6.5,1.8,8.8
2015,244,5.5,9,3.6,5.9,2.5,1.8,8.8
2015,245,0,16.9,2.4,11.4,10.5,4,8.3
2015,246,0.5,11.1,2.3,7.6,8.5,3.5,8.6
2015,247,0.1,14.5,4.1,8,6.4,4.3,6.9
2015,248,0,16.4,1.2,8.4,16.1,4.6,6.5
2015,249,0,11,-1,5.7,15.2,4.1,5.2
2015,250,0,10.5,0.5,5.6,15.2,4.3,5.1
2015,251,0,11.8,-0.9,4.3,16.7,3.1,6.1
2015,252,0,13.7,-1.7,7.5,16.5,2.9,7.5
2015,253,6.2,18.3,4.1,11.8,10,5.1,7.9
2015,254,1.1,13,4.6,7.8,13.1,3.1,6.1
2015,255,0.8,14,3,7.1,17.7,2.7,7.3
2015,256,0,15,2.7,9.4,12.2,3.4,7.9
2015,257,0,13.1,5.7,8.8,15,1.9,8.7
2015,258,0,21.3,10,15.7,12.5,6.3,8.3
2015,259,0,19.6,13.5,16.2,17.7,9.6,7.2
2015,260,0.2,20.5,13.8,16.3,7.4,6.2,8.6
2015,261,1.4,18.3,6.2,13.9,16.3,5.3,8.1
2015,262,1,9.3,4.6,6.3,11.9,6.3,6.5
2015,263,1.9,6.7,3.3,4.8,7.8,5.4,7.2
2015,264,0,8,3.9,5.4,8.6,2.6,6.7
2015,265,1,11.6,3.5,7.3,10.5,2,8.6
2015,266,13.5,10.2,8.2,9,4,2.8,11
2015,267,2.9,11,6.2,8,8.9,2.2,9.6
2015,268,0.7,12.4,4.2,7.8,14.4,2.2,8.6
2015,269,4.6,10.7,4.9,7.2,11.5,2.9,8.4
2015,270,0.7,13.8,3.2,8.2,20.2,2.8,8.7
2015,271,0,14.3,2.2,8,18.3,2.8,8.1
2015,272,0,16.3,4.8,10.2,17.8,2.8,8.2
2015,273,0,17.9,4.1,11,20.8,3.8,8.3
2015,274,0,19.9,12.2,15.7,19.4,6.8,8.6
2015,275,0,18.6,10.5,14.2,18.7,7.1,7.5
2015,276,0,22,6.5,15,22.4,4.9,8.6
2015,277,0,24.3,12.8,18.2,18.4,10.2,7.8
2015,278,0,15.4,6.9,11.9,22.6,5.3,6.2
2015,279,0,26.9,13.4,20.3,22.9,7.1,6.5
2015,280,0,26.6,16.1,21.4,18.7,8.6,6.9
2015,281,0,16.2,4.5,10.4,12.5,3.1,7.7
2015,282,0,17.8,1.3,9.5,24,1.9,8.1
2015,283,0,16.5,8.5,12.8,24.3,3.8,8
2015,284,0,24.2,11.6,17,24.6,6.8,7.4
2015,285,0,23.4,15.6,18.8,17.7,8.4,8.3
2015,286,0,18.9,8.7,12.8,8.2,4.4,9.5
2015,287,0,17.5,5.9,11.8,23.2,2.4,8.8
2015,288,0,18.1,5.6,12.3,23.1,3.3,9.9
2015,289,0,23.6,3.7,16.3,24,6.8,7.2
2015,290,0,21.9,7.5,13.7,11.3,6.2,9.7
2015,291,0.7,21.3,6.5,15.3,25.3,8.5,7.4
2015,292,0,19.2,4.3,11.3,23,3.1,7.7
2015,293,0,21.2,0.4,12,26,5,7.6
2015,294,0,22.2,15,18.5,22.6,9.5,7.7
2015,295,3,21.5,5,11.1,17.9,4,9.4
2015,296,0,14,5.6,9.6,7.9,1.3,8.5
2015,297,0,19.2,5.1,12,25.8,3.4,9.9
2015,298,0,20,8.5,12.3,15.9,3.6,7.4
2015,299,0,22.8,2.8,14.8,26.9,3.7,7
2015,300,1.1,18.6,7.5,10.5,7.9,3.7,9.4
2015,301,0.6,17.5,6.6,10.7,15.6,2.1,11
2015,302,6,10.5,5.5,8.4,6,2.6,9.5
2015,303,0,14.1,3.9,8.8,21.2,2.2,7.5
2015,304,0,19.8,3.5,10.8,28.6,2.4,8.6
2015,305,0,20.5,7.3,13.6,27.7,2.8,10
2015,306,0.1,24.3,5.7,14.9,29.7,6,7.5
2015,307,1.8,22.1,6.1,13.1,16.5,7.5,8.3
2015,308,2.6,9.2,3.3,6.5,11.1,3.1,7.8
2015,309,0,15.2,0.7,7.9,30.2,3.1,7.4
2015,310,0,16,4.3,10.4,28.9,2.7,9.8
2015,311,0,24.6,5.6,14.8,28.1,2.4,10.4
2015,312,0.3,21.7,9.4,17.9,10,4.1,8.1
2015,313,0,20.6,7,13.8,22.2,2.4,12.3
2015,314,0.1,25.9,7,16.2,27.4,2.6,12.1
2015,315,6,20.2,7,10.8,5.5,3.2,10.9
2015,316,3,11.8,6.2,8.4,19.5,3.6,8.2
2015,317,0,14.8,5.3,9.7,27.9,2.8,8
2015,318,0,19.4,4.5,12.5,17.7,6,7.2
2015,319,0.3,16.8,6.7,10.4,11.1,4.5,9
2015,320,0,18.4,1.4,11.1,31.4,2.5,8.4
2015,321,3.7,23.8,7.4,13,14.9,4,9.4
2015,322,1.5,14.5,6.8,8.9,16.8,2.9,8
2015,323,0,21.4,1.9,12.4,30.3,4.3,7.9
2015,324,0,24,15.4,18.8,23.6,8.2,7.8
2015,325,0,22,9.5,15.5,28.9,3.9,9.2
2015,326,0,21.2,9.4,14.9,26.9,4.6,8.4
2015,327,0,21.2,11.8,16.6,30.5,8.1,7.5
2015,328,0,22.4,17,19.1,23.3,8.1,9.3
2015,329,0,27.7,18.8,22.4,32.4,7.5,10.1
2015,336,0,27.9,19.3,23.4,11.9,7.4,13.6
2015,337,0,25.8,12.1,20.9,14.8,7,11.4
2015,338,0,24.3,7.2,17.1,31.6,3.4,9.5
2015,339,0,25.9,10.3,18.5,25,5.7,8.8
2015,340,4.1,12.3,5.3,9.5,11.4,2.9,9.3
2015,341,0.2,19.8,3.6,11.4,24,2.6,8.9
2015,342,0,21.2,4.5,13,29.3,2.7,8.6
2015,343,0.1,18.6,8.2,13.4,26.6,2.6,10.8
2015,344,0,27.4,7.7,19.5,21.6,5.7,9.7
2015,345,0.1,21.3,11,15.2,20.1,4.4,11.3
2015,346,0,28.1,9.1,18.2,20.7,4.6,12
2015,347,0.1,20.1,5.4,14.1,27,6.7,7.6
2015,348,0,23.3,4.3,15.9,32.3,6.6,7.3
2015,349,0,26.8,9.4,17.2,29.5,4.7,9
2015,350,14.2,14,7.3,10.2,14.9,2.7,9.3
2015,351,2.8,15.6,6.6,10.3,20.4,4.2,9.2
2015,352,0,20.4,5.5,12.8,30,2.5,9.3
2015,353,0.3,14.6,9.1,11.4,7.8,2.5,11.5
2015,354,0,21.4,6.5,15.2,29.1,2.2,12.5
2015,355,0,33.3,19.2,25.6,29.8,6.4,11.7
2015,356,6.9,22.2,8.7,14.9,5.4,4.6,11.9
2015,357,0,17.4,5.7,11.7,27.9,2.8,10.4
2015,358,0,20.9,7.1,14,32.8,2.5,11.8
2015,359,0,23,11.1,16.4,30.3,2.6,12.7
2015,360,0,20.4,9.7,15.1,33.3,2.8,12.9
2015,361,0,24.6,8.6,16.6,34.1,2.9,12.9
2015,362,0,21.1,7.7,14.5,32.2,3,13.1
2015,363,0,20.8,9.1,15.2,33.7,2.5,10.4
2015,364,1.7,20.7,5.5,12.5,21.5,3.4,9.7
2015,365,0,22.8,11.1,16,28.5,2.5,11.6
2016,1,0,22.6,9.2,16.4,32.2,2.2,13.8
2016,2,6,17.8,15.1,16.2,5.7,1.3,16.8
2016,3,39,16.2,9.3,13.1,5.3,3.9,13.8
2016,4,0.7,16,7,11.4,25.9,3.5,9
2016,5,0,19.8,5.8,12.9,33.4,2.5,10.4
2016,6,0,25.2,9.5,18.4,32.7,3.7,11.6
2016,7,0,24,11.5,19.2,27.2,4.8,10.3
2016,8,0,29.4,11.4,20.3,27.6,5.5,12.8
2016,9,0,22.1,9.1,16,26.8,5.1,11.8
2016,10,0.4,22.3,9.9,14.8,9.3,5.3,10.4
2016,11,0,22,10,15.1,31.5,2.6,11.7
2016,12,0,28.7,9.2,18.5,31.1,2.5,12.8
2016,13,0.3,21.7,9.9,13.4,8.1,3.5,11.3
2016,14,0,26.7,7.5,17.2,30.9,4.4,10.4
2016,15,5.9,24.2,11.7,19.1,11.8,6.3,10.5
2016,16,4,13.8,11.2,12.5,4.9,1.9,13.7
2016,17,2.8,16.6,12.9,14.3,10,1.9,15
2016,18,15.1,14.9,12.2,13.5,5.1,1.7,14.7
2016,19,14.5,20.4,13.7,16.1,12.9,1.7,16
2016,20,0,26.8,12.9,20,31.7,4.8,13
2016,21,0,27.7,19.5,22.3,16.6,5.9,11
2016,22,0,29.6,19.9,24.3,31.1,7.5,12.6
2016,23,0,27.9,20.7,24.1,11.9,5.8,11.3
2016,24,0,25.2,22.4,23.6,4.1,6.1,14.9
2016,25,0,26.5,23.3,24.8,7.7,5.3,13.2
2016,26,1.2,24,13.7,17.8,5.1,2.7,15.3
2016,27,25.2,15.1,12.3,13.4,7.7,2.9,13.9
2016,28,1.4,17.2,11.5,13.2,13.3,3.6,13.1
2016,29,0,18.1,7.1,13.6,14.3,2.2,12.8
2016,30,0,15.4,11.3,12.8,8.6,2.5,12.9
2016,31,0,19.5,10.5,14.2,22.3,2,13.6
2016,32,0,23.2,8.4,16.2,30.5,1.8,15.3
2016,33,0,28.4,12.4,19.4,30,2.1,16.2
2016,34,0,29.4,12,20.4,29.8,2.6,16.1
2016,35,0,28.9,22.5,25.2,27.1,8.1,12.4
2016,36,0.4,23,14.2,19,12.9,3.2,15.3
2016,37,1,22.7,13.4,16.5,20.7,2.3,15.4
2016,38,0,19,13.2,15.9,9.9,3,15.3
2016,39,0,22.1,14.2,17.5,23,1.6,16.2
2016,40,0.9,23.6,11.1,16.2,21.8,2.6,15.8
2016,41,0.2,23.7,8.4,16.1,28.5,2.1,13.7
2016,42,0,24.9,10.2,16.8,23.5,2.4,15
2016,43,0,24.7,11.2,17.1,26.9,2.8,15.7
2016,44,0.3,22.9,13.4,17.4,15,1.8,16.3
2016,45,0,23.7,10.7,17.1,27.5,2.6,16
2016,46,0,29.1,15.9,23.9,28.6,6.8,9.1
2016,47,0,30,20,24.8,26.7,5.7,12.4
2016,48,3.2,28.3,16.8,22.2,9.5,3.1,16.2
2016,49,11.1,26.3,15.2,20.8,27.1,6.4,12.5
2016,50,0,23.5,16.4,19.7,24.1,8.1,10
2016,51,0,27.4,17.5,22.4,26.8,7.8,11.5
2016,52,0,26,10.6,18.2,26.8,3.4,12.1
2016,53,0,22.2,9.5,15.7,22.7,2.7,13.3
2016,54,0,21.6,10.8,16.2,15.5,1.9,14.6
2016,55,0,29.1,9,19.8,24,4.5,12.5
2016,56,0,30.6,16.3,22.7,14,5.7,14.3
2016,57,0,30.2,21.7,25.2,14.5,7,9.3
2016,58,0,28.4,18.1,23.9,13.5,6.8,11.8
2016,59,0,24.1,11.1,18.4,21.9,3,13.5
2016,60,2.5,21.3,8.4,13.7,5.7,4.1,10.5
2016,61,0,17.6,8.6,11.9,15.3,2.1,10.4
2016,71,2.2,15.6,7.7,11.5,11.2,4.3,9.3
2016,72,0,19.3,3.3,10.9,19,2.7,9.3
2016,73,0,22.8,8,14.4,15.1,2,12
2016,74,0.1,24,8.5,15.6,19.9,2.2,12.6
2016,75,4.5,25.5,11.2,16,10.5,4.1,14.3
2016,76,13.5,12.5,7.5,9.6,7,3,10.3
2016,77,0,14.7,8.6,11.2,8,2,10.2
2016,78,0,24,9.8,15.6,19.8,2.6,13.5
2016,79,0,28.9,14.8,22.7,17.2,3.9,13.3
2016,80,0,27.6,19.4,23.4,19.7,7.3,13
2016,81,0,29.6,21.5,24.1,17.4,7.4,13
2016,82,0,28.9,15.5,22.4,17.8,3.5,12.7
2016,83,0.1,22.4,11.6,17.3,7.8,2.1,15.8
2016,84,2.9,28.4,13.8,19.3,15.4,3,17
2016,85,1.4,18.6,8.9,13.4,17.7,2.2,12.3
2016,86,0,20.4,9,13.4,16,1.8,12
2016,87,0.1,25.5,7.3,15.6,19.1,2.8,11.4
2016,88,0,15.5,7.2,13.6,4.5,2.6,13
2016,89,0.1,21.6,5.3,13.3,14.3,2.1,9.9
2016,90,2.1,14.8,6.6,11.7,5.7,2.3,11
2016,91,0,19.4,4,11.5,17.4,2,11.1
2016,92,1.6,20.2,10.4,15.6,7.1,1.7,13.9
2016,93,0,21.8,12.6,15.7,9.7,1.8,15.5
2016,94,0.1,25.2,12.5,18.5,7,4,12.8
2016,95,6.5,13.5,6.3,10.4,5,2.3,11.2
2016,96,0,19.5,5.3,10.9,16.9,2.9,9.1
2016,97,0,23.1,7.1,14.3,15.7,2.4,9.7
2016,98,0,24.1,14.2,18.7,11.4,5.8,9.1
2016,99,3.9,20.8,10.2,13,4.4,3.5,11.4
2016,100,0,18.9,6.7,12.4,15,2.1,11
2016,101,0.1,21,5.7,12.5,16,2.4,9.9
2016,102,0,22.3,11.6,18.1,14.4,6.9,8.7
2016,103,1.7,20.9,6.4,12.8,4.1,4,11.2
2016,104,0,17.2,4.9,9.3,15.6,2.8,8.3
2016,105,0,23.5,3.9,11.6,15.3,2.3,7.4
2016,106,0,19.3,5.4,11.2,14.4,2.7,9.3
2016,107,0,23.6,4.7,15.4,14.3,5.1,7.3
2016,108,1.1,24.5,10.2,16.2,13.6,4.4,10
2016,109,1.2,14.5,7.2,11.6,5.9,1.9,11.1
2016,110,0,20.7,5.3,11.2,14.1,2.5,10.2
2016,111,0,22.4,6.7,13.4,13.9,3.1,7.7
2016,112,0,19.3,5.5,10.9,13.5,2.8,9.8
2016,113,0,23.8,4.6,15.3,13.5,4.8,8.5
2016,114,0,22.4,9.6,17.7,5,6.8,10.6
2016,115,0,18.6,5.6,12.9,13.4,5.3,7.3
2016,116,0,20.1,6.6,14.1,12.1,4.7,8.2
2016,117,0,21.5,7.5,15,12.5,3.4,8.3
2016,118,0,21.4,5.8,11.9,12.6,2.7,9.6
2016,119,0,24.2,7.1,13.3,12.5,2.7,8.4
2016,120,0,23.9,7.4,14.9,10.6,2.9,8.7
2016,121,0,17.3,6.1,11.4,9.7,2.1,9.7
2016,122,0,24.6,4.6,16.1,9.2,4.8,9.6
2016,123,0,22.5,15.7,19.5,7.1,7.9,10.7
2016,124,0,24.3,10.8,19.4,9.3,3.7,9.3
2016,125,0,23.3,18.2,21.7,3.6,4.6,12.1
2016,126,0,22.1,6.2,14.9,6.9,3.3,10.9
2016,127,0.1,15.3,4,9.2,10.3,2.4,10.1
2016,128,0,24.6,8.4,14.2,10.6,3.1,8.1
2016,129,0,23.1,8.2,14,10.6,2.5,9.7
2016,130,0,18.7,8.5,14.4,3.2,2.7,10.3
2016,131,0,20.8,8.3,15,5.1,4.2,10.7
2016,132,0.3,25.9,16.7,21.3,5.4,8.5,12.3
2016,133,12.6,19.5,11.2,16.2,9.8,8.9,9.3
2016,134,9.7,19.7,10.7,15.9,9.3,6.2,8.8
2016,135,0,21,11.9,17.5,8.9,5.8,7.7
2016,136,0,18.6,8.2,15.2,4.6,5,7.4
2016,137,3.2,21.1,9.6,15.5,5.3,7.4,8.8
2016,138,0,12.8,3.2,7.9,9.8,3.1,6.3
2016,139,0,18.8,5.4,12.9,6.4,5.2,6.8
2016,140,0,17.9,5.4,14.1,9.7,7.2,6
2016,141,6.4,17.8,3.7,12,5.3,4.4,8.4
2016,142,1.5,13.1,8.7,10.9,4.2,5,8.2
2016,143,0.6,11.5,5.6,8.2,4.2,3.5,7.4
2016,144,9.6,11.6,3.9,6.9,3.8,2.7,8.5
2016,145,1.1,12,4,7.7,7,2.5,8.4
2016,146,0,13.2,4.4,7.9,7.3,1.9,8.5
2016,147,0,15.8,4,11.5,5.9,4.7,8
2016,148,0,13.7,2.6,7,7.7,2.5,8.4
2016,149,17.4,13.5,7,9.3,5.2,2.2,10
2016,150,0.3,10.1,6,8.7,2.9,3.7,8.2
2016,151,0,11.4,5.1,8.3,8.3,4.1,7.4
2016,152,0.7,8.4,5.1,6.6,4.5,4.4,7.9
2016,153,0.1,11,2.8,6.6,7.4,3.8,7.2
2016,154,0,12.7,1.4,5.1,8.1,3.6,6.5
2016,155,0,15.6,0.7,5.9,8,3.4,6.5
2016,156,0,15.5,1.4,5.9,7.9,3.2,6.1
2016,157,0,14.4,0.8,5,8,2.8,6.3
2016,158,0,12.7,1.4,4.9,8,3.2,6.7
2016,159,0,12.8,0.5,4.3,7.9,3,6.3
2016,160,0,20.6,0.2,10.6,8.2,3.5,4.8
2016,161,0,19.4,12,16.9,2.8,4.3,9.8
2016,171,0.2,18.2,7.4,11.6,2.1,4.3,9.7
2016,172,0,19.6,4,12.4,5.5,3.5,10
2016,173,0,19.3,12.4,16.6,0.3,4.6,8.9
2016,174,0,22.1,12.5,16.8,6.6,-99,10.1
2016,175,3.4,17.4,11,13.7,1.9,-99,10.9
2016,176,0.6,14.3,4.2,10.1,6.7,-99,8.9
2016,177,0,13.1,1.5,5.9,6.9,-99,7.8
2016,178,2,9.8,4.7,7.4,2.5,-99,9.4
2016,179,0,13.5,4.3,9.2,6.2,-99,9.6
2016,180,0.5,13.1,4.1,7.6,3.9,-99,9.3
2016,181,0,10,2,6.2,3.4,-99,8.5
2016,182,2.8,8.9,1.8,6.3,1.9,3.6,8
2016,183,0.1,9.3,0.4,5.3,7.5,2.7,6.7
2016,184,0,13.9,-0.4,6.4,7.7,2.7,6.5
2016,185,0,17.1,8.3,12.8,6.7,5,6.4
2016,186,0,17.3,13.9,15.4,3.1,8,7.6
2016,187,2.8,15.4,2.6,7.6,1.6,2.2,8.7
2016,188,0,12.6,0.6,5.2,7.3,2.4,6.5
2016,189,0,9.2,2.6,6.4,3.1,2,8
2016,190,8.9,7.8,4.7,6.5,1.6,2.3,8.6
2016,191,0.6,8.8,0.4,4.1,7.9,2.7,6.8
2016,192,0.1,9.7,-0.2,3,7.4,3.4,6.2
2016,193,0,10,-1.6,2.3,8,3.1,5.7
2016,194,0,15.5,-2.1,6.8,7,3.5,5.4
2016,195,9.1,17.6,9.3,13.7,2.6,5.6,8.1
2016,196,3.2,12.1,8.7,10.5,7.7,7.2,6.2
2016,197,1,14.9,5,10.3,5.8,6.8,6.6
2016,198,0,13.6,3,7.9,7.9,3.1,5.6
2016,199,0.5,13.5,3.9,9.3,3.9,3.3,6.9
2016,200,0,10.7,2.8,7,6.2,4.4,6.9
2016,201,1.9,13.8,3.7,9,2.3,4.2,7.4
2016,202,0,15,3.3,9.4,8.7,4.9,7
2016,203,0,13.3,0.9,5.7,8.7,2.5,6.6
2016,204,0,17.3,-0.8,7.7,9.1,3.3,4.8
2016,205,0,20.3,8.7,14.3,5.6,5.7,8.1
2016,206,4.8,16.1,3,10.1,5.5,7.1,7.2
2016,207,0,11.3,0.5,7.2,8.7,2.9,5.7
2016,208,0,11.8,-0.8,5.2,9.5,3.4,4.9
2016,209,0,16.1,7.3,11.8,8.9,6.2,5.7
2016,210,0.1,15.4,4.9,11.2,8.3,7.4,6.5
2016,211,0,10.7,1.2,6.8,4.8,3.7,5.7
2016,212,0.2,13,0.1,7.5,6.9,5.5,6.3
2016,213,0,11.8,-2.3,5.4,10.7,3.5,4.1
2016,214,0,11,-2.9,4.2,8.4,2.5,6
2016,215,0,10,-0.3,4,8.4,2.5,6.2
2016,216,1.8,14.5,3.6,7.2,8.3,3.4,7.6
2016,217,1,5.8,2,4.2,4.1,4.1,6.7
2016,218,1,4.9,-0.2,2,4.1,2.7,6
2016,219,0.5,6.4,0,2.7,8.8,4.5,6.2
2016,220,0,6.6,-1.2,2.2,10.9,2.5,5.3
2016,221,0,5.5,0.7,3.4,5.4,3.1,5.1
2016,222,0,10.8,-0.8,4.3,9.5,2.5,5.5
2016,223,0,10.2,-2.2,2.3,11.8,3.2,4.7
2016,224,0,12.3,-2.5,3.5,12,3,4.4
2016,225,0.2,15.2,7.8,11.7,3.9,4.5,5.3
2016,226,10.5,8.6,4.1,7.5,2.2,3.6,8.8
2016,227,0,14.9,2,8.5,8.8,5.2,6.6
2016,228,0,16.5,4,10.2,11,4.4,7.7
2016,229,0.1,14.9,1.9,6.5,12.1,2.8,7.8
2016,230,0.2,13.2,-1.2,4.8,12.7,1.7,7.5
2016,231,0.2,11.9,-1,4.7,12,2.2,7.6
2016,232,0,14.2,2.1,6.9,12.1,2.5,7.5
2016,233,0,16.4,1.5,8.9,11.8,4.6,6.9
2016,234,0,16.4,11.1,13.2,12.4,6.9,6.5
2016,235,0,18.4,5.5,12.8,8.9,4.7,7.2
2016,236,0,13.8,1.9,7.7,9.3,2.2,8
2016,237,1.4,8.4,5.6,7.1,2.8,3.5,8.8
2016,238,0,14.8,5.1,9.2,10.8,2.6,9.1
2016,239,8.4,9.5,6.7,8.3,2.7,2.7,9.4
2016,240,0.1,11.8,3,8.2,8.5,5.7,8.2
2016,241,0,17.7,1,10.1,14.1,5.2,6.9
2016,242,0,18.7,5.9,13.2,13.2,5.2,7.7
2016,243,0,16.3,5.1,9.4,14.3,1.9,8.8
2016,244,0,17.3,2.6,8.3,15.1,2.9,8.3
2016,245,0,19.8,3.4,12,11.6,6,6
2016,246,0,20.8,12.5,16.3,11.2,5.6,8.2
2016,247,0,16.2,4.2,10.2,15.2,2.9,8.2
2016,248,0.1,18.2,3.9,10.9,8.3,3.5,8.9
2016,249,0,15.7,10.1,12.9,7.9,3.9,9.8
2016,250,3,12.5,4.8,9.1,8.5,2.2,8.1
2016,251,9.4,15.9,3.7,10.3,12.4,8.2,6.5
2016,252,16.7,7.1,0.3,3.1,7.9,7.2,6.4
2016,253,4.1,7.7,2.3,4.8,6.8,4,7.4
2016,254,0,12.5,0.3,5.2,17.2,2.7,7.4
2016,255,0,15.7,0.9,7.7,17.5,2.4,7.3
2016,256,0,21.8,5.9,13.1,15.1,4.7,5.3
2016,257,0,16.5,7.5,11.1,13.9,3.1,8.8
2016,258,0,15.6,1.7,8.3,13.7,1.3,9.3
2016,259,0,13.6,1.6,6.8,11.8,1.8,9
2016,260,0,20.4,6.2,15.3,8.9,5.6,9.7
2016,261,0,20.6,5.9,14.2,18.1,2.9,9.2
2016,262,0,13.9,4.7,9.1,9.6,2,10
2016,263,0.2,13.4,7.1,9.2,6.8,1.9,10.4
2016,271,1.4,14.6,9,11.5,9.9,1.7,11.8
2016,272,1.5,13.8,9.7,11.4,8.2,1.3,12.1
2016,273,0.4,14.8,10.5,12,8.7,3.3,12.3
2016,274,1.4,19,9.3,13,20.3,2.4,12.4
2016,275,0,21.3,8.7,15.2,18.3,3.6,9.9
2016,276,0,22.4,8.1,14.1,16.8,2.7,10.4
2016,277,0,17.8,6.1,11.3,16,1.8,11
2016,278,0.2,21.4,7.6,14.3,20.3,3.8,10.4
2016,279,0,17.5,7.4,13.3,15.2,3.5,10.3
2016,280,2.9,18.2,7.5,12.4,13.1,4.1,9.1
2016,281,0.2,13.6,4.7,9.5,18.1,4.6,7.9
2016,282,0,21,2.4,11.5,14.3,3.8,8.4
2016,283,10.2,11,2.5,6.4,10.8,2.7,8
2016,284,0,20,1.8,11.7,19.7,5,6.7
2016,285,0,19.7,13.2,15.6,17.9,7.8,6.1
2016,286,0.9,14.4,3.8,10.4,13.8,3.8,8.1
2016,287,0,18.4,1.1,10.9,22.3,4.3,6.9
2016,288,12.3,13,5,9.5,6.8,3.9,9.1
2016,289,0,15.6,7,10.7,23.1,2.8,8.5
2016,290,0,21.6,6.2,15.1,23,5.9,8
2016,291,0,18.6,15.8,17.4,5.1,11.5,7.2
2016,292,0,21.4,15.2,18.1,15,8.7,7.9
2016,293,0,23.9,15.1,19.3,21.6,7.6,9.1
2016,294,18.6,15.7,5.8,9.3,4.9,2.9,10
2016,295,1.3,12.4,6,8.7,13.4,3.7,9.2
2016,296,0,15.8,2.2,9.1,26.1,2.5,8.6
2016,297,0.1,17.6,2.9,10.2,22.1,2.7,9.6
2016,298,0,16.5,8.8,11.7,9.8,1.5,11.9
2016,299,0.1,21.7,10.1,16.2,23.6,2.9,9.5
2016,300,5,14.3,9.9,12.3,7.8,2.8,11.3
2016,301,0,15.6,7.1,10.9,18.7,1.7,11.5
2016,302,2.5,21.8,6.2,14.6,21.1,6.2,9.6
2016,303,1.8,11.7,6.1,8.2,11.9,3.6,7.6
2016,304,0,14.6,4.5,9.3,25.8,2.7,7.7
2016,305,0,17.4,2.6,10.5,28.1,4.4,7.8
2016,306,1.9,19.1,7.5,14,22.6,5.3,7.6
2016,307,1,17.4,9,12.4,14.2,1.9,11.8
2016,308,5.9,21,8.8,14.2,27.1,5,8.7
2016,309,0.8,15.4,6.8,10.9,18.8,2.1,10.2
2016,310,0,18.3,5.9,12.1,24.4,2.7,10.8
2016,311,0,23.6,13.1,17.5,21.6,6.1,8.9
2016,312,0,15.3,6.9,11.5,13.8,2.2,10.1
2016,313,0,23.4,4.9,13.2,27.6,3,10.4
2016,314,0,25.1,11.8,18.5,19.4,5.8,11
2016,315,0,15.5,6.4,11.7,9.8,2.6,10.9
2016,316,21,14.5,10.3,12,6.7,2,12.7
2016,317,14.4,11.4,8.6,9.7,9.3,2.8,10.8
2016,318,0.9,15.1,7.4,11,16.6,1.8,10.8
2016,319,0.2,19.7,8.6,13.1,15.1,2.5,11
2016,320,2.7,24.4,8.9,15.8,22.9,3.9,12.7
2016,321,0.3,20.5,10.2,14,18.2,4.3,10.1
2016,322,18.5,12.5,7.6,9.6,9.6,6.1,9.5
2016,323,0.1,17.7,6.7,12.6,26.9,4.1,9.1
2016,324,0,18.8,10.3,15.7,26.9,4.1,10.7
2016,325,0,19.6,6.1,14.9,30.3,4.9,8.9
2016,326,0,25,9.8,17.8,29.1,6.3,9.7
2016,327,0,27.8,7.5,18.4,31.1,3.2,11.5
2016,328,0,29.8,12.2,20.3,27.3,4.5,11.1
2016,329,0.3,13,9.2,11.8,5.8,2.3,12.3
2016,330,0,25.2,9.7,16.5,20.9,5.5,11.5
2016,331,1.7,17.1,10.7,14,25.5,7.9,7.9
2016,332,1.2,16.6,10.4,13.2,30.9,7.1,6.8
2016,333,0,19.7,7.8,14.7,31.3,6.3,5.8
2016,334,0,23.6,11.9,18.2,28.7,6.4,8.9
2016,335,0.5,13.4,8.1,10.2,7.8,2.3,10.6
2016,336,0,15.9,7.9,11.6,16.3,2.3,10.5
2016,337,7.1,13.2,9.5,11.1,11,2.3,11
2016,338,0,24.1,6.3,16,30.5,2.9,11
2016,339,0.2,17.9,10.7,13.4,13,3.3,10.4
2016,340,0,20.9,9.6,15,28.9,3.1,11.5
2016,341,0,24.6,16.7,20,20,8.6,9.9
2016,342,0.1,25.6,13.9,20.1,11.2,4.5,12.2
2016,343,8.1,15.5,12.4,13.8,7.9,2.3,14.6
2016,344,0,25.4,12,18.5,30.2,3.9,14.8
2016,345,1.3,26.1,12.7,20.1,22.5,5,10.6
2016,346,15.6,14.2,9.6,11.6,10.8,2.4,10.8
2016,347,4,15.9,6.2,10.9,14.8,3.2,9.6
2016,348,0,18.6,6.2,13.3,24.2,4.2,9.6
2016,349,0,26.5,12.2,20.1,26.9,5.8,10.6
2016,350,0,22.7,12.5,19.1,27.5,7,9.1
2016,351,0,21.4,10.6,16.5,32.7,7.2,7.1
2016,352,0,21.8,8.1,16.1,31.1,3,12.4
2016,353,0,24.3,11.9,20,11.5,7.2,10
2016,354,0,22.2,9.4,16.7,33,5.9,7.2
2016,355,0,19.3,6.1,14.1,31.5,4.4,9.8
2016,356,0,26.9,9.6,20.2,31.7,7.3,8
2016,357,1.2,23.4,13.7,19.4,12.2,6,10.8
2016,358,17.7,14,9.7,11.5,10,3.1,10.9
2016,359,0,19.9,10,14.2,27.6,2.7,11.4
2016,360,0,15.8,10.9,13.5,9.2,2.2,12.2
2016,361,0,20.2,9.8,14.9,24.1,1.8,13.6
2017,5,0,16.6,4.4,10.8,32.7,3.9,7.6
2017,6,3.6,23,4,14.4,25.5,4.5,8.7
2017,7,4.8,17.7,6.4,12.1,23.2,2,11.2
2017,8,2.7,21.7,8.4,15.5,29.8,4.5,10.2
2017,9,0,18,9.5,13.6,14.6,2.3,12.7
2017,10,0,21.8,10.6,17.1,27.2,3.5,13.6
2017,11,0,27.5,11.7,20.7,15.5,5.5,12.8
2017,12,0,26.6,12.4,21.7,19.3,6.7,10.3
2017,13,0,23,12.3,16.8,30.6,4.8,8.8
2017,14,0,23,10.5,17.1,17,6.4,10
2017,15,0,27,16.6,23,26.3,7,9.5
2017,16,0,23.4,7.2,17.2,24.8,5.7,7.8
2017,17,0,25.7,13.4,20.8,30,5.8,9.8
2017,18,2.8,26,18,21.1,14.8,5.8,12.6
2017,19,10,21.4,8.7,15.2,24.1,7.8,9.5
2017,20,0,18.2,5.7,11.6,24,3.3,9.4
2017,21,0.1,19.5,5.2,13.4,15.1,2.5,8.2
2017,22,5.1,17.9,11.2,14,6.1,4.9,12.3
2017,23,0.4,21.5,10.6,16.8,29.1,4.4,10
2017,24,0,26.2,6.6,17.3,22.4,4.5,10.2
2017,25,0,24.9,14.9,19.5,26.9,7.3,9.4
2017,26,0,25.1,13.7,19.5,29.1,8,8.7
2017,27,0,25.2,11.5,18.7,23.7,5.3,9.6
2017,28,0,25.6,7.4,17.5,30.1,3.5,9.5
2017,29,0,22.7,12.8,19.7,7.6,7.3,7
2017,30,0,23.2,9.1,17.5,28.8,4.3,9.4
2017,31,0,27.4,18,22.6,22.7,7.8,10.1
2017,32,0.1,23.2,8.5,17.8,15,5.1,13.2
2017,33,0,22.9,8,14,9,2.8,10.7
2017,34,0,25.7,15.6,20.6,27.3,6,8.2
2017,35,0,27.6,17.2,21.4,22.3,8.3,9.6
2017,36,0,33.8,14.8,24.1,26.7,4.7,9.8
2017,37,0,26.6,20.4,24.1,10.7,7.5,11.6
2017,38,0,20.4,11.2,13.8,5.6,3.9,11.1
2017,39,4.3,14.8,8.4,11.2,10.8,2.5,9.8
2017,40,0,18.1,5,11.3,27,3.3,8.1
2017,41,0,23,5.6,14.3,18.7,2.3,8.4
2017,42,0,24.7,8.2,16.5,26.3,3.3,10.8
2017,43,0,24.8,12.5,20.7,13.3,7.7,11.2
2017,44,0.3,23.8,9.8,17,25.9,5.8,10.1
2017,45,0,22.4,13.9,17.7,27.8,8.4,7
2017,46,0,23.4,9.5,16.1,27.7,4,6.2
2017,47,0,23.9,6,14.7,26.5,3.3,10.6
2017,48,1.1,18.4,11.7,14.8,5.9,2.5,14.8
2017,49,0.2,22.9,12.6,16.1,15.5,1.9,15.5
2017,50,0,27.6,14.5,19.8,21.9,2.3,17.2
2017,51,0.1,30.5,13.4,21.3,23.1,3.4,15.6
2017,52,0,31.3,21.5,25.6,25.6,6.2,12.8
2017,53,0,28.6,15.8,22.5,21,6.3,13.6
2017,54,0,24.2,12.3,18,19.8,2.2,14
2017,55,0,25.3,9.4,16.7,24.9,3.4,13.5
2017,56,0,24.9,10.3,16.5,22,3.4,13.9
2017,57,0.7,15.6,12.5,14.1,6.2,2.9,12.8
2017,58,0,23.1,7.7,15.3,24,2.4,12.7
2017,59,0,22.2,12.8,16.8,22.8,2.5,14.7
2017,60,0,25.3,9.5,16.7,20.6,2,15
2017,61,0.1,24.6,13.2,18.1,22.2,1.9,13.2
2017,62,0,26.8,11.2,19.4,19.8,5.4,10.4
2017,63,0.9,22.8,11,16.4,21.1,2.7,11.8
2017,64,0,30.3,14,20.7,22.6,4.1,9.4
2017,65,0,25.6,11.3,17.1,17.5,2.1,13.3
2017,66,11.5,15.2,9,11.8,5.8,3.2,11.5
2017,67,0,16.3,7.7,11.4,11.8,3.2,9.2
2017,68,0,19.8,5.4,12.1,22.4,2.7,9.6
2017,69,0,22.6,7.4,14.9,19.8,2.4,11.6
2017,70,8.5,15.9,11,12.9,3.6,2.7,13.3
2017,71,12,13.4,10.4,11.5,6.7,3.6,12.4
2017,72,21.1,11.8,9.5,10.7,3.4,3.4,11.7
2017,73,1.2,15,9.7,11.3,10,5,11.2
2017,74,0,19.4,9.3,13.5,20.8,2.2,11.8
2017,75,0.1,24.1,7.2,14.8,20.5,2.3,12.3
2017,76,0,30.3,8.5,20.3,21.2,5.4,8.8
2017,77,0,21.6,11.2,14.3,5.6,4.4,10.6
2017,78,0,22.6,6.8,14.3,18.3,2,11.6
2017,79,0,24.7,13.8,20,17.3,3.4,10.9
2017,80,1.5,19.6,11.4,13.9,3.7,2.8,12.6
2017,81,4.7,13.9,10.3,12.2,5.1,2,13.7
2017,82,0,14.7,10.4,12,6.6,2.3,12.1
2017,83,0.8,20.2,6.7,13.3,15.1,1.3,13
2017,84,7.9,13.4,10.6,11.4,4.7,1.8,12.8
2017,85,1.2,19,10.8,14.3,9,1.8,14.6
2017,86,1.3,15,11.9,13.6,4.6,3.3,14.1
2017,87,0,20.1,7,13,16.2,2,13.3
2017,88,0,18.2,12,14.1,6.2,1.5,15.2
2017,89,0,22,13.1,15.4,14.6,1.4,16.2
2017,90,0,26.4,8.2,16.7,14.5,1.6,14.6
2017,91,0,24.1,11.6,17.4,9.5,4.2,12.9
2017,92,0.9,26.6,11.7,19.3,11.5,5.9,13.8
2017,93,6.4,12.2,8.2,10.4,4,1.9,11.4
2017,94,10,10.7,8.3,9.3,3.2,1.5,11
2017,95,39.8,10.8,8.4,9.8,2.8,2.3,11.4
2017,105,0,22.4,9.3,16.7,12.2,5.7,9.9
2017,106,0,14.8,7.2,11.7,4.7,2.6,11
2017,107,0.1,13.6,7.7,10.5,5.4,1.7,11.3
2017,108,0.1,15.2,5.8,10.1,9.6,2.1,10.6
2017,109,0.1,18,6.8,11.6,12.7,2.2,10.7
2017,110,0,14.8,6.7,11.1,10,2.7,9.4
2017,111,0,18.7,6.4,11.8,13,2.7,10.6
2017,112,0,19.7,7.3,12.3,12.7,2.5,11
2017,113,0,21.6,7.1,12.2,12.8,2.5,10.4
2017,114,0,17.3,5.8,10.8,11.9,2.2,11
2017,115,0,17.4,7.3,11.5,10.2,1.8,12
2017,116,0.2,18.2,4.5,12,12,2.4,10.9
2017,117,0,23.5,12.3,17.6,11.5,5,8.7
2017,118,0,24.4,10.8,19.1,10.7,5.7,10.1
2017,119,0,20.8,5.7,13.7,10.7,3.7,9.2
2017,120,9.8,13,5.6,9,2.8,6.2,8.5
2017,121,0.2,12.2,3.9,7.3,10.8,3.7,6.5
2017,122,0,19.4,1.7,10.3,11.7,5.3,6.8
2017,123,2.1,19.9,7,14.7,5.6,7.2,8.8
2017,124,0,16.2,2.4,9,8.5,3.4,7.4
2017,125,0,15.5,3.7,8.2,10.7,2.8,8.1
2017,126,0.1,16,3.5,8,10.5,2.7,9.1
2017,127,0,14.9,4.3,9,9.3,2.1,9.9
2017,128,0.1,17,1.3,10,10.5,3.2,8.5
2017,129,0,16.7,5.2,9.8,7.3,1.4,10.4
2017,130,0.2,11.5,3.9,7.8,4.8,1.3,10.2
2017,131,3.1,17.2,8.4,10.9,5.6,2.4,11.3
2017,132,0.9,11.4,7.4,9.5,1.8,3,10.3
2017,133,0,12.5,3.7,8,5.8,2.3,8.7
2017,134,0,12.3,1.7,6.4,8.5,2.2,8.4
2017,135,0.1,15.4,2.4,7.2,9.6,3.4,7.9
2017,136,0,12.2,3.4,7.2,5.9,2.3,8.5
2017,137,6.2,15,5.7,9.3,5.3,2.2,10.7
2017,138,9.4,14.3,3.1,9.9,4.4,4.4,9.7
2017,139,1.9,15.4,2.4,8.6,9.2,5.7,6.4
2017,140,2.6,8.2,1.6,5.3,8.7,5.1,5.3
2017,141,0,10.6,1.5,6.6,8.6,5,5.3
2017,142,0,12.6,0.1,5.3,8.6,2.9,6.3
2017,143,0,17.6,7.8,13.6,2.9,6.2,8.4
2017,144,2.9,11.8,8.2,9.5,3.9,1.4,10.6
2017,145,0,14.2,3.1,7.3,8.6,2.3,8.7
2017,146,0.1,14.4,1.4,6.9,8,2.2,7.9
2017,147,0.3,13,7.7,10.3,2.8,3.8,9.9
2017,148,0,12.3,1.2,6.2,8,2.5,8
2017,149,0.2,13.3,0.1,5.8,8.1,1.6,8.2
2017,150,0.2,15.4,0.2,7.1,7.3,1.8,8.8
2017,151,0.1,11.6,1.8,7.4,6.7,3.1,9.4
2017,152,0.2,11.1,6.3,8.5,2.6,1.2,10.2
2017,153,0.7,12.1,4.8,7.5,3.9,1.6,9.6
2017,154,0,10,3.6,6.3,5.7,2.1,8.7
2017,155,2.2,7.3,3.1,5.4,2.6,4.6,7.8
2017,156,1.6,8.6,4.8,6.4,3.3,2.8,8.2
2017,157,0.2,12.8,3.2,7,7.7,1.4,9.2
2017,158,0,12.5,0.4,5.3,6.8,2.3,7.8
2017,159,0,13.2,2.9,6.7,6.1,3.1,7.9
2017,160,0.1,14.5,1,6,7.5,3.4,7
2017,161,0.3,15,3.5,8.1,3,3.3,7.9
2017,162,0,18.1,3.6,9.5,7.3,3.7,7.1
2017,163,0,17.7,13,15.3,7.7,7.7,7.2
2017,164,1.9,16.2,3.4,9.2,5.9,3.9,7.8
2017,165,0.5,10.3,3.2,7.3,5.9,6.5,5.1
2017,166,0,10.8,-1.7,4.4,1.3,2.7,5.9
2017,167,0,10.5,3.3,7.9,4.1,1.8,8.8
2017,168,0,14,1.7,5.4,7,3.1,7.1
2017,169,0,14.3,-0.1,5.3,4.4,2.9,7
2017,170,0,15.2,2.6,9.7,4,4.4,8.2
2017,171,0,14.4,1.7,5.8,7.3,2.3,8
2017,172,0,18.6,0.9,12.7,5.1,5.4,7.2
2017,173,0.1,16.1,5.9,9.6,1.8,5,9.1
2017,174,2.7,8.1,5.4,6.6,1.3,2.6,8.8
2017,175,0.4,11.5,2.9,6.7,4.9,1.8,8.6
2017,176,0.8,9.6,0.8,5.8,4.1,3.5,7.5
2017,177,0,9.9,-0.6,3.1,7.2,2.7,6.2
2017,178,0,12.4,1.4,6.5,4.6,2.7,7.6
2017,179,0.1,9.4,2.7,6.1,2.6,1.4,8.7
2017,180,0,9.6,2.6,6.8,3.1,1.5,8.8
2017,181,0,14.6,2.6,9.4,1.9,3.4,7.7
2017,182,0,13.1,7.7,9.3,5.1,2,9.9
2017,183,0.3,12.8,5.3,7.7,4,1.3,9.7
2017,184,0,13,1.7,7.1,4.4,1.8,8.6
2017,185,0.3,13.5,1.6,6.9,6.5,3.4,6.9
2017,186,0,9.6,0.1,4.8,7.3,3.5,6.2
2017,187,0,8.8,-1.4,2.6,6.9,3.2,6.1
2017,188,0.2,7.1,2.2,4.6,3,1.6,7.7
2017,189,0,11.2,0.1,4.5,7.1,2.3,7.2
2017,190,0,11.9,2.6,5.5,3.8,2.5,8
2017,191,0,11.6,0.8,5,7.1,2.8,7.8
2017,192,2.7,16.2,0.5,5.3,6,4.5,6.7
2017,193,12.1,3.2,0.8,2.1,3.1,7,6.2
2017,194,0.3,5.8,1.7,4.1,4.1,5.3,7.3
2017,195,0,7.7,3.6,5.6,3,2.8,8.1
2017,205,0.1,15,-1.5,9.1,3.7,4.1,7.3
2017,206,0,15.7,2,8.5,9,3.6,6.8
2017,207,0,13.7,4.8,10.6,5.5,5.4,6.5
2017,208,5.6,12.7,4.5,8.1,2.3,4.4,8.2
2017,209,1,6.6,1.6,3.7,4.7,5,6
2017,210,0,9.4,-0.8,3,9.5,3.6,5.1
2017,211,0,10.3,-1.7,2.3,9.6,2.6,5.4
2017,212,0,14.6,-2.3,8.9,6.6,4.6,6.2
2017,213,0,13.4,3.6,8.9,6.5,2.2,8.6
2017,214,0,9.4,3.9,6.4,5.5,1.9,7.9
2017,215,0.1,9,1.5,4.8,6.5,2,6.9
2017,216,0,9.4,-1.7,3.2,9.2,2.8,6.1
2017,217,0.1,11.9,-0.7,4.6,10.4,2.4,6.6
2017,218,1.7,16.7,3.7,11.5,9.4,5.5,7.6
2017,219,0,18.2,8.1,14,9.8,5.8,7.8
2017,220,0,14.7,7.6,11.4,2.9,2.7,8.4
2017,221,3.9,13.1,7,9.2,1.9,2.7,10.1
2017,222,0,14.7,7.5,10.6,5,3.1,8.8
2017,223,0.2,16.5,6.6,11.5,10.3,4.5,8.1
2017,224,0.2,17.5,9.4,13.8,10.7,7.1,6.7
2017,225,9,15.2,7.1,11.2,8,6.2,8
2017,226,31.2,7.4,4,5.8,4.6,4.8,7.8
2017,227,0.2,12,2,6.6,11.4,2.3,7.6
2017,228,0,14.7,1.2,7.9,10.1,3.3,7.6
2017,229,0,17.9,11.5,14.5,11.4,8.1,8.2
2017,230,0,16.8,6.4,12.6,8.6,4.8,7.1
2017,231,10.4,14.4,3,8.2,8.7,3.1,8.7
2017,232,1.5,11,6.7,8.2,7.1,6.2,9.6
2017,233,0.6,8.3,1.8,6.1,5,4.2,7.9
2017,234,0,13.1,-0.3,5,13,3,6.3
2017,235,0,15.6,0.5,7.5,13.2,2.6,7.1
2017,236,0,18.8,5.3,10.7,13.4,3.9,7.2
2017,237,0,18.6,5.2,12.1,12,4.5,6.8
2017,238,0,17.7,12.3,15.2,8.3,8.3,8
2017,239,0,18.7,7.9,14.6,11.5,6.1,7.4
2017,240,0,20,5.8,13.1,12.6,3.5,9.1
2017,241,0,21.2,6.1,13.4,13.8,3.4,9.1
2017,242,0,10.7,7.4,8.7,3.9,1.3,10.2
2017,243,2.7,9.9,7.2,8.2,3.5,4.2,9.9
2017,244,0.8,8.3,5.8,6.6,4.7,6.6,8.3
2017,245,0,9.7,4.2,6.7,9.4,4.6,7
2017,246,0,9.8,2.6,6.3,7.4,2.2,7.9
2017,247,0,11.1,1.7,6.5,12.1,1.6,8
2017,248,0.1,19.5,0.7,10.6,9.5,4,8
2017,249,0.2,15.6,7,12.5,14.7,8.1,7
2017,250,0,15,4.8,10.2,15.6,5.3,6.4
2017,251,0.1,15,3.1,9.7,9.5,7,6.2
2017,252,0,12.8,6.7,9,12.1,6.7,5.2
2017,253,5.7,13,3.3,7.9,10.1,5.1,6.1
2017,254,0.3,12.4,2.7,7.1,11.2,3.6,6.5
2017,255,0,14.5,1.1,7.5,6.1,3.6,7.3
2017,256,0,18.3,1.4,11,12,4,8.5
2017,257,0,22.1,9.6,16.6,15.6,4.8,9.6
2017,258,0,21.8,13.6,18.4,14.3,6.2,8.8
2017,259,0.1,15.1,8.3,11.5,11.5,3.8,8.5
2017,260,0.2,17.8,9.6,12.4,10.9,5.3,7.6
2017,261,24.8,10.9,6.3,8.8,2.6,6.3,10.1
2017,262,6.8,11.3,4.9,9.5,5.3,4.4,10.7
2017,263,0.1,16.6,3.5,9.1,15.9,2.2,10.2
2017,264,6.5,11.4,8.2,9.3,3.7,1.2,10.9
2017,265,8.7,12.5,7.7,10,7.1,1.9,11.6
2017,266,0,20.1,6.4,13.3,18.2,3.1,9.8
2017,267,0,22.6,11.2,17.5,19,7.2,9.8
2017,268,0,21.9,17,19.1,14.1,9.3,10.2
2017,269,0.2,17.7,11.8,15.1,6.2,6.5,9
2017,270,0.1,15.6,8.5,10.7,11.9,2.5,10.4
2017,271,0,16.3,2.8,9.7,14.9,2.8,10.1
2017,272,0,20,8.9,15,19.1,7.1,8.2
2017,273,0.1,15.7,5.2,10.9,15.1,2.6,9.8
2017,274,0,14.9,2.2,8,13.2,2.1,9
2017,275,0,19.1,6.2,11.9,19.5,3.3,9.3
2017,276,0,23.2,4.2,15.1,21.6,4.4,8
2017,277,0,17.9,9.9,15.2,9.7,7.5,7
2017,278,0,11.7,7.3,8.9,11.7,3.6,7.8
2017,279,1.2,16.5,3.8,9.9,17.6,2.3,9.6
2017,280,29,10.4,7.8,9,3.1,1.6,11
2017,281,34.6,11.3,9.7,10.6,2,3.2,12.4
2017,282,11.6,13.4,10.5,11.8,3.8,3.2,13.3
2017,283,0,17.8,8.1,12.9,18.2,2.8,12.6
2017,284,13.1,15,7.2,10.8,6.2,3.3,10.2
2017,285,0.5,15.8,4.8,10.3,20.7,1.9,9.5
2017,286,0,22.6,3.7,13.9,18,5,8.6
2017,287,0,20,6,12.8,18.6,4.3,8.1
2017,288,3.5,18,5.3,11.9,22.5,5.3,8
2017,289,2.2,16.5,3.9,9.7,5.6,3.6,8.8
2017,290,0,19.3,1.8,9.7,16.8,2.5,8.8
2017,291,1.6,13.4,4.3,9,13.1,2.5,9.4
2017,292,0,24,3.6,13.3,22.5,1.8,10.9
2017,293,0,20,6.3,12.3,24.8,2.3,12.5
2017,294,0.1,20.2,4.7,12,11.4,2.6,9.7
2017,295,0,20.4,3.8,13.6,18.2,5.5,7.8
2017,305,0,21.1,8.7,16,26.3,2.2,14.6
2017,306,0,23.9,15.9,19.8,27.5,6.9,9.8
2017,307,0,25.6,15.6,20.5,23.3,5.1,11.4
2017,308,0,21.8,15.1,19.2,21.5,7.8,9.1
2017,309,0.7,16.5,8.1,13.1,26.9,8.4,6.8
2017,310,0,17.1,6.1,12,24.8,4.5,6.6
2017,311,0,19,8.8,13.7,19.5,5.4,6.4
2017,312,0.5,17.9,7.2,12.5,22.5,5.6,8.2
2017,313,0,22.5,3.8,15.1,26.2,6.4,7.5
2017,314,0.2,17,9,11.4,15.1,3.5,9.6
2017,315,0,16.4,4.2,10.2,16.8,2.3,9.3
2017,316,0,14.2,6.4,10.8,9.1,2.4,9.6
2017,317,0.1,15.3,7.2,10.2,19.6,2.5,9.5
2017,318,0,17.4,6.1,11.2,18.7,1.4,9.8
2017,319,0,20.9,4.6,12.2,29.7,2.8,10.2
2017,320,0,19.2,5,12.1,28.4,2.1,11.4
2017,321,0.7,19.4,6.5,12.2,12.9,2.2,11.5
2017,322,0,18.7,6.1,12,20.5,1.8,10.8
2017,323,0,19.9,4.7,12.2,30.5,2.2,9.5
2017,324,0,20,4.8,12.3,26.1,2.3,11.2
2017,325,0,19.8,8.9,14,14.6,1.9,12.5
2017,326,0,22,9.2,15.1,29.5,2.1,12.8
2017,327,0,20.9,7.8,14.8,30,2.4,13.8
2017,328,0,19.9,12.6,15.1,16.1,2.5,14.6
2017,329,0,20.8,12.2,15.3,26,2.7,13.1
2017,330,0,19.8,10.3,14.8,17.6,2.6,13.2
2017,331,0,22.2,8.1,15.6,29.4,2.3,13.9
2017,332,0,23.4,11.4,15.8,25.6,2.9,15.1
2017,333,0.1,19.2,12.9,15.6,9.8,1.6,14.9
2017,334,0,22.8,11.8,17.5,29.1,2.2,14.4
2017,335,0,24.5,9.8,17.7,27.9,2.4,14.8
2017,336,0,30.4,18.4,24.3,31.7,6.1,10.6
2017,337,0,29.8,14.5,21.6,29.2,3.1,11.8
2017,338,0,30.4,11.4,19.4,30.7,2.6,14.1
2017,339,0,31.6,15.1,23.2,31.3,3.6,10.5
2017,340,0,23.6,11.8,17.5,18.6,2.7,15.3
2017,341,0,26,13,19,27.8,2.8,16.1
2017,342,0,33.2,13.6,26.5,32.1,6.1,9.8
2017,343,0,29,21.3,23.7,23.2,8.1,12.3
2017,344,0,27.9,19.5,23.6,27.2,7,10.2
2017,345,0,29,18.7,22.9,30,6.7,9.3
2017,346,2,20.7,13.2,15,6.7,2.8,13.6
2017,347,17.2,19.6,9.1,13.4,16.6,2.3,13.1
2017,348,3.5,21.6,10.9,15.2,28.5,3.2,13.2
2017,349,0,28.8,9.2,20.1,27.6,3.6,11.7
2017,350,0,25.9,12.1,19.7,28.8,2.3,15.4
2017,351,0,29.7,13.2,22.3,31,2.3,15.9
2017,352,0,19.6,9.5,14.2,11,3.9,11.5
2017,353,0,22.8,8.2,15.4,12.3,5.5,9.1
2017,354,0,19.9,8.4,13.6,23.5,4.6,8.8
2017,355,0,26.2,7.2,15.8,23.1,3.4,12.3
2017,356,0.5,18.8,12.4,15.3,8.9,3,14.2
2017,357,0,24.5,10.9,17.8,29,2.8,13.7
2017,358,0,27.6,9.7,20,31.6,3.5,14
2017,359,0,29.4,14.3,22.6,26.9,8.5,9.3
2017,360,5.1,14.6,10.1,12.2,8.1,3.9,11
2017,361,2.3,16.5,8.6,11.7,20.9,3.6,9.4
2017,362,0,18.8,7.9,12.6,19.3,2.5,9.6
2017,363,0,19.6,7.1,13.6,30.4,2.6,10.9
2017,364,0,28.4,6.4,18,30.7,4,10.8
2017,365,0,26.9,13.7,20.2,14.8,7.2,11
2018,1,0,22,11.4,16.3,22.4,2.9,13.4
2018,2,0,23.8,11.2,16.7,26.9,2.2,15.9
2018,3,0,25.1,15.6,19.1,28.8,2.7,17.7
2018,4,0.2,24.5,14,19.5,22.4,2.2,17.6
2018,5,33.3,17.3,13.6,15.5,5.7,5.3,16.6
2018,6,0.9,15.1,11.1,13.1,10.3,5.9,11.2
2018,7,0.3,22.7,7.7,15.4,27.7,2.6,10.4
2018,8,0,23.9,14,18.5,29.7,3.6,14.5
2018,9,0,27.9,13.6,21.8,14.9,2,17
2018,10,26.3,17.7,12.9,15.3,5,2.2,16.2
2018,11,44.7,14.1,11.3,12.4,4.6,1.5,13.9
2018,12,11.8,14,11.5,12.6,4.8,1.9,14.1
2018,13,1.8,24,12.6,16.7,24.5,1.5,16.8
2018,14,0.1,31.8,13.1,22.5,30.7,3.4,15.4
2018,15,0.1,31.9,14.5,22.6,30.5,2.5,16.9
2018,16,0,31.2,14.6,24.1,26,4.1,16.6
2018,17,0.2,29,16.9,22.8,13,3,15.8
2018,18,0,30.5,15.3,22.6,29.4,3.3,15
2018,19,0.7,24.4,14.6,19.5,23.2,2.4,18.6
2018,20,0,31.3,14.3,24,29.8,4,16.6
2018,21,0,22.7,16.6,18.6,14.4,1.9,19
2018,22,0,26.2,16.2,19.6,21.3,1.8,19.1
2018,23,0,27.8,16.7,22,29.2,2.1,20.8
2018,24,0,31.1,14.4,24.3,28.7,2.3,16.9
2018,25,0.8,34.3,14,21.2,22.4,2.1,19.8
2018,26,0.3,18.9,15.9,17.6,4.6,2.4,17.7
2018,27,0,26.6,11.6,18.7,28.3,2,18.3
2018,28,0,25.8,15.4,19.3,21.5,1.9,19.1
2018,29,0,27,13.5,19.7,26.6,2.4,19.2
2018,30,0.1,32.2,13.7,22.8,28.6,3.3,18.2
2018,40,0,24.7,8.3,16.3,27.4,2.2,14.1
2018,41,0,24.2,13.8,17.5,16.9,2.2,16.2
2018,42,14.2,23.3,16.1,18.7,6.8,1.8,20.2
2018,43,0,29,18.9,24.6,27.3,5.5,13.4
2018,44,0,28,16.4,23.5,23.4,4.1,14.7
2018,45,0,22.6,13.6,17.6,17.2,3.3,16.1
2018,46,0,27.1,10.5,20.1,25.9,4.5,12.8
2018,47,0,28.3,11.3,21.6,21,5.4,12.1
2018,48,0.8,28.4,13,22.1,18.6,4.7,14.8
2018,49,0,28.6,9,19.7,21,4.7,10.3
2018,50,0.6,26.8,13.6,19.8,19.5,7,12.9
2018,51,129.4,13.8,10.9,12.2,1,3.6,13.7
2018,52,3.1,14.8,10.3,11.8,11.4,5.3,11.2
2018,53,0,18.7,8.6,13.2,22.4,3.7,9.5
2018,54,0.1,20.1,6.5,13.4,23.8,2.3,11.8
2018,55,0,22.3,9.1,16.4,24.9,3.2,13.3
2018,56,0,24.3,18.4,20.6,14.7,8.6,9.8
2018,57,10,21.4,8.6,13.6,11,3.7,12
2018,58,0.2,15.5,8.6,12.2,8.4,2.5,11.7
2018,59,2.2,20.6,11.2,15.4,10,1.5,15.4
2018,60,0,29.2,15.5,20.9,19.3,2.4,17.3
2018,61,1,23.4,15.5,19.1,8.3,1.7,18.8
2018,62,0,26,15.4,21.2,20.1,1.9,19.4
2018,63,0,27.4,17.5,23.4,18.8,6.4,14.4
2018,64,0,24.6,16.2,20.4,14.6,2.8,18.2
2018,65,12.8,18.5,11.9,15.1,6,2.4,16.2
2018,66,0.7,14.9,11.2,12.6,5.1,2.1,12.4
2018,67,0,19.3,8.4,13.3,17.1,2.2,12.2
2018,68,1.9,15.2,10.8,12.4,7.2,3,12.3
2018,69,0,18.5,5.9,12.1,22.4,2.4,10.6
2018,70,0,23.6,6.8,14.5,21.3,3,12.1
2018,71,0,24.2,9.5,17.3,21.2,3.6,11.7
2018,72,2.3,23.4,9.3,16.3,9.3,4.5,11.5
2018,73,0,22.9,6.9,15.5,21.2,4.7,10.5
2018,74,0,23.1,17,19.4,10.3,8,10
2018,75,1.3,25.5,10.6,17.1,10.8,4.2,11.8
2018,76,0.1,13.2,9.5,11.3,5.7,2.2,11.1
2018,77,0,20.6,6.4,13.5,17.1,2.1,11.8
2018,78,0,23.5,9.4,17.5,15.4,5.6,12.2
2018,79,0,26.1,15.2,20.7,19.1,3.6,13
2018,80,1.2,25.6,12.4,17.6,14.9,4.1,14.5
2018,81,3.5,12.6,9,10.4,5.2,5,10.2
2018,82,2.3,12.7,7.4,9.6,5.6,1.6,10.6
2018,83,0.5,19.6,9.9,13.3,15.8,1.8,13.8
2018,84,0,22.4,11.2,16.6,12.6,4.9,10.9
2018,85,0,24.1,17,19.9,17.4,8,10.1
2018,86,0,25.5,18.4,22.1,8.2,6.6,12
2018,87,0,23.8,11.1,18.3,17.2,3.6,11
2018,88,0,20.2,8.6,13.6,11.9,2.9,12.1
2018,89,0,23.6,7.9,15,17.2,2.4,12.7
2018,90,0,25.9,6.7,18.1,14.1,6,10.9
2018,91,0,19.4,5.5,11.3,17.4,2.5,10
2018,92,0,22.3,5.6,16.6,10.3,5.8,10.6
2018,93,0.3,27,7.3,17.4,12.1,3.9,12.8
2018,94,0,23.6,11.6,18.6,11.7,7.8,8.9
2018,95,0,20.2,7.8,13.9,13.6,2.3,12.6
2018,96,0,25.9,10.1,17.1,14.6,6,9.2
2018,97,0,15.4,7.1,10.9,9.9,2.9,10.8
2018,98,0,18.8,6.6,13.6,8.7,4.6,8.8
2018,99,29.7,12.4,5.7,9.2,3.1,2.5,10.5
2018,100,38.2,5.8,2.7,4.2,2.7,5.3,7.4
2018,101,22.2,9.1,1.8,5.5,7.1,6.5,7.5
2018,102,1.1,15.4,1.2,7.3,8.1,3.5,7.8
2018,103,0,13.1,4.4,8.3,10.8,2.8,8.2
2018,104,0.4,12.9,2.5,8.1,7.8,2.1,9
2018,105,0.1,17.7,3.1,10.4,12.5,3.1,10.3
2018,106,8.9,18.8,12.6,15.7,13.1,5.7,10
2018,107,0.1,20.2,9.9,16.2,14.2,6.8,8.5
2018,108,1.7,15.1,6.3,10.3,12.6,3.6,7.7
2018,109,0,20.1,8.2,15.3,12.1,7.3,7.5
2018,110,0,22,9.4,17.3,10.1,5.3,8.3
2018,111,2.5,20.3,8.1,14.8,11.1,4.2,10
2018,112,0,16,4,9,13.2,2.5,8.3
2018,113,0,18.6,2.7,9.7,12.8,2.5,8.1
2018,114,0,20.7,5.3,13.5,11.5,3.1,8.2
2018,115,0,18.3,3.1,9.1,11.6,2.1,8.8
2018,116,0,23.3,6.2,13,12.3,2.9,9.2
2018,117,0,19.8,6.8,14.3,6.8,4.4,8.5
2018,118,17.4,12,9.8,10.7,2.2,1.3,12.2
2018,119,17.8,14.1,7.1,10.6,4.9,2.3,11.4
2018,120,3.7,12.2,6.1,9.4,2.8,3.2,11
2018,121,0.9,17.8,5.5,10.3,10.8,1.8,11.2
2018,122,0,16.5,6.1,10.7,11.1,2.2,10.2
2018,123,0.1,16.2,4.4,9,10.1,2.1,9.7
2018,124,0.1,16.4,4.7,8.9,8.2,1.9,10.2
2018,125,0.1,18.7,3.9,14.1,3.9,5,9.7
2018,126,0.2,18.8,9.9,15.6,10.7,6.2,7.7
2018,127,0,20.1,6.8,15.3,7.7,6.9,7.3
2018,128,0,20.3,15.7,17.3,5.2,8.3,8.8
2018,129,0,21.8,3.7,15.5,10.5,4.7,7.7
2018,130,0,19.7,3.7,12.6,5.8,3.2,9
2018,140,3.2,18.3,11.2,13.8,6.8,8,7.4
2018,141,0.1,13.7,6.7,10.2,7.2,5.1,6.6
2018,142,7.3,16.3,6.2,11.4,3.3,8.2,7.3
2018,143,0.1,11.4,2.9,6.6,5.5,2.8,7.5
2018,144,0,14.2,-0.4,8.1,7.7,6.1,5.9
2018,145,1.1,10.7,1.4,7,7.1,4.4,6.5
2018,146,0.6,12.7,4.3,8.4,6.1,3.9,7.3
2018,147,0.5,10.4,4.7,7.5,4,4.6,7.6
2018,148,10.7,6.3,1.7,4.4,3.5,5.9,7.2
2018,149,0,9.7,3,5.6,7.2,2.6,7.2
2018,150,0,10.4,0,4.4,7.9,2.9,6.9
2018,151,0,10.8,1.5,5.3,5.8,2.5,7.4
2018,152,0,10,4.9,6.9,4.6,2.1,8
2018,153,0.4,11.8,4.5,7.5,5.4,1.2,9.6
2018,154,1.6,10.8,5.1,7.8,3.6,1.2,10.1
2018,155,11.6,9.7,8,8.7,1.3,1.3,10.9
2018,156,9.2,13.9,4,8.9,6.7,2.2,10.1
2018,157,12.1,7,1.4,4.6,3.6,5.5,5.8
2018,158,0.5,14.1,4.7,9.2,3.3,4.2,8.9
2018,159,0,12.6,1.9,7.9,7.3,2,8.9
2018,160,0,15.4,3.3,12.5,1.9,7,7.3
2018,161,0,17.6,7.3,12.8,5.1,3.7,9.5
2018,162,4.8,10.2,6.9,8,1.1,1.5,9.8
2018,163,7.6,7.9,6.5,7.1,1.4,2.8,9.7
2018,164,9.2,10.9,7.6,9.1,2.7,5.1,10.1
2018,165,0,14,4.1,8.8,6.6,1.6,10.3
2018,166,0,12.2,2,5.8,6.1,1.4,8.6
2018,167,0.1,17.2,0.7,8.7,4.9,2.9,8.2
2018,168,0,9.7,1.2,5,3.9,1.1,8.5
2018,169,0.1,7.6,0.2,4.4,1.9,2.9,8.2
2018,170,0.8,9.3,5.2,7.4,4.1,4.1,8.9
2018,171,1.6,9.6,4.8,6.9,3.4,1.8,9.1
2018,172,0,11.2,-0.1,4.8,5.1,2.2,7.1
2018,173,0,9.4,-1.9,1.8,7.2,2.8,5.8
2018,174,0,10.5,-1.5,3,7,2.7,6.5
2018,175,0,15.8,5,11.5,5.8,7.1,6.8
2018,176,0,12.6,3.1,7.6,6.6,5.7,5.4
2018,177,0,8.2,2.5,5.7,5.4,4.5,5.3
2018,178,0,13.1,2.9,6.9,5.6,3.4,6.9
2018,179,0,14,3.9,7.4,5.8,3,7.2
2018,180,0,12.6,1.7,5.4,7.1,3.4,6.8
2018,181,0,12.9,-0.1,4.1,7.2,2.7,6.5
2018,182,0.1,17.2,2.7,12.4,4.8,4.5,8.4
2018,183,2.1,10.6,5.6,8.4,2.2,3.5,9.1
2018,184,0,11.2,0.8,5.2,7.3,2.8,7.5
2018,185,0.2,15,-1.7,4.6,7,2.5,6.5
2018,186,0,11,0.4,4.6,5.8,2.6,6.6
2018,187,0,15.5,8,12.4,3.8,3.7,7.3
2018,188,0.3,18.3,12.4,14.8,5.8,7.6,7.8
2018,189,3.1,15.7,7.6,12.5,2.4,8.2,8.6
2018,190,0.3,13.2,4.2,10.2,7.5,6.1,7.2
2018,191,0.5,13.1,2.4,6.3,3.4,3,6.8
2018,192,0,15.2,-0.9,7.2,8,3.9,5.8
2018,193,0.2,10.8,-0.8,5.2,7.3,2.4,5.7
2018,194,0,12.8,-2.6,6.8,8.4,5,5.3
2018,195,0,15.6,1.1,6.5,7.9,2.5,6.8
2018,196,0.9,8.3,0.7,5.3,2.3,2.2,8.3
2018,197,0.9,15.7,6,10,6.7,3,8.8
2018,198,0,15.9,3.8,11.1,8.4,4.5,6.8
2018,199,0,14.6,1.5,6.3,8.5,2.8,6.4
2018,200,0,15.3,-1.8,5.5,8.5,1.6,6.7
2018,201,0,15.5,-0.4,8.3,8.2,4,6.5
2018,202,3.7,17.4,10.2,12.9,6.3,8.1,7.3
2018,203,1,14.2,7.2,10.2,8.7,7.2,6.2
2018,204,1.1,9.6,2.2,6.2,4,3.6,6.9
2018,205,0.1,8.5,0.3,4.5,5.5,2.5,7.2
2018,206,0,9.7,-0.6,3.3,8.5,2.1,6.8
2018,207,0.2,13.4,-2.4,5.2,7.5,2.3,6.8
2018,208,0,14.4,2.5,8.7,5.3,4.1,6.3
2018,209,0,15.5,2.7,10.9,6.6,4.8,6
2018,210,1.3,16.5,4.7,8.6,6.1,3.6,7.6
2018,211,0,12,1.4,6,9.8,2.6,6.9
2018,212,0,17,3.7,11.5,7.9,4.3,7.2
2018,213,0,14.9,9.1,12.9,4.3,6.1,7.1
2018,214,0,13.4,3.1,10.6,2.8,2.8,7.3
2018,215,0,12.6,0.7,6.3,9.3,2.1,7.4
2018,216,0,13.1,1.4,5.8,9.5,1.4,7.8
2018,217,0.1,12.2,0.1,5.3,9.9,2.3,7.9
2018,218,0.5,12.6,4,7.4,6,1.1,9.5
2018,219,0.1,17.2,2.1,9.7,9.6,3.3,7.8
2018,220,1.6,14,4.6,9.2,3.8,1.8,8.5
2018,221,0,17.6,3.5,10,11,2.5,8
2018,222,0,13.2,1.7,7.8,3.4,2.7,8
2018,223,0,14.6,0.5,5.7,11.5,2.6,7.4
2018,224,0,20,0.2,9.7,11.9,3.6,5.3
2018,225,0,17.2,4.4,11.2,9.8,3.6,5.7
2018,226,0.1,10.5,4.1,7.6,4.3,2.5,8.1
2018,227,0,14.8,0.4,8.5,10.9,2.7,8
2018,228,0,18.3,0.7,12.4,8.4,5.5,6.7
2018,229,10.9,14.2,3.9,8.5,6.8,3,7.6
2018,230,0.8,10.9,0.1,5.8,8.3,3.1,7.2
2018,240,0.3,14.9,5.7,10.2,10,3.5,8.5
2018,241,1.4,11.6,4.6,8,3,1.4,9.5
2018,242,0,17.8,3.2,11.4,14.7,3.6,7.3
2018,243,0,8.4,0.9,6.1,4.3,4.7,7.9
2018,244,0,15,5.3,9.4,15.1,4,8
2018,245,0.8,12.2,4.6,8.5,4.9,1.9,8.8
2018,246,7.9,8.5,3.5,5.6,6.2,6.3,7.5
2018,247,3.9,9.9,5,6.7,6.4,3.2,8.2
2018,248,0.5,9.4,3,6,9.8,1.9,7.2
2018,249,0,9.5,2,4.7,8,2.2,7.3
2018,250,0,10.9,0.1,4.6,16.7,2.5,6.6
2018,251,0,11.6,-1.4,4,17.1,2.3,6.6
2018,252,0,10.3,-0.5,4.6,13.8,1.6,6.9
2018,253,0,9,-0.4,3.8,6.2,1.4,7.2
2018,254,0,14.9,3.4,7.8,13.6,2.3,8.1
2018,255,0,17.8,2.5,9.3,16.1,2.3,8.5
2018,256,0,18.5,13.4,16,10.2,8.6,6.3
2018,257,0,23.1,6.3,14.2,17.5,3.2,9.1
2018,258,0,21,4,12.2,18.3,2.2,8.6
2018,259,0,19.6,11.1,15.5,17.8,5.2,7.7
2018,260,0.5,15.9,3,11.4,7.8,2.9,9.1
2018,261,0,13.8,1.5,7.3,16.2,2.2,8
2018,262,0.1,17.3,1.5,8.6,19.4,2.4,8.2
2018,263,0,22,3.3,12.6,18.8,4.2,5.3
2018,264,0,14,3,9.4,10.7,3.4,8
2018,265,0,17.7,3,9.5,19.5,2.2,8.9
2018,266,0,17,3,9.8,17.5,2.4,9.5
2018,267,0.7,14.2,5.2,8.5,9.1,2.5,9.5
2018,268,0.1,12.4,4.2,7.9,15.1,5.1,6.8
2018,269,0,11.3,1.4,7.7,12,2.2,6.6
2018,270,0,14.4,1,7.9,15,1.5,6.6
2018,271,0,15.2,0.7,8.2,21,2.5,6.9
2018,272,0,18.4,5.6,12.7,21.3,7.6,6.2
2018,273,0,17.5,10.9,13.8,4.9,5.9,7.2
2018,274,0,19.5,8.4,13.4,18.1,3.1,9
2018,275,0,17.7,3.7,10.1,19.2,2,9.4
2018,276,0,18,3.9,11.1,21.4,3.9,7.8
2018,277,0,20.6,8.5,14.4,20.7,6.4,6.3
2018,278,0.9,14.4,7.2,9,7,2.7,9.5
2018,279,0,17.2,3.9,9.9,19.7,2.8,9.4
2018,280,0,17.3,4.8,10.9,18.2,2.2,8.5
2018,281,0,14.6,2.7,8.6,18.6,2.2,8.7
2018,282,0,18.8,2.6,10.9,23.3,4.2,7.1
2018,283,0,16.2,6.9,12.2,7.6,8.3,7.3
2018,284,0.2,12.2,6,8.5,6.8,1.8,9.9
2018,285,21.6,9.3,0.4,4.9,6.1,5.4,7.6
2018,286,1.1,13.1,0.4,6.5,21.8,3.7,6
2018,287,3.5,12.8,2.8,7.9,14.9,3.3,7.4
2018,288,0,13.7,0.3,7.1,19.2,2.5,8
2018,289,0,16.9,3.1,10.5,24.9,2,9.2
2018,290,0.3,21.1,3.8,13.8,13.2,3.5,8.7
2018,291,0,18.2,5.3,13.3,17,3.1,9.3
2018,292,0,24,5.1,15.5,25.3,4.8,9.2
2018,293,0,25.2,8.5,16.6,25.6,3.6,9
2018,294,0,23.5,8.4,16.1,25.2,2.3,10.3
2018,295,0,23.1,7,13.8,25.3,2,12.3
2018,296,0,23.9,4.4,14.1,26.1,1.6,11.7
2018,297,0.2,26.1,4.6,15.5,26.1,4,11.5
2018,298,17.4,17.5,6,11.6,5.7,5.2,10
2018,299,0,13.6,3.1,8.5,14.1,1.9,9.2
2018,300,0,16.7,3.7,10.3,24.4,1.8,9.2
2018,301,0,18.1,5.4,11,22.9,2.3,9.9
2018,302,6.9,12.7,9.2,10.4,6.8,1.8,11.6
2018,303,15.7,9.8,6.1,8.4,8.6,4.1,9.7
2018,304,0,19,3.3,11,21.8,4.1,7.4
2018,305,4.8,13.9,4.3,8.7,20.1,4,7.7
2018,306,0,18.7,2.1,11,24.3,5.2,7.5
2018,307,0.4,26.2,10.4,17.7,13.6,7.5,9.9
2018,308,0,18.9,6.8,13.2,26.4,5.9,6.8
2018,309,0,23.7,4.5,15.5,28.6,4,8.3
2018,310,0,22.5,5,14.4,28.6,2.6,10.5
2018,311,0,22.1,13.4,18.7,17,6.6,9.9
2018,312,6.1,27.9,9.4,19.1,16.4,6.2,13.5
2018,313,47.7,9.9,4.5,7.4,6.4,2.3,9.5
2018,314,0,14.5,2.5,8.8,17.5,1.8,9
2018,315,0,18.6,3.9,11.5,29.6,2.1,10.6
2018,316,0.1,20.1,5.4,12.4,24.2,1.8,11
2018,317,0,19.2,6.4,12.3,26.1,2.5,10.9
2018,318,0,20,5.1,13,30.1,2,12.3
2018,319,0.1,26.5,5.3,17.9,30.1,5.9,8.7
2018,320,0,25,11.5,16.8,25,6,10.1
2018,321,0,18.2,10.8,13.7,21.3,2.2,13.2
2018,322,1.6,22.4,3.5,13.6,27.8,4.5,8.9
2018,323,7.3,14.2,2.5,6.8,22.6,3.3,7.1
2018,324,2.7,12.7,0.7,6.2,10.4,2.6,7.7
2018,325,2.5,17.4,2.1,9.1,21.4,2.8,9.1
2018,326,0,17.7,5,11.3,27,2.5,10.5
2018,327,0,17.4,6.8,12.3,13.5,2.8,12
2018,328,1.3,18.5,10.7,13.6,10.3,1.3,14.1
2018,329,18.9,15.8,11.4,13.3,5.5,3.6,14.4
2018,330,7.3,12.4,10.4,11.3,5.1,3.2,12.6
2018,340,0.6,15.8,8.7,11.1,14.1,3.2,9.6
2018,341,0,19.6,5.6,13.6,30.1,2.3,11.2
2018,342,0,24,10.1,17,24.3,2.7,13.9
2018,343,0,27.4,12.6,19.1,25.2,1.9,14.9
2018,344,0.3,17.6,10.5,13.1,7.1,3.1,12.5
2018,345,5.3,14.3,9.6,12.3,5.9,1.8,13.1
2018,346,3.7,15.6,12.1,13.3,9.4,1.6,14.6
2018,347,2,17.2,11.8,14.1,9.5,1.9,14.7
2018,348,0.1,20,12.6,15.5,15.5,2,15.3
2018,349,0.1,23,11.3,16,23.1,1.9,15.6
2018,350,0.6,17.5,12.3,15,8.9,1.7,14.9
2018,351,0,28.4,7.7,18.7,32.6,3.8,12.9
2018,352,0,22,15.7,19.9,5.7,5.8,10.7
2018,353,38.1,16.1,8.6,12.4,5.9,2.2,13.4
2018,354,12.8,12.4,7.8,10,9.1,1.9,11.2
2018,355,10.4,17.7,6.3,11.7,17.6,1.6,11.8
2018,356,4.6,20.6,7.6,13.3,24.5,2.1,12.9
2018,357,1.2,15.6,6.1,10.9,12.3,2.3,10.5
2018,358,0,21.4,5.1,13.9,33.6,3.2,12.5
2018,359,0.1,21.2,11.5,16.2,17.7,2,16.1
2018,360,0,15.8,11,13.7,8.2,2.7,12.8
2018,361,0,19.3,6.1,13.7,25.8,2,12.1
2018,362,0,22.1,8.7,15.1,26.8,3.3,13.7
2018,363,0,27.7,10.6,19.6,25.6,4.1,11.8
2018,364,0,25,17.7,22.3,7.9,6.4,13.5
2018,365,0,23.1,13.6,17,25.7,1.9,16.3
2019,1,0.2,23.9,14,18,27.8,2,17.5
2019,2,0,28.8,14.1,23.9,31.7,6.6,14.2
2019,3,0,27.1,13.4,20.2,23.5,4.6,12.9
2019,4,0,23.2,9.4,16.1,29.1,2.5,13.5
2019,5,0,30.7,9.6,21,32.4,4.5,12
2019,6,1.6,28.7,12.9,20.8,22.2,7,14.6
2019,7,1.9,22.4,10.6,16,26.6,3.4,14.7
2019,8,1.3,23.3,9.4,15.2,22,2.6,13.8
2019,9,0,27.8,13.2,19.8,25.1,4.6,13.6
2019,10,0,29.5,14.9,23.6,25.2,5.2,12.8
2019,11,3.4,22,10.6,15.3,16.8,2.6,13.5
2019,12,2.5,17.3,10.7,13.5,12.7,2.5,13.8
2019,13,0,24.4,11.1,18.1,16.1,4.6,10.9
2019,14,2.7,16.8,10.2,12.2,11,5.3,11.5
2019,15,0,18.6,10.8,13.2,14.8,2.3,12.1
2019,16,0,24,7.4,14.9,31.7,2.6,12.7
2019,17,0,24.2,8.6,16.5,27.8,1.8,15.3
2019,18,0,22.2,14.3,17.5,15.8,2,16
2019,19,0,27.6,11.7,20.4,17.8,5.1,14.3
2019,20,0,23.4,15.7,19.3,31.5,7.6,7.4
2019,21,1.9,24.8,12.2,19.7,26.5,5.5,10
2019,22,0,28,7.4,19.3,31,6,10.8
2019,23,0.8,29.6,9.3,22.4,26.8,6.9,12.8
2019,24,0,18.8,8,13,24.7,3.1,9.2
2019,25,0,21.6,6.8,13.8,22.2,2.2,11.5
2019,26,0,28,9.2,18.5,17.4,3.8,12.1
2019,27,0,31.6,13.4,22.1,29.2,4.5,15
2019,28,0,29.3,14.1,23.8,23.8,4.4,17.2
2019,29,0,25.4,13.8,18,20.6,1.9,17.6
2019,30,0,32.6,14.4,22.3,25.1,1.8,16
2019,31,0,30.4,13.4,22.1,27.2,2.9,15.2
2019,32,3.3,29.1,10.4,20.6,10.5,5.8,12.1
2019,33,0,21.6,6.1,13.8,27.1,2.7,10.4
2019,34,0,25.8,7.6,16,28.7,2.4,11.9
2019,35,0,31.7,9,23.4,30.1,8.3,8
2019,36,0,30.1,14.1,22.4,26.6,8.6,9.9
2019,37,0.9,14.9,9.7,12,10.4,3,10.1
2019,38,0,18.1,6.9,12,16.8,2.6,9.1
2019,39,0,26.8,5.5,16.7,28.6,3.9,10.3
2019,40,0,30.1,18.4,23.8,28.3,7.4,11.3
2019,41,0,30.5,16.6,23.7,28.7,6.7,10
2019,42,0,29,12.3,21,28,3.1,11
2019,43,0,30.4,14.8,23.2,26.4,3.9,12.3
2019,44,0,24.4,11.3,17.5,27.1,2.6,14.8
2019,45,0.9,31.1,9.9,20.9,22.5,4.5,12
2019,46,3.8,22.8,11.3,16.6,26.2,2.6,13.6
2019,47,0.2,15.2,9.5,12.4,8.5,3.4,10.4
2019,48,0,22.9,6.8,14.8,26.2,2.4,11.4
2019,49,0,27.5,8.2,17.6,25.8,2.6,10.7
2019,50,0,28.2,11.1,22,19.2,5.5,11.5
2019,51,0,28.2,15.4,20.4,15.9,5.7,13.4
2019,52,0,29.2,10.7,20.4,22.7,4.7,13.1
2019,53,0,27.4,8,19.5,18.3,5.2,12.1
2019,54,0.4,19.8,7.5,12.7,15.3,3.4,11
2019,55,8.8,14.2,8.2,10.7,9.5,4.6,10.5
2019,56,0.9,16.4,6.3,10.2,17.3,3.7,9.5
2019,57,0,27.6,6.5,15.6,23,2.7,9.7
2019,58,0.7,23.7,7.9,16.9,14.8,6.4,9.2
2019,59,0,17,5.3,10.9,23.1,3.4,7.4
2019,60,0,20.8,4.6,12.4,24.5,3,7.9
2019,61,0,22.5,4.7,13.1,24,2.5,10.6
2019,62,0,24.6,8.7,15.2,23.4,2.1,12.6
2019,63,0,29.4,7.8,17.8,24.6,4.1,9.2
2019,64,0,32.4,15,22.3,23.3,3.6,9.1
2019,65,0,28.9,13,20.7,22.8,3.3,13
2019,75,1,22.5,12.6,16.5,10.7,2.3,15.1
2019,76,0,16.8,12.1,14.1,6.1,2.1,14.2
2019,77,0,20.7,11.7,14.7,14.9,2.2,14.3
2019,78,0,22.2,13.7,16.1,11.9,1.5,14.4
2019,79,0,22.4,11.2,16.4,16,1.5,14.7
2019,80,0.1,22.4,6.4,14.2,18.5,2.7,13.2
2019,81,0,23,10.9,16.2,17.8,2.6,14.5
2019,82,0,20.9,11.8,14.8,12.1,1.6,14.9
2019,83,0,23,12.2,17.2,18.6,2.6,14.7
2019,84,0,25.6,19.9,22.2,8.8,8.1,12.5
2019,85,0,25,20.5,22.9,3.3,6.1,13.8
2019,86,0.7,25.4,11.3,19.5,14.1,4.6,13.2
2019,87,0.5,15.4,8.4,12.1,6.4,2.1,11.7
2019,88,0,19.6,6.2,12.3,15.4,3.2,10.9
2019,89,0,22.9,5.3,13.1,17.5,2,12.3
2019,90,0,27.2,9,17.9,17.7,3.6,11.5
2019,91,4.2,24,14,19.7,17.8,6.6,10.2
2019,92,4,15.5,5,8.7,6.1,1.9,8.8
2019,93,0.1,16.4,4.8,9.7,13.1,2.4,8.9
2019,94,0.1,19.2,3.2,10,17,2.4,8.9
2019,95,1.8,11.6,5.7,7.8,4.8,5.7,8.6
2019,96,0.5,11.3,4.5,7.6,10,4.4,7.7
2019,97,3.8,10.5,7.6,9,3.9,4,9.5
2019,98,0.5,18.3,5.4,10.9,14.7,2.3,10.9
2019,99,0.2,20.9,3,10.9,15.3,1.8,10.1
2019,100,0,24.8,10.3,19.4,11.6,5.5,11.4
2019,101,6.3,13.2,9.4,11.2,3,2.7,12
2019,102,2.9,11.3,4.9,8.9,6.2,3.3,9.5
2019,103,0,15.5,3.7,9.2,14,2.6,8.4
2019,104,0.3,15.9,2.4,8.1,7.6,3.5,9
2019,105,0,14.9,4.9,9.5,10,2.7,9.3
2019,106,0,15.5,4.6,9.5,8.6,2.2,9.7
2019,107,0.1,16.5,2.3,8.3,14.5,2.3,9.2
2019,108,0,16,3.9,8.4,12.9,2.1,9.7
2019,109,0,16.5,2.7,8.9,13.2,1.5,9.8
2019,110,0,20.3,5.4,16.2,5.2,6.3,9
2019,111,1,12.2,7.1,10.6,1.9,2.6,11.4
2019,112,0,13.5,10.1,11.4,3.4,2.7,11.7
2019,113,0.5,18.5,8.1,12,11.7,2.3,12.3
2019,114,0.1,16.4,4.1,10.3,9.7,2,10.8
2019,115,0,19.3,5.3,13.3,11.8,2.8,11.4
2019,116,0,19.1,11,16.1,11.7,4.7,9.8
2019,117,0.5,23.9,10,18.2,9.7,5.6,11
2019,118,0,16.7,7.7,12.9,8.1,4.8,7.6
2019,119,28.6,13.2,6.4,9.4,4.7,6,9.3
2019,120,0,14,2.1,7.2,12.1,3.7,6.4
2019,121,0,17.2,2.5,8.1,11.8,3,7.4
2019,122,0,22.5,2,10.1,9.3,2.4,9.1
2019,123,0,18.1,6.4,11,11.3,2,10.9
2019,124,0.2,23.5,2.5,14.2,10.7,5.2,8.7
2019,125,0,18.5,5.9,14.2,7.9,2.7,10.4
2019,126,0.2,16.6,4.2,9.7,7.6,1.8,11
2019,127,0,14.4,6.7,11.5,5,1.5,11.5
2019,128,0.1,19.6,3.7,11.7,8.1,2,11
2019,129,6.8,21.2,12,17,4.5,2.6,12.3
2019,130,0.1,22.2,9.3,14.3,8.5,2.4,11.9
2019,131,0,17.9,5.8,11,7.9,2.5,10.6
2019,132,0.1,17.6,11.4,15.6,1.8,3.8,10.9
2019,133,5.4,15,3.3,9.4,10,4.2,8.2
2019,134,0.3,16.2,-0.2,10.4,6.6,5.1,7.5
2019,135,0,18.2,6.3,13.9,7.1,4.8,7.4
2019,136,3.5,18.6,4.3,10,6,6,6.9
2019,137,0,11.9,-0.2,4.9,9.5,2.9,5.6
2019,138,0,18.6,-0.5,12.3,4.6,4.8,7.3
2019,139,0,16.6,2.9,10.4,6.5,3.7,7.5
2019,140,0,16.4,2.7,8.3,9.1,2.6,7.6
2019,141,0.2,16.2,0.8,7,9,2.4,8.6
2019,142,0,18.2,0,8.6,7.4,1.6,8.8
2019,143,0,16,2.9,8.2,8.7,2.4,8.6
2019,144,0.1,18.3,1.3,6.5,8.9,2.1,7.9
2019,145,0,18,1.2,10.9,8.7,5.3,7.7
2019,146,0,19.7,13.6,16.4,7.6,8,8.6
2019,147,0,18.3,13.4,16.4,2.5,5.9,9.4
2019,148,2.5,19.7,9.7,14.5,4.8,3.2,10.1
2019,149,0.8,19.1,5.2,13.9,8.5,5.3,9
2019,150,12.3,20.1,9.7,14.7,4.2,9.1,10
2019,151,13.1,14.1,6.3,9.7,7.1,3.5,8.3
2019,152,44.8,6.9,2.8,4.6,1.2,8.3,7.3
2019,153,4.1,8,2.4,5.2,5,6,6
2019,154,0,14.2,-0.1,7.3,8,4,5.8
2019,155,2.7,12.5,3.2,7.2,2,3,7.8
2019,156,0,7.3,0.1,3,3.8,3.3,6.2
2019,157,0,14.7,-3,6.4,5.7,5,5.8
2019,158,0,12.9,3.5,8.5,6.8,3.8,6.1
2019,159,0.6,13.7,3.8,9.6,1.7,5,6.9
2019,160,0,16.3,0.3,8.8,6,5.5,5.7
2019,161,0,15.7,6.4,11.7,6.6,2.5,8.4
2019,162,0,15.6,2.8,10.6,3,3.5,8.5
2019,163,0,14.7,7.8,11.6,3.8,2.1,10
2019,164,0,13.1,5.9,8.7,2.9,1.4,10.1
2019,165,0,16.9,5,9.8,6.5,2,10.4
2019,175,0,12.4,1.2,6.1,6.6,3.2,7.1
2019,176,0,14,0.6,5.3,7.3,2.8,6.9
2019,177,0,11.2,-0.5,4.2,7.5,3,6.9
2019,178,0,13.2,0.3,4.4,7.6,3.4,6.1
2019,179,0,12.2,-1.9,3.2,7.7,3.2,5.5
2019,180,0,17.5,-1.3,8,7.1,3.6,5.2
2019,181,0,15.3,0,7,7.2,3.2,5.6
2019,182,0,15.4,-0.1,11.2,2.8,5.2,6.3
2019,183,0,18.4,5,12.7,4.9,2.5,8.6
2019,184,0,21.3,14.8,17.5,5,5.8,9.1
2019,185,0.4,15.3,4.5,9.1,4.4,3,7.4
2019,186,0.2,8.8,4.5,6.5,3.7,6.3,6.9
2019,187,0.3,11.5,2.8,7.9,3.9,4.9,7.5
2019,188,0,15.6,1.9,9.1,8.1,6.1,5.5
2019,189,0,12.4,0.8,6.7,6.2,2.5,7.7
2019,190,0,16.4,2.3,10.1,7.9,4.2,6
2019,191,0,17,2.3,10.5,4.6,3.5,7.1
2019,192,0,17.3,4.4,11.8,6.7,4.5,7.5
2019,193,0,16.4,3.9,11.5,3.5,4.2,7.2
2019,194,0,17.5,10.2,14.4,6.8,6.7,7.6
2019,195,5.6,17.1,5.3,12.4,3.4,5.2,8.4
2019,196,0,12.2,1.4,6.8,6.3,3,6.5
2019,197,0,15.1,4.4,10,6.6,4.4,7.1
2019,198,1.8,10.4,1.2,4.6,4.4,2.7,7.3
2019,199,0,14.6,0.2,8.4,8.3,4.5,6.4
2019,200,9.8,11.6,4.9,8.2,1.6,3,9
2019,201,14,10,7.6,8.7,2.9,4.8,9.7
2019,202,27.7,10.5,8.1,9.5,1.7,3.9,11.7
2019,203,0.8,12.8,4.2,7.7,7.7,1.6,10.1
2019,204,1.6,11.2,4.9,8.6,3.6,1.8,10.7
2019,205,0.9,12.4,3.2,7.9,4.7,1.2,10.3
2019,206,0.1,13.9,2.3,6.6,9.1,2,8.8
2019,207,0.1,13.9,-0.2,5.2,9.4,1.7,7.9
2019,208,0.1,17.8,0.4,9.4,9.1,2.6,7.5
2019,209,0,17.8,4.5,10.9,6.7,3,8.2
2019,210,0,18,4.7,11.1,10,2.2,7.6
2019,211,0,16.7,7,11.3,5.5,4,7.9
2019,212,14,8.4,2.9,6.1,4.6,4.5,7.7
2019,213,3.5,11.6,1.6,6,7.3,4.7,5.9
2019,214,2.3,13.2,1.7,8.5,7.1,5.2,6
2019,215,0.4,14.5,3.2,10.1,10.2,4.2,6
2019,216,0,12.6,-1.5,5.9,6.6,3.5,5.2
2019,217,0,12.3,-2.3,3.9,10.5,3.8,3.8
2019,218,0,15.1,3.3,8.4,10.8,4.2,5.3
2019,219,0,15.3,4.3,9.3,6.5,4.6,6.2
2019,220,0,16,4.2,11,9.9,6.4,6.4
2019,221,0.5,16.2,6.9,11.1,9.9,3,7.9
2019,222,19.3,9.1,4.8,7,2,2.2,9.7
2019,223,0.2,11.4,1.7,6.2,7.2,2.5,8.4
2019,224,0,10.7,0.4,5.1,8.3,1.8,7.8
2019,225,0,15.6,-0.3,7.6,11.2,3.7,6.5
2019,226,0,9.7,2.7,6.7,4.9,2.6,7.1
2019,227,0,13.5,0,5.4,12,3.1,6.7
2019,228,0,16.2,-0.3,10,6.3,5.5,6.7
2019,229,10.6,13.5,3.7,6.2,3.2,3.8,7.6
2019,230,0,9.9,-0.9,4.2,8,2.2,6.4
2019,231,0,16.5,-2.1,7.4,13.6,2.9,5
2019,232,0,16,8.4,12,6.4,4.5,6.4
2019,233,0,13.8,4.3,9.8,11.6,3.1,8.2
2019,234,0,16.1,4.6,10.7,9.8,4.9,6.6
2019,235,0,15,6.8,10.6,9,4.4,7.4
2019,236,0,14.8,2.4,8.3,13.6,2.2,8.5
2019,237,0,19.3,7.1,13.8,10,6.3,6.5
2019,238,11.5,14.6,4.8,10.1,6.3,4.5,8.3
2019,239,0.6,13.9,1.9,7.3,14.1,2.7,7.7
2019,240,0,17.6,5.4,11.5,14,5.8,6.6
2019,241,0,16.8,6.3,12.2,8.8,5.2,7.3
2019,242,0.1,16.2,0.8,8.1,15.2,2.4,6.7
2019,243,0,18.6,3.8,10.1,13.5,3.2,6.6
2019,244,0,24.2,6.5,15.3,15.5,5,6.9
2019,245,0,17,1.7,8.4,15.5,2.8,7.6
2019,246,0,14.2,0,6.9,13,2.3,8.6
2019,247,4.6,11.2,5.1,8.9,2.5,1.8,11.3
2019,248,1,11.5,7.6,9.2,4.6,3.3,10.4
2019,249,1.7,8.8,5.4,7.4,4.8,6.1,8.8
2019,250,0,11.6,1.6,6.6,14.6,3.8,6.5
2019,251,4.9,7.3,-1.2,3.3,3.6,2,7.2
2019,252,0,7.2,1.1,4.1,9,2,6.8
2019,253,0,12.6,-1.2,5.6,17.7,2.5,6.9
2019,254,0,12.7,0,5.9,13.5,3.1,6.3
2019,255,0,19.8,1.5,12.9,15.6,8,6.1
2019,256,4.3,16.4,5.9,11.3,6.6,4.6,8.9
2019,257,9.7,8.1,4.7,6.6,3.6,1.4,9.3
2019,258,0.8,14.9,4.9,9.1,14.3,2.8,8.8
2019,259,0.3,19.5,10.3,15.2,15.7,8,8.1
2019,260,0,16.2,3.9,11.6,18.4,6.4,6.7
2019,261,0,16.2,-1,7.3,18.7,2,6.5
2019,262,0,16.9,2.2,8.1,19.1,2.9,7.5
2019,263,0,14.7,1.7,8.3,9.6,2.5,8.2
2019,264,0,17.6,2.7,8.6,19,2.6,9
2019,265,0.1,15.7,0.9,7.6,15.9,1.9,9.2
2019,275,7.8,14.4,1.3,7.5,7.9,4,7.1
2019,276,0,12.2,2.6,7.1,16.4,3.4,6.2
2019,277,0,19.5,2.2,10.8,21.2,5.8,7.2
2019,278,3.4,16.2,3.3,9.4,7,5,7.9
2019,279,0,15.4,2.1,7.9,22.8,2.9,7.4
2019,280,0,19.1,2.9,12.9,22.4,6.4,7
2019,281,0,22,13.7,17.4,16.2,8.6,8.4
2019,282,0,23.8,14.1,18.6,15.3,5.2,10.5
2019,283,4.1,21.9,10.2,16.1,11.9,2.6,10.6
2019,284,3.5,15.2,8.6,11.1,9.4,1.5,12.4
2019,285,0,13.8,6.4,9.5,13.7,3.1,10.1
2019,286,0,14.8,1.9,8.9,16.9,1.8,9.2
2019,287,0.1,13.2,4.5,9.3,10.5,1.8,10.3
2019,288,8.3,14.6,8,9.8,9.3,2.2,11.2
2019,289,6.1,13.9,6.5,9.9,12.3,1.9,11.3
2019,290,0.7,17.8,4,10.5,19.2,2.3,11.1
2019,291,9.7,10.2,7,9,4.4,1.7,11.3
2019,292,0.5,18.2,6.3,11.8,23,1.9,11.3
2019,293,0,20.5,5.5,14,23.9,5,8.6
2019,294,0,19.2,6.4,12.8,14.8,5,8.5
2019,295,4.1,16.7,5,10,17.5,4,8
2019,296,10.3,13.5,2.4,7.1,19.3,5,6.9
2019,297,9.6,18.1,4,9.3,10,3.8,7.8
2019,298,0,13.9,1.9,8,18.6,2.9,8.2
2019,299,0,23.1,4,14.8,26.7,2.7,11.3
2019,300,0,23.1,14,19.1,20.5,7.9,8.4
2019,301,0,20,8.7,15.7,27.5,5.9,7.7
2019,302,6.1,17.7,4.7,11,15.9,3.8,7.5
2019,303,0.6,20.4,3.7,11,23.2,4.7,8.5
2019,304,0,18.5,2.3,11.3,22.6,3.6,8
2019,305,0,15.9,4.2,10.4,26.1,2.4,9.5
2019,306,0,29.6,5.2,17.2,25.9,1.8,12.7
2019,307,0,32.1,14.7,23.6,27.4,3.2,12.3
2019,308,0,30.1,17.3,22.8,27.9,4.7,8.1
2019,309,0,21.9,15.8,18.9,9.8,7,9.7
2019,310,0,18.9,11.1,14.5,12.5,2.4,13
2019,311,0,25,9.8,19.2,23.2,4.6,12.2
2019,312,0,26.5,17.5,22.5,26.5,8.2,10.5
2019,313,0,26.1,16.7,22,16.2,5,11.6
2019,314,14.7,22.3,9.1,16.4,9.6,4.3,12.6
2019,315,8.1,13.3,7.1,9.5,11.1,3.7,9.7
2019,316,0.1,16.7,5.1,10.9,24.9,1.8,10
2019,317,0,20.7,4,14.3,16.5,4,8.6
2019,318,1.8,19.8,10.1,14.4,21.7,3.4,10.6
2019,319,0.4,20.4,6.4,14.4,28.2,5,9
2019,320,0,21.1,12.9,18.1,26.8,8.4,9.7
2019,321,0,21.9,7.4,15.7,30.8,4.7,7.7
2019,322,0,18.4,5.3,13.8,27.3,5.9,6.6
2019,323,0,18.9,10.3,14.1,21.7,8.4,7.2
2019,324,12.3,18.2,3.6,11.1,23.4,3.6,9.4
2019,325,0,21.6,5.1,13.6,28.6,5.2,7.8
2019,326,0,29.7,13.1,21.7,20.7,5.5,7.8
2019,327,0,22.4,9.5,16.6,17.5,3.5,12.2
2019,328,0,29.4,10.1,17.7,12.8,4.3,12.4
2019,329,0,20.1,4.6,13,31.4,3.3,9.4
2019,330,0,29.5,5.2,18.1,23.8,4.4,7.9
2019,331,0,27.9,17.8,21.8,19.9,7.1,9.7
2019,332,0,30.3,18.1,24,30.7,6.3,9.9
2019,333,0,19.8,10.8,15.9,12.5,3.6,11.9
2019,334,0,25.3,9.8,17.6,27.8,2.7,14.2
2019,335,0,25.7,17.4,21.7,12.9,6,10.8
2019,336,0.1,24.9,19.6,21.5,13.7,5.4,13.4
2019,337,1.3,22.3,15.3,19.7,21.8,7,12.3
2019,338,0,23.5,12.2,18.4,27.7,9.6,8.9
2019,339,0,20.8,12.3,17.2,23.7,6.7,8.1
2019,340,0,24.8,15.4,19.9,28.2,8.1,9
2019,341,0.6,23.8,14.7,20.2,19.8,6.4,9.7
2019,342,0,21.8,10,18.1,24.7,7.5,8.1
2019,343,0,20,4.3,12.7,32.2,2.9,7.8
2019,344,0,22,5.3,14.1,30.7,2.8,10.1
2019,345,0,24,7.9,16.4,27.1,2.2,11.5
2019,346,0,23.7,7.5,15.2,28.8,3,12.2
2019,347,0,26.6,8.3,18.2,21.9,5.1,10.5
2019,348,0,23.2,11.3,17.6,30,5.8,7.2
2019,349,0,23.4,12.4,17.9,24.6,6,9.1
2019,350,0.9,16,10.9,13.4,8.6,2.3,12.9
2019,351,9.9,17.6,8.6,12.9,12.8,4.2,13.2
2019,352,7.8,19.7,5.7,12,24.9,5.7,9
2019,353,0.1,21,6.3,15.1,19.8,7.1,8.3
2019,354,3.4,20.5,9.5,14.5,17.2,6.5,9.1
2019,355,0.1,17.6,8.8,12.7,28.7,3.2,10.1
2019,356,0,27.7,7.5,17,25.8,2.4,11.9
2019,357,0,16.5,10,13.6,11.5,3.8,9.5
2019,358,0,20,5.8,13.2,29.2,3.5,9.9
2019,359,1.4,16.5,9.2,12.7,11,2.1,11.9
2019,360,0,22.3,7.5,14.9,22,2.3,12.3
2019,361,0,22.8,11.3,18,23.7,7.1,8.8
2019,362,0,21.2,5.8,13.8,27.8,3,9
2019,363,0,25.7,5.4,17,31.8,4.4,9.1
2019,364,0,20.7,13,16.2,9.1,3.1,13.1
2019,365,0,23.9,12.7,17.4,27.7,2.4,13.9
2020,10,0,20.5,9.2,15.1,23.5,2,12.3
2020,11,0,27.3,8.8,18.8,19.8,6.8,8.1
2020,12,0,29,15.5,23.6,30.3,7.8,13.4
2020,13,1.3,17,9.8,13.4,9.9,3.1,10.9
2020,14,0,19.6,6.3,13.9,32.1,2.3,9.8
2020,15,0,19.6,5.3,12.1,30,2.7,9.9
2020,16,0,21.3,5.1,13.2,31.6,3.1,10.2
2020,17,0,23.4,5.6,14.5,31.7,2.7,11
2020,18,0,23.1,5.5,14,31.6,2.8,10.9
2020,19,0,21.5,6.5,13.9,30.3,2.7,12.5
2020,20,0.1,22.4,7.1,15.3,30.2,2.8,14.2
2020,21,0,25.8,12.6,17.9,26.4,2.8,15.3
2020,22,0,25.2,11.3,18.1,26.8,1.9,15.8
2020,23,0,31.7,13.2,20.9,28.5,3.3,15.1
2020,24,0,25.7,12.5,19.4,29.3,2.8,16
2020,25,0,34.3,10,21.6,18,3,14.1
2020,26,0,24.4,11.8,18.5,28.6,2.3,16.2
2020,27,0,31.5,14,24.1,25,5.4,15.2
2020,28,0,28.2,11.1,18.9,26.5,2.2,16
2020,29,0,29,13.9,22,15.6,5.3,13.8
2020,30,0,27.8,13.5,19.4,27.1,5.7,12.3
2020,31,0,27.7,11.3,20.2,27.4,5.1,11.5
2020,32,0,27.3,9.7,17.9,17,4.6,12.7
2020,33,0,33.3,21.8,26.8,24.1,7.2,13.8
2020,34,0,29.5,24.1,26.1,9.8,10.6,13.6
2020,35,4,32.2,12.1,25,21.4,6.6,15.5
2020,36,0.3,18.2,7.5,12.8,17,3.5,10.8
2020,37,5.5,26.3,7.3,14.9,15.8,2.7,11.2
2020,38,2.6,23.4,9.8,15.4,27.8,2.3,12.8
2020,39,4.4,20.8,9,12.5,12.9,2.9,10.6
2020,40,0,22.3,5.6,14.3,28.3,2.9,9.5
2020,41,0,23.5,7.9,15,27.5,2.2,12.6
2020,42,0,24.6,10.9,16.5,27.8,3,13.1
2020,43,0,26.1,11.7,17.4,24.8,2.2,14.8
2020,44,0.3,27.5,13.4,18,19.4,2.3,15.2
2020,45,6.5,14.7,11.9,13.2,5.5,2.2,14.8
2020,46,0,26.2,12.3,17.7,18.8,1.9,15.9
2020,47,1,28.8,15.2,23.8,11.1,5.4,13.4
2020,48,0,32,22,26.9,16,5.3,17
2020,49,0,27.4,13.8,22.6,15.1,3.6,16.3
2020,50,0,27.4,11.5,20.3,23.9,3.4,14.6
2020,51,0,21.6,9.1,14.9,14,1.8,14.1
2020,52,0,30.1,11.2,22.9,14.3,5.1,13.7
2020,53,15.7,22.3,10,13.8,10.2,3,12.6
2020,54,0,21,7,13.7,25.3,2.5,10.3
2020,55,0,26.8,6.7,16.5,25.1,2.7,10.9
2020,56,0,22.3,8.6,15.1,13.8,2.1,14.1
2020,57,0,27,10.2,17.4,20.3,1.9,15.7
2020,58,0,23.9,13.2,21.7,8.9,7.6,10.8
2020,59,0,28.8,18.8,23.9,18.1,6.6,14
2020,60,0,24,7.8,16.1,14.2,4.3,10.8
2020,61,0,25.8,5.6,15.2,22.7,2.7,10.6
2020,62,0,28.9,10.2,19.2,12.5,3.4,12
2020,63,0.7,29.8,16,24.7,15.2,5.8,14.9
2020,64,0.8,16.6,9.6,12.4,9.6,4.2,10.4
2020,65,0,19,4.5,11.4,23.3,3,8.5
2020,66,0,22.3,4.9,13.1,22.6,3.5,10
2020,67,0,29.4,8.8,19.7,21.3,5,9.5
2020,68,0,25.2,9.6,17.7,14.2,2.2,10.7
2020,69,0,27.7,13.1,21.4,16.1,5.9,11.4
2020,70,1,20.5,10.4,15.2,7.9,4.7,12.5
2020,71,1.5,13,9.2,11.1,11.7,3.7,11.4
2020,72,0,20,7.1,12.8,19.2,1.9,10.1
2020,73,0.1,20.9,4.6,11.7,21.5,2.6,10.7
2020,74,0.1,21,5,13.3,21.1,2.1,12.7
2020,75,0,25.8,12.9,17.7,15.2,2.7,13.4
2020,76,0.5,23,9.2,17.4,13.9,4.4,10.5
2020,77,0.4,13.6,5.7,10,9.9,3.4,8.8
2020,78,0,19.6,2.2,10.3,20.2,2.9,8.7
2020,79,0,24.3,6.3,17.7,20.2,6,8.7
2020,80,6.4,19.8,9.1,12.7,3.9,3.1,11.5
2020,81,0,21.1,6.9,12.7,9.2,2.7,11.8
2020,82,0,26,12.7,19.1,19.5,5.8,11.3
2020,83,0.5,22.3,4.3,13.5,10.9,3.7,10.3
2020,84,0.3,15.6,3.7,9.5,9.5,3.7,6
2020,85,0,24.3,3.2,12.4,18.4,2.8,8.9
2020,86,0,22.3,5.5,14.7,16.1,3.8,8.3
2020,87,4.8,16.1,8.7,11.4,6.1,4.4,11.3
2020,88,0.6,13,7.8,10.2,6.8,2.9,9.8
2020,89,15.7,12.4,7.8,9.9,6.6,4.7,10.5
2020,90,26.8,14.1,9,11.7,3.8,1.4,13.6
2020,91,1.2,19.5,9.2,14,13,1.5,14.4
2020,92,0,20,7.8,12.4,16.6,1.6,13
2020,93,0,19.4,9.2,12.7,13.8,1.7,12.9
2020,94,0,18.2,7.6,11.6,14.3,2,12.4
2020,95,0,19.6,9.7,13.3,13,3.2,12.3
2020,96,0,25.1,8.2,17.2,16.5,4.2,11.1
2020,97,0,23.2,11.6,18.5,10.9,5.4,10.8
2020,98,0,24.9,11.8,19.2,13.5,6,12
2020,99,0,19,7.8,12.7,15.4,2.5,10.9
2020,100,0,17.4,7.6,12.1,11.9,2.5,9.1
2020,110,1.6,17,7.5,13.1,14.1,5.5,7.7
2020,111,2,18.6,6.4,12.2,7.9,3.5,7.5
2020,112,0,18.3,4.6,10.1,12.8,2.8,7.5
2020,113,0.2,18.8,5.7,11.2,10.7,1.5,10.7
2020,114,0,19.1,4.6,13.8,4.2,4.6,8.7
2020,115,0,22,6.7,13.5,12.6,2.9,8.6
2020,116,0,22.1,6.1,15.9,10.5,5.3,9
2020,117,0,19.6,4.3,11.3,11.1,2.5,9.4
2020,118,0,25.2,8.7,17.5,7.7,7.3,10
2020,119,0,19,4.1,11,12.3,2.3,8.1
2020,120,0,19.4,3,9.6,11.8,2.4,8.5
2020,121,0,23.5,6.1,17.5,12.2,7.2,4.8
2020,122,0,23.6,9.2,16.3,9.5,4.4,6.5
